REPORTGROUP;CODIGO;DESCRICAO;CORX;QUANTIDADE;PRECO;CUSTOAQUISICAO;REFERENCIA;ULTIMACOMPRA;MARKUP;
0;"006032";"1357 MOCHILA";"DIVERSOS";3,000;131,90;29,04;"48762";/  /;354,20
0;"005930";"1678 SACOLA DE VIAGEM";"DIVERSOS";1,000;57,94;28,97;"48761";/  /;100,00
0;"005946";"2231 MOCHILA";"DIVERSOS";1,000;77,48;38,74;"48744";/  /;100,00
0;"010761";"BABUCHE BABY MENINO MOLEKINHO 2653.205 EVA";"110341 PRETO/AMARELO A";10,000;99,90;49,06;"2653.205 EVA";13/07/2026;103,63
0;"010762";"BABUCHE BABY MOLEKINHO 2653.205 EVA";"110342 MARINHO/VERDE/M";12,000;99,90;49,06;"2653.205 EVA";13/07/2026;103,63
0;"001165";"BABUCHE BOA ONDA 1716 JOHN";"100-05 PRETO/PRETO-BCO";5,000;119,90;56,04;"1716 JOHN";11/05/2026;113,95
0;"009937";"BABUCHE BOAONDA 1716 JOHN";"011 CLASSIC BLUE/PRETO-BR";2,000;119,90;56,04;"1716 JOHN";11/05/2026;113,95
0;"008438";"BABUCHE BOAONDA 1944.208 BRAVE";"006 BRAVE SELVA/PRETO";20,000;149,90;70,07;"1944.208 BRAVE";13/07/2026;113,93
0;"007897";"BABUCHE BOAONDA 1944.208 BRAVE";"0993 BLUE/PITANGA";1,000;149,90;68,38;"1944.208 BRAVE";11/04/2025;119,22
0;"008439";"BABUCHE BOAONDA 1944.208 BRAVE";"001 BRAVE PRETO/CINZA";14,000;149,90;70,07;"1944.208 BRAVE";13/07/2026;113,93
0;"009730";"BABUCHE BOAONDA 2402-110 EASY KIDS";"002 CLASSIC BLUE";1,000;59,99;27,99;"2402-110 EASY KIDS";04/12/2025;114,33
0;"009732";"BABUCHE BOAONDA 2402-110 EASY KIDS F";"005 ROSE NUDE EASY";3,000;59,99;27,99;"2402-110 EASY KIDS F";04/12/2025;114,33
0;"009731";"BABUCHE BOAONDA 2402-110 EASY KIDS F";"004 GOIABA EASY";5,000;59,99;27,99;"2402-110 EASY KIDS F";04/12/2025;114,33
0;"009728";"BABUCHE BOAONDA 2402-211 EASY KIDS";"001 LILAS/ROSE NUDE";1,000;79,99;37,34;"2402-211 EASY KIDS";04/12/2025;114,22
0;"009738";"BABUCHE BOAONDA 2402-212 EASY KIDS M";"002 ROSE NUDE/SKY";2,000;89,90;42,01;"2402-212 EASY KIDS M";04/12/2025;114,00
0;"009739";"BABUCHE BOAONDA 2402-213 EASY M";"001 BRANCO/PRETO";1,000;89,90;42,01;"2402-213 EASY M";04/12/2025;114,00
0;"009740";"BABUCHE BOAONDA 2402-213 EASY M";"002 BRANCO/RANGERINA";4,000;89,90;42,01;"2402-213 EASY M";04/12/2025;114,00
0;"009071";"BABUCHE BOAONDA 2402 CLASSIC EASY";"110/004 GOIABA";1,000;69,90;27,44;"2402 CLASSIC EASY";01/12/2025;154,74
0;"009736";"BABUCHE BOAONDA 2439-110 STAR M";"002 CALISSIC BLUE/BRANCO";3,000;129,90;60,72;"2439-110 STAR M";09/06/2025;113,93
0;"007862";"BABUCHE BOAONDA 3539.1317 TR CLASSIC";"4133 ACAI";2,000;89,90;28,62;"3539.1317 TR CLASSIC";/  /;214,12
0;"007874";"BABUCHE BOAONDA 4178.1317 COQUEIRO FEM";"2431 ROSE";5,000;89,90;30,82;"4178.1317 COQUEIRO FEM";/  /;191,69
0;"002360";"BABUCHE CLEAR LED WBOYS TRANSP/MARINHO/VERMELHO";"WORD BABUCHE  VERM/MARINH";1,000;89,99;39,90;"213.004";/  /;125,54
0;"009938";"BABUCHE EVA BOAONDA 2422.101 ADVENTURE B";"001 PRETO/PRETO ADVEN B";1,000;134,90;51,37;"2422.101 ADVENTURE B";04/08/2025;162,60
0;"009939";"BABUCHE EVA BOAONDA 2422.211 ADVENTURE";"001 PRETO/CREPE";11,000;134,90;60,72;"2422.211 ADVENTURE";13/07/2026;122,17
0;"010395";"BABUCHE EVA BOAONDA 2422.211 ADVENTURE";"002 SELVA/CREPE ADVE";35,000;134,90;60,72;"2422.211 ADVENTURE";13/07/2026;122,17
0;"010626";"BABUCHE EVA YVATE 1816 FAIXA F";"FAI BEGE";39,000;69,90;29,50;"1816 FAIXA F";29/05/2026;136,95
0;"010627";"BABUCHE EVA YVATE 1816 FAIXA M";"FAI PRETO";49,000;69,90;29,50;"1816 FAIXA M";29/05/2026;136,95
0;"008894";"BABUCHE KEMO 10/02 BABY MENINO";"10/02K/BAB PRETO";4,000;59,99;27,88;"10/02 BABY MENINO";15/07/2025;115,17
0;"010908";"BABUCHE KIDSTEP 2160.005 ARANHA 3";"80 PRETO/VERMELHO 32";11,000;39,99;7,75;"2160.005 ARANHA 32";/  /;416,00
0;"010781";"BABUCHE KIDSTEP 2169.005 ARANHA";"80 PRETO/VERMELHO";18,000;39,99;7,75;"2169.005 ARANHA";17/07/2026;416,00
0;"010782";"BABUCHE KIDSTEP 2169.029 MARGARIDA";"1207 LILAS/GLITER";18,000;39,99;7,75;"2169.029 MARGARIDA";17/07/2026;416,00
0;"010907";"BABUCHE KIDSTEP 2169.029 MARGARIDA 2";"AMARELO/GLITTER";9,000;39,99;7,75;"2169.029 MARGARIDA";/  /;416,00
0;"010783";"BABUCHE KIDSTEP 2169.036 DINO";"114 MARINHO LARANJA";21,000;39,99;7,75;"2169.036 DINO";17/07/2026;416,00
0;"010784";"BABUCHE KIDSTEP 2169.049 ASTRONALTA";"114- MARINHO LARANJA A";18,000;39,99;7,75;"2169.049 ASTRONALTA";17/07/2026;416,00
0;"010785";"BABUCHE KIDSTEP 2169.063 DOG";"1037 ROYAL/LARANJA";10,000;39,99;7,75;"2169.063 DOG";19/08/2026;416,00
0;"010786";"BABUCHE KIDSTEP 2169.093 SONIC";"25 PRETO";24,000;39,99;7,75;"2169.093 SONIC";17/07/2026;416,00
0;"010787";"BABUCHE KIDSTEP 2169.098 CAPIVARA";"1229 PRETO/MARROM";14,000;39,99;7,75;"2169.098 CAPIVARA";17/07/2026;416,00
0;"010788";"BABUCHE KIDSTEP 2169.106 ARANHA";"80 PRETO/VERMELHO A";18,000;39,99;7,75;"2169.106 ARANHA";17/07/2026;416,00
0;"010789";"BABUCHE KIDSTEP 2169.109 CAPIVARA";"1214 MARFIM/MARROM";13,000;39,99;7,75;"2169.109 CAPIVARA";17/07/2026;416,00
0;"010906";"BABUCHE KIDSTEP 2169.109 CAPIVARA 2";"12/12 MARROM MARROM";7,000;39,99;7,75;"2169.109 CAPIVARA";/  /;416,00
0;"010790";"BABUCHE KIDSTEP 2169.111 BORBOLETA";"821 MARINHO/ROSA";16,000;39,99;7,75;"2169.111 BORBOLETA";17/07/2026;416,00
0;"010791";"BABUCHE KIDSTEP 2169.120 STI CAPIVAR";"485 ROSA GLITER B";15,000;39,99;7,75;"2169.120 STI CAPIVAR";19/08/2026;416,00
0;"010792";"BABUCHE KIDSTEP 2169.122 HEL UNICORN";"485 ROSA GLITER C";18,000;39,99;7,75;"2169.122 HEL UNICORN";17/07/2026;416,00
0;"010793";"BABUCHE KIDSTEP 2169.125 D ROSA";"485 ROSA GLITER D";12,000;39,99;7,75;"2169.125 D ROSA";17/07/2026;416,00
0;"010765";"BABUCHE LED INFANTIL MOLEKINHO 2874.510 EVA";"112140 PRETO/LARANJA/L";12,000;119,90;59,08;"2874.510 EVA";13/07/2026;102,95
0;"010402";"BABUCHE LED MOLEKINHA 2591.113 EVA";"ROSA EVA";13,000;129,90;61,02;"2591.113 EVA";30/07/2026;112,88
0;"010401";"BABUCHE LED MOLEKINHA 2591.113 EVA";"PRETO LED";15,000;129,90;61,02;"2591.113 EVA";30/07/2026;112,88
0;"010456";"BABUCHE LED MOLEKINHO 2874.407 EVA";"105739 MARINHO/LARANJA/MA";85,000;129,90;63,68;"2874.407 EVA";13/07/2026;103,99
0;"010457";"BABUCHE LED MOLEKINHO 2874.407 EVA";"102997 PRETO/AMARELO NEON";54,000;129,90;58,59;"2874.407 EVA";22/06/2026;121,71
0;"010771";"BABUCHE MASCULINO EVA RIDER 12671 NOMAD PLUS";"CB834 PRETO/VERDE";24,000;134,90;65,48;"12671 NOMAD PLUS";13/07/2026;106,02
0;"010770";"BABUCHE MASCULINO EVA RIDER 12671 NOMAD PLUS";"CB811 CASTOR/PRETO";22,000;134,90;65,48;"12671 NOMAD PLUS";13/07/2026;106,02
0;"010249";"BABUCHE MOLECA 5832.100 PVC";"BAB PRETO 01";14,000;89,90;38,84;"5832.100 PVC";16/04/2026;131,46
0;"010248";"BABUCHE MOLECA 5832.100 PVC";"BAB BRANCO OFF 526";12,000;89,90;43,54;"5832.100 PVC";14/11/2025;106,48
0;"010250";"BABUCHE MOLECA 5832.100 PVC";"BAB CHOCOLATE";9,000;89,90;43,54;"5832.100 PVC";14/11/2025;106,48
0;"010405";"BABUCHE MOLEKINHA 22591.408 ARCO IRIS";"CREME/MULTICOLOR/CRISTAL";74,000;129,90;54,16;"22591.408 ARCO IRIS";22/06/2026;139,84
0;"009944";"BABUCHE MOLEKINHA 2591.103 INJT EVA PI";"78276 ROSA 942 BABU";6,000;89,90;43,54;"2591.103 INJT EVA PI";27/03/2026;106,48
0;"010251";"BABUCHE MOLEKINHA 2591.103 INJT EVA PI";"BAB CREME 985";108,000;89,90;45,04;"2591.103 INJT EVA PI";22/06/2026;99,60
0;"009943";"BABUCHE MOLEKINHA 2591.103 INJT EVA PI";"15745 PRETO 01 BABU";106,000;89,90;40,77;"2591.103 INJT EVA PI";22/06/2026;120,51
0;"010677";"BABUCHE MOLEKINHA 2591.116 EVA";"2591.116 PRETO EVA";18,000;124,90;49,70;"2591.116 EVA";11/06/2026;151,31
0;"010403";"BABUCHE MOLEKINHA 2591.207 EVA";"PRETO/PRATA/PRETO";6,000;129,90;59,85;"2591.207 EVA";11/06/2026;117,04
0;"010404";"BABUCHE MOLEKINHA 2591.207 EVA";"ROSA/PRATA/ROSA";1,000;129,90;56,62;"2591.207 EVA";04/02/2026;129,42
0;"010676";"BABUCHE MOLEKINHA 2591.316 EVA";"84109 CREME/DOURADO";1,000;124,90;59,85;"2591.316 EVA";11/06/2026;108,69
0;"010679";"BABUCHE MOLEKINHA 2749.101 EVA";"78276 ROSA A1";4,000;94,90;45,04;"2749.101 EVA";11/06/2026;110,70
0;"010680";"BABUCHE MOLEKINHA 2749.101 EVA";"83517 CREME A2 985";9,000;94,90;45,04;"2749.101 EVA";11/06/2026;110,70
0;"010767";"BABUCHE MOLEKINHA 2749.200 GASP/INJ";"112292 ROSA CHARM/PRAT";12,000;69,99;33,60;"2749.200 GASP/INJ";13/07/2026;108,30
0;"010678";"BABUCHE MOLEKINHA 2749.300 MULTICOLOR";"88795 CREME/MULTICOLOR";2,000;94,99;45,04;"2749.300 MULTICOLOR";11/06/2026;110,90
0;"010578";"BABUCHE MOLEKINHA BABY 2749.200 GASP/INJ";"34224 PRETO/PRATA";12,000;69,99;33,60;"2749.200 GASP/INJ";13/07/2026;108,30
0;"010577";"BABUCHE MOLEKINHA BABY 2749.200 GASP/INJ";"83821 ROSA/PRATA";9,000;69,99;34,33;"2749.200 GASP/INJ";09/05/2026;103,87
0;"010503";"BABUCHE MOLEKINHO 2653.100 EVA";"17745 PRETO EB";12,000;69,99;34,33;"2653.100 EVA";16/04/2026;103,87
0;"010502";"BABUCHE MOLEKINHO 2653.101 EVA/ELASTI";"64823 PRETO/PRETO/BRANCO";2,000;89,99;43,54;"2653.101 EVA/ELASTI";16/04/2026;106,68
0;"010501";"BABUCHE MOLEKINHO 2653.103 EVA ELASTIC";"15745 PRETO B";6,000;89,90;43,54;"2653.103 EVA ELASTIC";16/04/2026;106,48
0;"010264";"BABUCHE MOLEKINHO 2874.100 INJET EVA";"AREIA 1137";24,000;69,90;39,67;"2874.100 INJET EVA";11/05/2026;76,20
0;"009945";"BABUCHE MOLEKINHO 2874.100 INJET EVA";"158745 PRETO 01 BAB M";48,000;69,90;33,60;"2874.100 INJET EVA";30/07/2026;108,04
0;"010263";"BABUCHE MOLEKINHO 2874.202 GASPEA EVA";"MARINHO LARANJA";106,000;89,90;42,61;"2874.202 GASPEA EVA";22/06/2026;110,98
0;"010262";"BABUCHE MOLEKINHO 2874.202 GASPEA EVA";"PRETO AMARELO NEON";116,000;89,90;44,47;"2874.202 GASPEA EVA";22/06/2026;102,16
0;"010369";"BABUCHE MOLEKINHO 2874.204 GAS/INJET";"105739 MARINHO/LARANJA";9,000;109,90;52,69;"2874.204 GAS/INJET";14/01/2026;108,58
0;"010368";"BABUCHE MOLEKINHO 2874.204 GAS/INJET";"102997PRETO/AMARELO/NEON";16,000;109,90;54,28;"2874.204 GAS/INJET";18/06/2026;102,47
0;"010689";"BABUCHE MOLEKINHO 2874.208 EVA";"110341 PRETO/AMARELO/PRET";5,000;109,90;54,28;"2874.208 EVA";18/06/2026;102,47
0;"006454";"BABUCHE MUNDO BITA 22967 SPACE ROSA/ROXO";"AT017 ROSA/ROXO";1,000;49,90;25,37;"22967";/  /;96,69
0;"009982";"BABUCHE NUVEM KIDS";"PRETO";1,000;69,90;24,64;"NUVEM PRETO";29/08/2025;183,69
0;"009979";"BABUCHE NUVEM KIDS";"AZUL NUVEM MARINHO";1,000;69,90;24,64;"NUVEM MARINHO";29/08/2025;183,69
0;"009981";"BABUCHE NUVEM KIDS";"PINK";1,000;69,90;24,64;"NUVEM MENINA";29/08/2025;183,69
0;"010624";"BABUCHE PLATAFORMA YVATE 2502 LISO";"IVA BEGE";8,000;89,90;37,90;"2502 LISO";29/05/2026;137,20
0;"010625";"BABUCHE PLATAFORMA YVATE 2502 LISO";"IVA PRETO";12,000;89,90;37,90;"2502 LISO";29/05/2026;137,20
0;"005935";"BABUCHE RIDER 12324 FIT INF PRETO/PRETO";"DIVERSOS";2,000;59,99;31,91;"48395";/  /;88,00
0;"004885";"BABUCHE WORLDCOLORS 125.070 PRETO/PINK NEW";"125.070";1,000;89,90;42,39;"7908065354393";/  /;112,08
0;"006187";"BABUCHE WORLDCOLORS 125.072 CORAÇÃO";"3202 PINK/GLITER FURTACOR";1,000;97,90;41,87;"125.072 CORAÇÃO";08/07/2025;133,82
0;"007765";"BABUCHE WORLDCOLORS 125.073 BORBOLETA";"3756.PINK/VERDE LEVE";2,000;97,90;41,87;"125.073 BORBOLETA";/  /;133,82
0;"007758";"BABUCHE WORLDCOLORS 126.061 WBOYS DINO";"1792/PRETO/ROYAL/WBOYS";1,000;86,99;38,97;"126.061 WBOYS DINO";/  /;123,22
0;"007730";"BABUCHE WORLDCOLORS 126.062 WBOYS JACARÉ";"1792 PRETO/ROYAL";1,000;78,90;35,14;"126.062 WBOYS JACARÉ";18/07/2025;124,53
0;"007732";"BABUCHE WORLDCOLORS 126.062 WBOYS JACARÉ";"423 MARINHO/LARANJA";4,000;78,90;35,14;"126.062 WBOYS JACARÉ";/  /;124,53
0;"007744";"BABUCHE WORLDCOLORS 126.066 WBOYS BOMBEIRO";"1526 MARINHO/VERMELHO";3,000;86,90;37,40;"126.066 WBOYS BOMBEIRO";18/07/2025;132,35
0;"006199";"BABUCHE WORLDCOLORS 127.062-WBOYS";"3433-PRETO/VERDE MENTA";1,000;97,90;41,87;"127.062-WBOYS";/  /;133,82
0;"007755";"BABUCHE WORLDCOLORS 127.064 ÂNCORA WBOYS";"3510 MARINHO/VERDE MENTA";1,000;97,90;41,87;"127.064 ÂNCORA WBOYS";/  /;133,82
0;"007741";"BABUCHE WORLDCOLORS 300.001 WBOYS PLAY GAME";"MARINHO/VERDE LIMA/3238";2,000;115,90;53,87;"300.001 WBOYS PLAY GAME";/  /;115,15
0;"009457";"BABUCHE YVATE  BABY LISO";"PRETO BABY";1,000;62,90;29,90;"YVATE BABY LISO";/  /;110,37
0;"009455";"BABUCHE YVATE BABY LISO";"ROSA ESCURO BABY";1,000;62,90;29,90;"YVATE BABY LISO";/  /;110,37
0;"009134";"BABUCHE YVATE CROCS";"AZUL MARINHO IVATE";3,000;69,90;32,00;"CROCS";01/12/2025;118,44
0;"009378";"BABUCHE YVATE CROCS KIDS";"YVATE KIDS ROSA";1,000;69,90;32,90;"CROCS KIDS";01/12/2025;112,46
0;"009908";"BABUCHE YVATE TRADICIONAL LISO AD";"BEGE YVATE";2,000;79,90;36,90;"TRADICIONAL LISO AD";01/12/2025;116,53
0;"010359";"BABUCHE ZAXY 19430 JOY";"BY258 PRETO";25,000;89,90;42,09;"19430 JOY";15/07/2026;113,59
0;"010360";"BABUCHE ZAXY 19430 JOY";"BY259 OFF WHITE MEDIO";25,000;89,90;42,09;"19430 JOY";15/07/2026;113,59
0;"010361";"BABUCHE ZAXY 19430 JOY";"BY260 MARROM MOCCA";3,000;89,90;41,10;"19430 JOY";29/12/2025;118,73
0;"009434";"BALDE GELELE BALDE COLOR SLIME";"MESCLA BALD GELE";4,000;29,90;13,24;"BALDE COLOR SLIME";20/02/2025;125,83
0;"009697";"BALDE PIPOCA HAVAIANAS DINOSSAURO";"DINOSSAURO";11,000;20,00;6,64;"DINOSSAURO";02/06/2025;201,20
0;"010490";"BALDE PIPOCA PUKET DINO/TUBA";"DINO/TUBA";4,000;25,00;7,29;"DINO/TUBA";01/04/2026;242,94
0;"009696";"BALDE PIPOCA PUKET UNICORNIO";"UNICORNIO";14,000;20,00;6,64;"UNICORNIO";02/06/2025;201,20
0;"010489";"BALDE PIPOCA PUKET VACA";"VACA";6,000;25,00;7,29;"VACA";01/04/2026;242,94
0;"009326";"BOLA QUEBRA-CABEÇA GELELE SONIC SURPRESA";"BOLA SONIC VARIADOS";7,000;29,90;12,17;"SONIC SURPRESA";29/11/2024;145,69
0;"005916";"BOLSA DE PRAIA CLIO STYLE MF3545 ROSA";"DIVERSOS";21,000;44,90;13,04;"48760";/  /;244,33
0;"005914";"BOLSA DE PRAIA TOTE BAG MF3495 BANANINHA";"LARANJA 3495";3,000;44,90;4,13;"MF3495 BANANINHA";/  /;987,17
0;"005913";"BOLSA DE PRAIA TOTE BAG MF3495 BANANINHA";"ROXO 3495";5,000;44,90;4,13;"MF3495 BANANINHA";/  /;987,17
0;"009065";"BOLSA MOLECA 50007.1 GORGURÃO";"15787- PRETO 01/ PRETO GO";4,000;109,90;45,18;"50007.1 GORGURÃO";10/02/2026;143,25
0;"008915";"BOLSA MOLECA 50007.1 GORGURÃO";"52531 NUDE/ GOR/ 658 MOL";2,000;109,90;41,39;"50007.1 GORGURÃO";08/10/2024;165,52
0;"009145";"BOLSA MOLECA 50007.1 GORGURÃO";"95373 CAMEL 1165";7,000;109,90;47,95;"50007.1 GORGURÃO";10/02/2026;129,20
0;"010314";"BOLSA MOLECA 50007.1 GORGURÃO";"BOLSA CHOCOLATE";1,000;109,90;47,95;"50007.1 GORGURÃO";10/02/2026;129,20
0;"009147";"BOLSA MOLECA 50048.3 NEO GORGURAO";"99533B/MC NUDE/NUDE";3,000;129,90;56,04;"50048.3 NEO GORGURAO";08/04/2026;131,80
0;"009150";"BOLSA MOLECA 50048.3 NEO GORGURAO";"98407B/MC PRETO/CINZA";4,000;129,90;56,04;"50048.3 NEO GORGURAO";11/05/2026;131,80
0;"009149";"BOLSA MOLECA 50048.3 NEO GORGURAO";"98768B/MC CAMEL/CAMEL";3,000;129,90;59,20;"50048.3 NEO GORGURAO";08/04/2026;119,43
0;"010891";"BOLSA MOLEKINHA 20019.2 LUREX";"110894 ROSA CHARM";4,000;109,90;51,59;"20019.2";13/08/2026;113,03
0;"009972";"BOLSA MOLEKINHA 20019.2 LUREX";"PINK";4,000;109,90;51,59;"20019.2";13/08/2026;113,03
0;"010142";"BOLSA MOLEKINHA 20070.1 CORDAO";"PINK";1,000;99,90;46,11;"20070.1 CORDAO";01/10/2025;116,66
0;"008922";"BOLSA PRAIA TOTE BAG CLIO STYLE MF23072 BOLINHAS";"MF23072 VERMELHO";4,000;44,90;19,90;"MF23072 BOLINHAS";/  /;125,63
0;"008923";"BOLSA PRAIA TOTE BAG CLIO STYLE MF23072 BOLINHAS";"MF23072 LILAS";1,000;44,90;19,90;"MF23072 BOLINHAS";/  /;125,63
0;"004797";"BOLSA PRAIA TOTE BAG MF 3019 FLORIDA ROSA";"319 BABY ROSA";3,000;49,90;5,43;"MF3019";/  /;818,97
0;"005920";"BOLSA PRAIA TOTE BAG MF3492 FLORAL CLIO";"VERDE AGUA 3492";4,000;44,90;4,13;"MF3492 FORAL CLIO";/  /;987,17
0;"005912";"BOLSA  PRAIA TOTE BAG MF3545 ROSA CLARO";"ROSA CLARO 3545";20,000;44,90;13,04;"MF3545 CORES";/  /;244,33
0;"005917";"BOLSA PRAIA TOTE BAG  MF9178 ABACAXI";"ROSA LISTRAS 9178";1,000;44,90;4,13;"MF9178 ABACAXI";/  /;987,17
0;"009920";"BOLSAS MOLECA 50063.1 PVC";"PRETO DOURADO";3,000;139,90;61,83;"50063.1 PVC";23/07/2025;126,27
0;"007345";"BOLSA TRANSVERSAL COCA COLA 20132 BAGS DRINK";"COCA COLA / VERMELHO";1,000;119,90;50,65;"20132 BAGS DRINK";30/01/2024;136,72
0;"007492";"BOLSA TRANSVERSAL COCA COLA 20132 BAGS DRINK";"COCA COLA/VERDE";1,000;109,90;47,95;"20132 BAGS DRINK";/  /;129,20
0;"007500";"BOLSA TRANSVERSAL COCA COLA 78410 BAGS BF";"0532 PRETO // BRANCO";3,000;119,90;47,95;"78410 BAGS BF";/  /;150,05
0;"010895";"BOLSA TRANSVERSAL MOLEKINHA 20062.2 GORGURAO";"15745 PRETO B4";2,000;89,90;42,47;"20062.2 GORGURAO";13/08/2026;111,68
0;"010896";"BOLSA TRANSVERSAL MOLEKINHA 20062.2 GORGURAO";"78276 ROSA B5";1,000;89,90;42,47;"20062.2 GORGURAO";13/08/2026;111,68
0;"010897";"BOLSA TRANSVERSAL MOLEKINHA 20070.3 TR/CORDAO";"78276 ROSA B4";4,000;99,90;46,71;"20070.3 TR/CORDAO";13/08/2026;113,87
0;"010893";"BOLSA TRANSVERSAL MOLEKINHA 20070.3 TR/CORDAO";" 15745 PRETO B4";2,000;99,90;46,71;"20070.3 TR/CORDAO";13/08/2026;113,87
0;"010894";"BOLSA TRANSVERSAL MOLEKINHA 20070.3 TR/CORDAO";"35312 BRANCO OFF A6";2,000;99,90;46,71;"20070.3 TR/CORDAO";13/08/2026;113,87
0;"010388";"BOLSA TRANSVERSAL MOLEKINHA 2744043 TR/CORDAO";"ROSA BALLETE";1,000;129,90;60,09;"2744043 TR/CORDAO";29/01/2026;116,18
0;"010898";"BOLSA TRANSVERSAL MOLEKINHA 2744043 TR/CORDAO";"35312 BRANCO OFF B";2,000;129,90;60,52;"2744043 TR/CORDAO";13/08/2026;114,64
0;"010387";"BOLSA TRANSVERSAL MOLEKINHA 2744043 TR/CORDAO";"ROSA TRADICIONAL";2,000;129,90;60,52;"2744043 TR/CORDAO";13/08/2026;114,64
0;"010892";"BOLSA TRANSVERSAL MOLEKINHA 2744043 TR/CORDAO";"15745 PRETO B3";2,000;129,90;60,52;"2744043 TR/CORDAO";13/08/2026;114,64
0;"010379";"BONECA DOCE BRINQUEDO POLY";"ROSA POL";1,000;22,00;11,98;"POLY";28/01/2026;83,64
0;"006744";"BOTA COTURNO BEIRA RIO 9077.202 NP FLOATHER PRETO";"BNF PRETO 01";2,000;239,90;114,32;"9077.202";17/07/2025;109,85
0;"008337";"BOTA COTURNO MOLEKINHA 2164.136 NAPA BERLIM BRILHO";"15745 NP/BER/PRETO 01";1,000;189,90;82,40;"2164.136 N/P BERLIM";18/07/2025;130,46
0;"007902";"BOTA COTURNO VIA MARTE 004.001 NP/MONTANA";"MARTE 01 PRETO";1,000;229,90;103,99;"004.001 NP/MONTANA";18/07/2025;121,08
0;"008312";"BOTA MODARE 7078.107 ITALIA NAPA";"15745.MOD/PRETO";1,000;239,90;113,90;"7078.107 ITALIA NAPA";18/07/2025;110,62
0;"007904";"BOTA MOLECA 5338.103 BERLIM ELA";"1034 PRETO";1,000;229,90;105,72;"5338.103 BERLIM ELA";18/07/2025;117,46
0;"009489";"BOTA MOLECA 5349.101 NP GENEBRA";"CACAU 1249";1,000;219,90;96,85;"5349.101 NP GENEBRA";18/07/2025;127,05
0;"008064";"BOTA MOLEKINHA 2126.522 NP STRECH BABY";"15745 BTA  PRETO 01";2,000;139,90;62,45;"2126.522 NP STRECH BABY";18/07/2025;124,02
0;"009544";"BOTA MOLEKINHA 2126.526 BERLIM BABY";"100196 AVELA 1248";2,000;119,90;53,04;"2126.526 BERLIM BABY";18/07/2025;126,06
0;"008377";"BOTA MOLEKINHA 2126.526 BERLIM BABY";"15745BERLIM PRETO 01";3,000;119,90;53,04;"2126.526 BERLIM BABY";18/07/2025;126,06
0;"010547";"BOTA MOLEKINHA 2126.534 MILANO";"15745 PRETO BB";6,000;139,90;65,63;"2126.534 MILANO";24/04/2026;113,16
0;"008191";"BOTA MOLEKINHA 2164.132 MAX GLIT KIDS";"15787 BTM PRETO 01/PRETO";1,000;199,90;93,61;"2164.132 MAX GLIT KIDS";18/07/2025;113,55
0;"008336";"BOTA MOLEKINHA 2164.137 B/MX GLITER";"15787 MG/PRETO 01/PRETO";1,000;179,90;77,77;"2164.137 B/MX GLITER";18/07/2025;131,32
0;"010548";"BOTA MOLEKINHA 2164.142 BER/MILANO";"15745 PRETO MIL";3,000;179,99;85,14;"2164.142 BER/MILANO";24/04/2026;111,40
0;"008030";"BOTA MOLEKINHA 2179.201 STRECH FEM";"9560 PRETO";1,000;199,90;92,65;"2179.201 STRECH FEM";/  /;115,76
0;"009547";"BOTA MOLEKINHA 2183.200 BERLIM K";"100196 BER AVELA 1248";4,000;159,90;70,98;"2183.200 BERLIM K";18/07/2025;125,27
0;"009548";"BOTA MOLEKINHA 2183.2012 BERLIM C/L";"15745 BER/C PRETO";10,000;179,90;80,04;"2183.2012 BERLIM C/L";18/07/2025;124,76
0;"009549";"BOTA MOLEKINHA 2183.202 BELIM 2/FIV";"15745BER/PRETO FIVE";3,000;179,90;81,01;"2183.202 BELIM 2/FIV";18/07/2025;122,07
0;"009545";"BOTA MOLEKINHA 2184.103BER/MILA BAB";"15745 PRETO BOT";3,000;139,90;62,29;"2184.103BER/MILA BAB";18/07/2025;124,59
0;"010546";"BOTA MOLEKINHA 2184.105 BELIM MILAN";"83802 PRETO/PRETO";6,000;139,99;65,63;"2184.105 BELIM MILAN";24/04/2026;113,30
0;"009415";"CADARÇO TENIS OLIVER BRANCO";"CADARÇO BRANCO";15,000;7,99;3,00;"CADARÇO 120CM";17/12/2025;166,33
0;"009413";"CADARÇO TENIS OLIVER PRETO";"CADARÇO PRETO";7,000;7,99;3,50;"CADARÇOS 120CM";18/02/2025;128,29
0;"009414";"CALCANHEIRA OLIVER ANTI IMPACTO ALTO";"SILICONE ALTO";14,000;35,99;16,90;"CALCANHEIRA SI ALTO";17/12/2025;112,96
0;"009408";"CALCANHEIRA OLIVER ANTI IMPACTO FECHADO";"SILICONE ANTI";8,000;27,99;12,90;"CALCANHEIRA FECHADOS";18/02/2025;116,98
0;"009420";"CALCANHEIRA OLIVER ANTI IMPACTO UNIVERSAL";"SILICONE AN";4,000;27,99;12,90;"CALCANHEIRA UNIVERSAL";/  /;116,98
0;"010343";"CARDAÇO TENIS OLIVER CADARÇO 1,60CM";"CADARÇO PRETO/PRETO";8,000;7,99;3,50;"CADARÇO 1,60CM";17/12/2025;128,29
0;"006134";"CARRINHO MAISTO UND";"MAISTO SORTIDO";120,000;18,00;8,94;"MAISTO UND";16/12/2025;101,34
0;"006092";"CARRO HOT WHEELS SORTIDO UND";"SORTIDO HOTWHEELS UND";446,000;22,00;14,72;"HOT WHEELS UND";28/01/2026;49,46
0;"010370";"CARROS HOTWHEELS SORTIDOS HOTWHEELS SORTIDO DUO";"SORTIDO DUO";9,000;42,00;26,89;"SORTIDO DUO";15/01/2026;56,19
0;"010228";"CARTEIRA LA COURO 2004C2P PIXEL/CONF";"2004C2P CAFE";1,000;99,90;42,90;"2004C2P PIXEL/CONF";06/11/2025;132,87
0;"010229";"CARTEIRA LA COURO 2004C2P PIXEL/CONF";"2004C2P PRETO";3,000;99,90;42,90;"2004C2P PIXEL/CONF";06/11/2025;132,87
0;"009221";"CARTEIRA LA COURO 2005 CONFORT";"2005 PRETO";1,000;109,90;47,50;"2005 CONFORT";/  /;131,37
0;"009206";"CARTEIRA LA COURO 2005 FÓSSIL";"2005 HAVANA";2,000;109,90;47,50;"2005 FÓSSIL";26/10/2024;131,37
0;"010230";"CARTEIRA LA COURO 2503 CONFORT";"2503 CAFE";2,000;99,90;42,90;"2503 CONFORT";06/11/2025;132,87
0;"010231";"CARTEIRA LA COURO 2503 CONFORT";"2503 PRETO";3,000;99,90;42,90;"2503 CONFORT";06/11/2025;132,87
0;"010234";"CARTEIRA LA COURO 3052 CONFORT";"3052 PRETO";2,000;99,90;39,90;"3052 CONFORT";06/11/2025;150,38
0;"010233";"CARTEIRA LA COURO 3052 FOSSIL";"3052 CAFE";2,000;99,90;39,90;"3052 FOSSIL";06/11/2025;150,38
0;"010232";"CARTEIRA LA COURO 3052 FOSSIL";"3052 CARAMELO";2,000;99,90;39,90;"3052 FOSSIL";06/11/2025;150,38
0;"010235";"CARTEIRA LA COURO 3061A CONFORT";"3061A CAFE";1,000;119,90;55,90;"3061A CONFORT";06/11/2025;114,49
0;"006016";"CARTEIRA LA COURO 3061 CONFORT";"3061 PRETO";1,000;109,90;49,00;"3061 CONFORT";/  /;124,29
0;"009214";"CARTEIRA LA COURO 3061 FÓSSIL";"3061 WHISKY";1,000;109,90;49,50;"3061 FÓSSIL";/  /;122,02
0;"009213";"CARTEIRA LA COURO 3064Z FÓSSIL ZIPER";"3064Z WHISKY";1,000;109,90;49,50;"3064Z FÓSSIL ZIPER";/  /;122,02
0;"009208";"CARTEIRA LA COURO 3064Z FÓSSIL ZIPER";"3064Z HAVANA";2,000;109,90;49,50;"3064Z FÓSSIL ZIPER";26/10/2024;122,02
0;"010239";"CARTEIRA LA COURO 3073 CONFORT";"3073 PRETO";1,000;119,90;55,90;"3073 CONFORT";06/11/2025;114,49
0;"010238";"CARTEIRA LA COURO 3073 FOSSIL";"3073 CAFE";3,000;119,90;55,90;"3073 FOSSIL";06/11/2025;114,49
0;"010241";"CARTEIRA LA COURO 3074 FOSSIL";"3074 CAFE";2,000;119,90;56,90;"3074 FOSSIL";06/11/2025;110,72
0;"010254";"CARTEIRA PEGADA 3726-42 ZIPER";"ANILINA SOFT TABACO";13,000;159,99;76,72;"3726-42 ZIPER";17/11/2025;108,54
0;"010255";"CARTEIRA PEGADA 3728-03 ZIPER";"FLOTHER PRETO";10,000;159,99;66,82;"3728-03 ZIPER";17/11/2025;139,43
0;"004820";"CHAVEIRO MOLECA 59000.2 CORRENTE BRANCO";"59000.2";5,000;26,90;17,12;"7898996172152";/  /;57,13
0;"010803";"CHINELO BABY DEDO GRENDENE KIDS 27531 ANATOMICA II";"CC411 AZUL/AZUL";19,000;34,99;16,37;"27531 ANATOMICA IIM";17/07/2026;113,74
0;"010802";"CHINELO BABY DEDO GRENDENE KIDS 27531 ANTOMICA II";"CC406 ROSA/GLITTE";24,000;34,99;16,37;"27531 ANTOMICA II";17/07/2026;113,74
0;"010901";"CHINELO BABY DEDO HAVAIANAS BRASIL LOGO BF";"3190 MANGA/ROSA";7,000;52,99;25,99;"BRASIL LOGO BF";13/08/2026;103,89
0;"010576";"CHINELO BABY DEDO HAVAIANAS BRASIL LOGO BF";"BLG CORAL/ROSA";7,000;49,99;20,99;"BRASIL LOGO BF";08/05/2026;138,16
0;"010574";"CHINELO BABY DEDO HAVAIANAS BRASIL LOGO BM";"BLOG AMARELO/AMARELO";13,000;52,99;25,99;"BRASIL LOGO BM";13/08/2026;103,89
0;"010575";"CHINELO BABY DEDO HAVAIANAS BRASIL LOGO BM";"BLG AZUL NAVAL";16,000;52,99;25,99;"BRASIL LOGO BM";13/08/2026;103,89
0;"010752";"CHINELO BABY DEDO HAVAIANAS DISNEY CLASSICS I";"5559 AMARELO CAJA A";12,000;54,99;26,17;"DISNEY CLASSICS I";07/07/2026;110,13
0;"010779";"CHINELO BABY DEDO HAVAIANAS DISNEY CLASSICS I";"3138 AZUL MACEIO A2";20,000;54,99;26,17;"DISNEY CLASSICS I";15/07/2026;110,13
0;"010902";"CHINELO BABY DEDO HAVAIANAS DISNEY CLASSICS I F";"3190 MANGA ROSA B1";16,000;54,99;24,99;"DISNEY CLASSICS I F";13/08/2026;120,05
0;"010561";"CHINELO BABY DEDO IPANEMA 27046 BRASIL";"AL738 AZUL/BRANCO";13,000;34,99;14,77;"27046 BRASIL";05/05/2026;136,90
0;"010562";"CHINELO BABY DEDO IPANEMA 27046 BRASIL F";"CB200 ROSA CLARO";13,000;34,99;14,77;"27046 BRASIL F";05/05/2026;136,90
0;"010563";"CHINELO BABY DEDO IPANEMA 27247 SPORTY";"CC568 AZUL/MARROM";42,000;39,99;17,23;"27247 SPORTY";05/05/2026;132,10
0;"009460";"CHINELO BOAONDA 1319.1000 LILLY";"001PRETO/PRETO1319-1000-B";50,000;89,90;42,01;"1319.1000 LILY";06/08/2026;114,00
0;"010612";"CHINELO BOAONDA 1319.1000 LILY";"018 CARAMELO/CARAMELO";2,000;89,90;42,01;"1319.1000 LILY";26/05/2026;114,00
0;"010394";"CHINELO BOAONDA 1319.1000 LILY";"004 CAPUCCINO/CAPUCCINO";4,000;89,90;41,40;"1319.1000 LILY";03/02/2026;117,15
0;"009188";"CHINELO BOAONDA 1319 LILLY BORBOLETA";"250-001 PRETO/BORBOLETA";47,000;99,90;46,69;"1319 LILY BORBOLETA";06/08/2026;113,96
0;"009078";"CHINELO BOAONDA 1319 LILLY BORBOLETA";" 250-002 ACAI/BORBOLETA";34,000;99,90;46,69;"1319 LILY BORBOLETA";06/08/2026;113,96
0;"009052";"CHINELO BOAONDA 1319 LILY / CLASSIC";"002 - ACAI CHIN/LILY";1,000;79,90;35,23;"1319 LILY / CLASSIC";/  /;126,80
0;"010218";"CHINELO BOAONDA 1319 LILY FLORAL GOLD";"003 CALENA/FLORAL 255";3,000;99,90;46,58;"1319 LILY FLORAL GOL";03/02/2026;114,47
0;"009064";"CHINELO BOAONDA 1319 LILY TR MASC";"254/001 PRETO/PRETO CASUA";1,000;89,99;39,63;"1319 LILY TR MASC";17/10/2024;127,08
0;"001636";"CHINELO BOAONDA LILY MASCULINO PRETO/CINZA";"1319 LIL";2,000;89,99;35,23;"7899562205311";/  /;155,44
0;"008448";"CHINELO CARTAGO 10738 DAKAR";"A0575 DAK MARROM/MARR";19,000;44,99;19,17;"10738 DAKAR";08/05/2024;134,69
0;"006897";"CHINELO CARTAGO 11729 MONTREAL";"AY674 PRETO/PRETO";1,000;52,99;30,25;"11729 MONTREAL";19/04/2024;75,17
0;"008847";"CHINELO CARTAGO 11840 ATLANTA";"AJ521C/ATL MARROM/MARROM";35,000;44,99;19,69;"11840 ATLANTA";18/05/2026;128,49
0;"008848";"CHINELO CARTAGO 11840 ATLANTA";"AS401C/ATL PRETO/PRETO";48,000;44,99;19,38;"11840 ATLANTA";19/12/2025;132,15
0;"009843";"CHINELO CARTAGO 11859 ALABAMA 1";"BI911 MARROM/MARROM";22,000;69,99;29,53;"11859 ALABAMA 1";05/05/2026;137,01
0;"009631";"CHINELO CARTAGO 11859 ALABAMA 1";"PRETO/CASTO";50,000;69,99;30,40;"11859 ALABAMA 1";30/07/2026;130,23
0;"010273";"CHINELO CARTAGO 12339 NAPOLES IV";"BS187 CINZA/AZUL";3,000;109,99;51,38;"12339 NAPOLES IV";25/11/2025;114,07
0;"009790";"CHINELO CARTAGO 12516 ASPEN";"BN921 MARROM/MARROM";30,000;59,99;29,69;"12516 ASPEN";17/06/2025;102,05
0;"009789";"CHINELO CARTAGO 12516 ASPEN";"BN920 BEGE/MARROM/AZUL";6,000;59,99;29,69;"12516 ASPEN";17/06/2025;102,05
0;"010531";"CHINELO CARTAGO 12612 BELGRADO";"BW135 MARROM/MARROM";28,000;79,90;34,46;"12612 BELGRADO";23/04/2026;131,86
0;"010532";"CHINELO CARTAGO 12612 BELGRADO";"BW139 PRETO/PRETO";7,000;79,90;34,46;"12612 BELGRADO";23/04/2026;131,86
0;"010355";"CHINELO CARTAGO 12620 MALTA VII";"BW847 MARROM/MARROM";49,000;89,99;42,09;"12620 MALTA VII";17/07/2026;113,80
0;"010446";"CHINELO CARTAGO 12625 PALERMO INF";"BX804 PRETO/PRETO";113,000;52,99;24,61;"12625 PALERMO INF";23/04/2026;115,32
0;"010528";"CHINELO CARTAGO 12640 DURBAN";"BY985 PRETO/BEGE";58,000;56,99;25,73;"12640 DURBAN";24/07/2026;121,49
0;"010529";"CHINELO CARTAGO 12640 DURBAN";"BY989 MARROM/MARROM";48,000;56,90;25,73;"12640 DURBAN";16/08/2026;121,14
0;"010514";"CHINELO CARTAGO 12643 MONTERREY";"BY991 MARROM/MARROM";29,000;46,90;21,04;"12643 MONTERREY";13/07/2026;122,91
0;"010515";"CHINELO CARTAGO 12643 MONTERREY";"BY992 PRETO/PRETO";21,000;46,90;21,04;"12643 MONTERREY";13/07/2026;122,91
0;"008335";"CHINELO COURO PEGADA 130641";"641-02 ANILINA PINHAO";5,000;149,90;67,42;"130641";16/08/2025;122,34
0;"008324";"CHINELO COURO PEGADA 131663";"663-03 ANILINA CRAVO";23,000;179,99;86,28;"131663";19/06/2026;108,61
0;"008331";"CHINELO COURO PEGADA 132232";"232-01 ANILINA PINHAO";5,000;149,90;66,78;"132232";16/08/2025;124,47
0;"008322";"CHINELO COURO PEGADA 133155";"155-02 ANILINA 24L CRAVO";1,000;179,90;81,51;"133155";26/06/2025;120,71
0;"009271";"CHINELO COURO PEGADA 134501 ANILINA";"134501-01 PINHAO";1,000;179,90;81,83;"134501 ANILINA";26/06/2025;119,85
0;"009681";"CHINELO COURO PEGADA 134501 ANILINA";"134501-02 CRAVO";2,000;179,90;76,04;"134501 ANILINA";12/05/2025;136,59
0;"008362";"CHINELO COURO PLUS SIZE PEGADA 530641";"641-04 ANILINA PRETO PLUS";1,000;229,90;89,70;"530641";/  /;156,30
0;"008363";"CHINELO COURO PLUS SIZE PEGADA 530641";"641-02 ANILINA PINHAO  PL";4,000;229,90;110,24;"530641";15/08/2025;108,54
0;"010332";"CHINELO COURO PLUS SIZE PEGADA 533235-02 ANILINA";"CRAVO";11,000;199,90;100,17;"533235-02 ANILINA";11/12/2025;99,56
0;"010333";"CHINELO COURO PLUS SIZE PEGADA 533301-02 ANILINA 2";"CRAVO 24L";13,000;169,99;81,51;"533301-02 ANILINA 24";11/12/2025;108,55
0;"010686";"CHINELO CUSTOMIZADO HAVAIANAS TOP LISO+3 PIERC CE";"PRETO PIERC CERVEJA";26,000;73,99;30,58;"TOP LISO+3 PIERC CERVEJA";/  /;141,96
0;"010672";"CHINELO CUSTOMIZADO HAVAIANAS TOP LISO+3 PIERCING";"9999 PRETO PIERC";30,000;73,99;30,58;"TOP LISO+3 PIERCING";/  /;141,96
0;"010668";"CHINELO CUSTOMIZADO HAVAIANAS TOP LISO+3 PIERCING";"0001 BRANCO PIERCE";30,000;73,99;30,58;"TOP LISO+3 PIERCING";/  /;141,96
0;"010671";"CHINELO CUSTOMIZADO HAVAIANAS TOP LISO+3 PIERCING";"0727 CAFE PIERC";15,000;73,99;30,58;"TOP LISO+3 PIERCING";/  /;141,96
0;"010667";"CHINELO CUSTOMIZADO HAVAIANAS TOP LISO+3 PIERCING";"CUST ROSE GOLD";19,000;73,99;30,58;"TOP LISO+3 PIERCING";/  /;141,96
0;"010669";"CHINELO CUSTOMIZADO HAVAIANAS TOP LISO+3 PIERCING";"36457  AMARELO PIERC";24,000;73,99;30,58;"TOP LISO+3 PIERCING";/  /;141,96
0;"010670";"CHINELO CUSTOMIZADO HAVAIANAS TOP LISO+3 PIERCING";"2711 AZUL NAVAL PIERC";31,000;73,99;30,58;"TOP LISO+3 PIERCING";/  /;141,96
0;"010940";"CHINELO CUSTOMIZADO HAVAIANAS TOP LISO+CEREJA+LOGO";"BRANCO CEREJA";42,000;75,99;32,00;"TOP LISO+CEREJA+LOGO";/  /;137,47
0;"010876";"CHINELO DEDO BABY MENINA RIDER 12674 CORE F";"CB626 ROSA/ROSA";24,000;29,99;14,03;"12674 CORE F";11/08/2026;113,76
0;"010875";"CHINELO DEDO BABY MENINO RIDER 12674 CORE M";"CA781 PRETO/PRETO";69,000;29,99;14,03;"12674 CORE M";11/08/2026;113,76
0;"010582";"CHINELO DEDO BEIRA RIO 8449.326 BRASIL CORA";"78313 AZUL";11,000;42,99;20,28;"8449.326 BRASIL CORA";09/05/2026;111,98
0;"010581";"CHINELO DEDO BEIRA RIO 8449.326 BRASIL CORA";"109885 AMARELO/VERDE";4,000;42,99;20,28;"8449.326 BRASIL CORA";09/05/2026;111,98
0;"007899";"CHINELO DEDO BOAONDA 6720.1319 MASC TR ZEN";"7342 PRETO/CLASSIC";2,000;89,90;42,01;"6720.1319 MASC TR ZEN";/  /;114,00
0;"006557";"CHINELO DEDO CARTAGO 10954 MALAGA";"21838 M BRANCO/AZUL";8,000;104,99;51,38;"10954 MALAGA";04/12/2025;104,34
0;"006633";"CHINELO DEDO CARTAGO 11591 PARIS CINZA/AZUL";"21929 CP CINZA/AZUL";6,000;64,90;32,30;"11591";07/12/2023;100,93
0;"009375";"CHINELO DEDO CARTAGO 11729 MONTREAL";"BI162 MARROM/MARROM";10,000;52,99;25,68;"11729 MONTREAL";26/11/2025;106,35
0;"009376";"CHINELO DEDO CARTAGO 11729 MONTREAL";"BI163 PRETO/PRETO";5,000;52,99;25,68;"11729 MONTREAL";26/11/2025;106,35
0;"010352";"CHINELO DEDO CARTAGO 12158 DALLAS";"BS786";71,000;79,99;37,41;"12158 DALLAS";30/07/2026;113,82
0;"009653";"CHINELO DEDO CARTAGO 12158 DALLAS";"BM370 BEGE/MARROM";53,000;79,99;37,41;"12158 DALLAS";30/07/2026;113,82
0;"009654";"CHINELO DEDO CARTAGO 12158 DALLAS";"BM371 AZUL/VERMELHO";6,000;74,99;35,96;"12158 DALLAS";19/12/2025;108,54
0;"009883";"CHINELO DEDO CARTAGO 12308 MALAGA SPORT";"BO974 BEGE/AMARELO/PRETO";2,000;84,99;41,97;"12308 MALAGA SPORT";11/05/2026;102,50
0;"009344";"CHINELO DEDO CARTAGO 12390 SEVILHA";"BD152 CINZA/AZUL/VERMELHO";4,000;94,99;45,72;"12390 SEVILHA";01/12/2025;107,76
0;"009373";"CHINELO DEDO CARTAGO 12397 PALERMO";"BE705 CINZA/MARROM";1,000;54,99;26,36;"12397 PALERMO";08/04/2025;108,61
0;"009374";"CHINELO DEDO CARTAGO 12397 PALERMO";"BE706 CINZA/AZUL";7,000;55,99;27,94;"12397 PALERMO";08/04/2025;100,39
0;"009791";"CHINELO DEDO CARTAGO 12432 ATLANTA II";"AY832 MARROM/BEGE";63,000;44,99;19,79;"12432 ATLANTA II";17/06/2025;127,34
0;"009316";"CHINELO DEDO CARTAGO 12432 ATLANTA II";"AY837 PRETO/BEGE";38,000;44,99;20,98;"12432 ATLANTA II";17/06/2025;114,44
0;"009797";"CHINELO DEDO CARTAGO 12525 FIJI VI";"BQ134 MARROM ESCURO/BEGE";1,000;99,90;51,38;"12525 FIJI VI";12/09/2025;94,43
0;"010559";"CHINELO DEDO CARTAGO 12632 DENVER";"CB153 BEGE/MARROM";22,000;109,90;49,24;"12632 DENVER";05/05/2026;123,19
0;"010558";"CHINELO DEDO CARTAGO 12632 DENVER";"BZ375 VERDE/BEGE";34,000;109,90;49,24;"12632 DENVER";05/05/2026;123,19
0;"010836";"CHINELO DEDO FEMININO HAVAIANAS ELEGANCE PRINT";"DOURADO 570";12,000;39,99;19,89;"ELEGANCE PRINT";21/07/2026;101,06
0;"010921";"CHINELO DEDO FEMININO HAVAIANAS ELEGANCE PRINT";"76 ROSA BALETT";12,000;39,99;19,89;"ELEGANCE PRINT";21/08/2026;101,06
0;"010922";"CHINELO DEDO FEMININO HAVAIANAS SIM TRENDY";"121 BEGE PALHA H";19,000;84,99;41,87;"SIM TRENDY";21/08/2026;102,99
0;"010749";"CHINELO DEDO FEMININO HAVAIANAS SLIM ANIMALS I";"5964 CAFE/ACOBREADO";5,000;59,99;31,24;"SLIM ANIMALS I";13/08/2026;92,03
0;"010839";"CHINELO DEDO FEMININO HAVAIANAS SLIM ANIMALS I";"PRETO/SILVER 1112";11,000;59,90;28,79;"SLIM ANIMALS I";22/07/2026;108,06
0;"010841";"CHINELO DEDO FEMININO HAVAIANAS SLIM DAYDREAM";"AMARELO CAJA 5559";18,000;64,99;31,40;"SLIM DAYDREAM";22/07/2026;106,97
0;"010840";"CHINELO DEDO FEMININO HAVAIANAS SLIM DAYDREAM";"BRANCO 1 A";16,000;64,99;31,40;"SLIM DAYDREAM";22/07/2026;106,97
0;"010713";"CHINELO DEDO FEMININO HAVAIANAS SLIM GLITTER II";"1069 PRETO/PRETO G";15,000;79,99;36,72;"SLIM GLITTER II";24/06/2026;117,84
0;"010843";"CHINELO DEDO FEMININO HAVAIANAS SLIM ORGANIC I";"CAFE 727";11,000;62,99;28,79;"SLIM ORGANIC I";22/07/2026;118,79
0;"010847";"CHINELO DEDO FEMININO HAVAIANAS SLIM ORGANIC I";"ROSA BALLET/ROSA 7233";12,000;62,99;28,79;"SLIM ORGANIC I";23/07/2026;118,79
0;"010899";"CHINELO DEDO FEMININO HAVAIANAS SLIM PETS I";"3190 MANGA ROSA S1";11,000;59,99;29,67;"SLIM PETS I";13/08/2026;102,19
0;"010710";"CHINELO DEDO FEMININO HAVAIANAS SLIM POINT I";"4252 CAFE/FOGO";11,000;83,99;41,87;"SLIM POINT I";24/06/2026;100,60
0;"010733";"CHINELO DEDO FEMININO HAVAIANAS SLIM PTES I";"539 DOURADO/PRETO/BRANCO";11,000;59,99;28,79;"SLIM PTES I";30/06/2026;108,37
0;"010750";"CHINELO DEDO FEMININO HAVAIANAS SLIM TROPICAL I";"1184 ROSA DOURADO";12,000;79,90;39,25;"SLIM TROPICAL I";07/07/2026;103,57
0;"010838";"CHINELO DEDO FEMININO HAVAIANAS SLIM TROPICAL I";"BUTTERCREAM 9256";12,000;79,90;39,25;"SLIM TROPICAL I";22/07/2026;103,57
0;"010717";"CHINELO DEDO FEMININO HAVAIANAS SQUARE PALETTE GLO";"154 AREIA";12,000;79,90;36,63;"SQUARE PALETTE GLOW";24/06/2026;118,13
0;"010716";"CHINELO DEDO FEMININO HAVAIANAS SQUARE PALETTE GLO";"76 ROSA BALLET";12,000;76,99;36,63;"SQUARE PALETTE GLOW";24/06/2026;110,18
0;"010734";"CHINELO DEDO FEMININO HAVAIANAS SQUARE VELVET";"1121 CANYON CLAY";19,000;79,99;39,25;"SQUARE VELVET";30/06/2026;103,80
0;"010754";"CHINELO DEDO FEMININO HAVAIANAS TOP DISNEY CLASS I";"1138 AZUL MACEIO";12,000;76,99;36,63;"TOP DISNEY CLASS I";07/07/2026;110,18
0;"010708";"CHINELO DEDO FEMININO HAVAIANAS TOP DISNEY I";"8342 BEGE/ROSA";6,000;54,99;26,17;"TOP DISNEY I";24/06/2026;110,13
0;"010837";"CHINELO DEDO FEMININO HAVAIANAS TOP GLITTER";"AZUL MACEIO 3138";10,000;79,90;39,25;"TOP GLITTER";22/07/2026;103,57
0;"010814";"CHINELO DEDO FEMININO HAVAIANAS TOP GLITTER";"3154 VERDE MANDACARU A";11,000;79,90;39,25;"TOP GLITTER";17/07/2026;103,57
0;"010815";"CHINELO DEDO FEMININO HAVAIANAS TOP GLITTER";"3190 MANGA ROSA B";8,000;79,90;39,25;"TOP GLITTER";17/07/2026;103,57
0;"010751";"CHINELO DEDO FEMININO HAVAIANAS TOP MIX I";"1373 BUTTER/AMARELO CAJA";21,000;59,99;23,55;"TOP MIX I";07/07/2026;154,73
0;"010903";"CHINELO DEDO FEMININO HAVAIANAS TOP OCEAN MOOD";"9256 BUTTERCREAM A";9,000;62,99;30,99;"TOP OCEAN MOOD";13/08/2026;103,26
0;"010904";"CHINELO DEDO FEMININO HAVAIANAS TOP SUMMER COOL";"01 BRANCO";5,000;62,99;30,99;"TOP SUMMER COOL";13/08/2026;103,26
0;"010905";"CHINELO DEDO FEMININO HAVAIANAS TOP SUMMER VIBES I";"149 VERDE MARLON";7,000;67,99;33,27;"TOP SUMMER VIBES I";13/08/2026;104,36
0;"010872";"CHINELO DEDO FEMININO IPANEMA 27565 ANATOMICA";"CD819 BEGE/MARROM";24,000;69,99;32,73;"27565 ANATOMICA";11/08/2026;113,84
0;"010871";"CHINELO DEDO FEMININO IPANEMA 27565 ANATOMICA";"CD818 PRETO/BEGE";24,000;69,99;32,73;"27565 ANATOMICA";11/08/2026;113,84
0;"010882";"CHINELO DEDO FEMININO IPANEMA 27573 SHINE PIN";"CE653 PRETO/MANTE";32,000;34,99;16,37;"27573 SHINE PIN";16/08/2026;113,74
0;"010910";"CHINELO DEDO FEMININO IPANEMA 27573 SHINE PIN";"CE656 MAROM/ROSA";27,000;34,99;16,37;"27573 SHINE PIN";16/08/2026;113,74
0;"010909";"CHINELO DEDO FEMININO IPANEMA 27573 SHINE PIN";"CE654 BEGE/BEGE";30,000;34,99;16,37;"27573 SHINE PIN";16/08/2026;113,74
0;"008009";"CHINELO DEDO HAVAIANAS 012.43 HAV TOP";"5209 PRETO";1,000;34,90;18,60;"012.43 HAV TOP";07/07/2026;87,63
0;"009836";"CHINELO DEDO HAVAIANAS BABY DISNEY CLASSICS";"AZUL/AZUL";6,000;54,99;23,99;"BABY DISNEY CLASSICS";08/05/2026;129,22
0;"010673";"CHINELO DEDO HAVAIANAS BRASIL";"1288 AMARELO POP MARINHO";77,000;64,99;30,17;"BRASIL";11/06/2026;115,41
0;"010367";"CHINELO DEDO HAVAIANAS BRASIL";"MARINHO BR";42,000;64,99;27,99;"BRASIL";28/05/2026;132,19
0;"006399";"CHINELO DEDO HAVAIANAS DUAL";"DUAL PRETO/CINZA ACO";10,000;83,99;36,63;"DUAL";11/03/2025;129,29
0;"006395";"CHINELO DEDO HAVAIANAS DUAL";"DUAL BRANCO CINZA GELO";23,000;83,99;41,97;"DUAL";10/03/2026;100,12
0;"008658";"CHINELO DEDO HAVAIANAS DUAL";"VERDE OLIVE/BRANCO";1,000;83,99;36,63;"DUAL";11/03/2025;129,29
0;"010037";"CHINELO DEDO HAVAIANAS DUAL 25/26";"VERDE OLIVE/VERDE";12,000;83,99;43,03;"DUAL 25/26";09/04/2026;95,19
0;"010036";"CHINELO DEDO HAVAIANAS DUAL 25/26";"MARINHO/ CINZA AÇO";45,000;83,99;43,91;"DUAL 25/26";25/03/2026;91,28
0;"008846";"CHINELO DEDO HAVAIANAS ELEGANCE LISO";"EL/LIS ROSA BALLET";3,000;32,99;15,70;"ELEGANCE LISO";01/12/2025;110,13
0;"006293";"CHINELO DEDO HAVAIANAS ELEGANCE LISO";"ELEGANCE LISO PRETO/PRETO";12,000;32,99;14,81;"ELEGANCE LISO";01/12/2025;122,75
0;"009841";"CHINELO DEDO HAVAIANAS FANTASIA STYLE II";"FANT ROSA BALLET";7,000;34,99;15,99;"FANTASIA STYLE II";08/05/2026;118,82
0;"009842";"CHINELO DEDO HAVAIANAS FANTASIA STYLE II";"FANT BEGE PALHA";23,000;34,99;15,99;"FANTASIA STYLE II";08/05/2026;118,82
0;"006373";"CHINELO DEDO HAVAIANAS FLAT LISO";" FLAT LISO/PAU BRASIL HAV";2,000;27,99;12,65;"FLAT LISO";15/07/2025;121,26
0;"007699";"CHINELO DEDO HAVAIANAS H.KT MARVIL II M";"H.KT/ BRANCO/BRANCO MARVL";1,000;59,90;32,58;"H.KT MARVIL II M";21/05/2024;83,86
0;"009104";"CHINELO DEDO HAVAIANAS H.STAR WARS 2024/25";"STAR-BRANCO/PRETO";6,000;79,99;40,27;"H.STAR WARS 2024/25";14/04/2025;98,63
0;"009859";"CHINELO DEDO HAVAIANAS KIDS ATHLETIC 25/6";"ATH AZUL/AZUL";2,000;49,99;18,97;"KIDS ATHLETIC 25/6";10/03/2026;163,52
0;"009870";"CHINELO DEDO HAVAIANAS KIDS ATHLETIC 25/6";"ATHL CINZA ACO";5,000;49,99;18,22;"KIDS ATHLETIC 25/6";22/04/2026;174,37
0;"010620";"CHINELO DEDO HAVAIANAS MARVEL II";"MARV MARINHO";34,000;74,99;25,51;"MARVEL II";28/05/2026;193,96
0;"009905";"CHINELO DEDO HAVAIANAS POWER 2.0";"CINZA ACO/GRAFITE";8,000;98,90;43,44;"POWER 2.0";26/11/2025;127,67
0;"006388";"CHINELO DEDO HAVAIANAS POWER 2.0";"POWER 2.0 PRETO";14,000;98,90;41,87;"POWER 2.0";16/05/2025;136,21
0;"006387";"CHINELO DEDO HAVAIANAS POWER 2.0";"POWER 2.0 BRANCO/PRETO";25,000;98,90;39,50;"POWER 2.0";16/05/2025;150,38
0;"009031";"CHINELO DEDO HAVAIANAS POWER 2.0";"POWER MARINHO/AZUL";15,000;98,90;41,87;"POWER 2.0";11/03/2025;136,21
0;"010038";"CHINELO DEDO HAVAIANAS POWER 2.0";"PRETO/AZUL INDIGO";8,000;98,90;43,44;"POWER 2.0";14/01/2026;127,67
0;"010639";"CHINELO DEDO HAVAIANAS POWER 2.0 II";"3180 VERMELHO FREVO";9,000;98,90;47,11;"POWER 2.0 II";02/06/2026;109,93
0;"010709";"CHINELO DEDO HAVAIANAS POWER 2.0 II";"6803 PRETO VERMELHO/VERME";13,000;98,90;48,92;"POWER 2.0 II";25/08/2026;102,17
0;"010638";"CHINELO DEDO HAVAIANAS POWER 2.0 II";"3140 VERDE SAO FRANCISCO";8,000;98,90;47,11;"POWER 2.0 II";02/06/2026;109,93
0;"009762";"CHINELO DEDO HAVAIANAS SLIM GLITTER DOIS NEW";"SLIM/GLITTER CANYON CLAY";18,000;79,99;40,51;"SLIM GLITTER DOIS NEW";22/12/2025;97,46
0;"007664";"CHINELO DEDO HAVAIANAS SLIM GLITTER DOIS NEW";"SLIM/GLITTER II AREIA";12,000;79,99;36,72;"SLIM GLITTER DOIS NEW";20/02/2026;117,84
0;"009952";"CHINELO DEDO HAVAIANAS SLIM GLITTER DOIS NEW";"SLIM/GLITTER CAFE";9,000;79,99;36,72;"SLIM GLITTER DOIS NEW";07/04/2026;117,84
0;"009751";"CHINELO DEDO HAVAIANAS SLIM LISO";"WILD LIME";28,000;46,90;24,52;"SLIM LISO";10/03/2026;91,27
0;"006300";"CHINELO DEDO HAVAIANAS SLIM LISO";"SL ROSA BALLET";13,000;46,90;27,55;"SLIM LISO";13/08/2026;70,24
0;"009684";"CHINELO DEDO HAVAIANAS SLIM LISO";"LARANJA SUNSET SLIM LIS";14,000;46,90;26,86;"SLIM LISO";30/09/2025;74,61
0;"006298";"CHINELO DEDO HAVAIANAS SLIM LISO";"SL PRETO";25,000;46,90;22,50;"SLIM LISO";19/01/2026;108,44
0;"009686";"CHINELO DEDO HAVAIANAS SLIM LISO";"ROSA CHIFFON SL LIS";13,000;46,90;25,80;"SLIM LISO";22/04/2026;81,78
0;"006306";"CHINELO DEDO HAVAIANAS SLIM LISO";"SL ROSE GOLD";20,000;46,90;25,99;"SLIM LISO";13/08/2026;80,45
0;"008503";"CHINELO DEDO HAVAIANAS SLIM LISO";"SLIM LISO PESSEGO";1,000;46,90;24,61;"SLIM LISO";27/02/2025;90,57
0;"008505";"CHINELO DEDO HAVAIANAS SLIM LISO";"SLIM LISO VERDE MATCHA";3,000;46,90;19,75;"SLIM LISO";27/02/2025;137,47
0;"006297";"CHINELO DEDO HAVAIANAS SLIM LISO";"SL PINK FEVER";39,000;46,90;19,75;"SLIM LISO";11/03/2025;137,47
0;"006285";"CHINELO DEDO HAVAIANAS SLIM LISO";"SL AMARELO POP";1,000;46,90;19,75;"SLIM LISO";17/04/2024;137,47
0;"009685";"CHINELO DEDO HAVAIANAS SLIM LISO";"ROSA GUM/ROSA GUM METAL";29,000;46,90;22,50;"SLIM LISO";19/01/2026;108,44
0;"006287";"CHINELO DEDO HAVAIANAS SLIM LISO";"SL BRANCO";35,000;46,90;23,99;"SLIM LISO";08/05/2026;95,50
0;"006286";"CHINELO DEDO HAVAIANAS SLIM LISO";"SL AREIA/DOURADO";9,000;46,90;25,99;"SLIM LISO";13/08/2026;80,45
0;"009750";"CHINELO DEDO HAVAIANAS SLIM LISO";"SL LIS AZUL BRILHANTE";3,000;46,90;28,16;"SLIM LISO";21/11/2025;66,55
0;"009753";"CHINELO DEDO HAVAIANAS SLIM ORGANIC 25/26";"ORG PRETO/CINZA/OURO";14,000;59,99;28,16;"SLIM ORGANIC 25/6";09/04/2026;113,03
0;"006354";"CHINELO DEDO HAVAIANAS SLIM PETS";"PETS/ DOURADO/PRETO";3,000;54,99;26,17;"SLIM PETS";01/12/2025;110,13
0;"009996";"CHINELO DEDO HAVAIANAS SLIM PETS 25/26";"DOURADO/PRETO";4,000;59,99;27,26;"SLIM PETS 25/26";09/04/2026;120,07
0;"009760";"CHINELO DEDO HAVAIANAS SLIM POINT";"POINT ROSA GUM/CORAL TROP";5,000;79,99;45,17;"SLIM POINT";12/05/2026;77,09
0;"009759";"CHINELO DEDO HAVAIANAS SLIM POINT";"POINT FERRUNGEM/SMOK GREE";6,000;79,99;45,17;"SLIM POINT";12/05/2026;77,09
0;"009757";"CHINELO DEDO HAVAIANAS SLIM POINT";"POINT ROSE GOLD/BEGE PALH";3,000;79,99;45,17;"SLIM POINT";12/05/2026;77,09
0;"010168";"CHINELO DEDO HAVAIANAS SLIM POINT";"AMARANTO/AMARELO N";11,000;79,99;45,17;"SLIM POINT";12/05/2026;77,09
0;"009758";"CHINELO DEDO HAVAIANAS SLIM POINT";"POINT CINZA ACO";3,000;79,99;45,17;"SLIM POINT";12/05/2026;77,09
0;"010034";"CHINELO DEDO HAVAIANAS SLIM SQUARE LISO";"SMOKE GREEN SQUARE";22,000;49,99;29,47;"SLIM SQUARE LISO";13/08/2026;69,63
0;"006369";"CHINELO DEDO HAVAIANAS SLIM SQUARE LISO";"SQUARE PRETO";17,000;49,99;31,24;"SLIM SQUARE LISO";13/08/2026;60,02
0;"009839";"CHINELO DEDO HAVAIANAS SLIM SQUARE LISO";"SQU CAFE";28,000;49,99;69,98;"SLIM SQUARE LISO";13/08/2026;-28,57
0;"006367";"CHINELO DEDO HAVAIANAS SLIM SQUARE LISO";"SQE BRANCO/BRANCO";37,000;49,99;26,17;"SLIM SQUARE LISO";24/06/2026;91,02
0;"010033";"CHINELO DEDO HAVAIANAS SLIM SQUARE LISO";"CANYON CLAY N";15,000;49,99;28,16;"SLIM SQUARE LISO";28/05/2026;77,52
0;"010035";"CHINELO DEDO HAVAIANAS SLIM TROPICAL 25/6";"AMARELO CAJA";47,000;79,99;36,63;"SLIM TROPICAL 25/6";15/01/2026;118,37
0;"009858";"CHINELO DEDO HAVAIANAS SLIM TROPICAL 25/6";"TROP AZUL/AZUL";31,000;79,99;36,63;"SLIM TROPICAL 25/6";15/01/2026;118,37
0;"009350";"CHINELO DEDO HAVAIANAS SLIM TROPICAL FEM";"SLIM TROPICAL TURQUESA";2,000;72,99;36,63;"SLIM TROPICAL FEM";29/01/2025;99,26
0;"009349";"CHINELO DEDO HAVAIANAS SLIM TROPICAL FEM";"SLIM CORAL TROPICAL";2,000;72,99;34,56;"SLIM TROPICAL FEM";29/01/2025;111,20
0;"009060";"CHINELO DEDO HAVAIANAS SQUARE NEON GLITTER";"BEGE PALHA / AZUL";7,000;79,99;36,63;"SQUARE NEON GLITTER";02/12/2025;118,37
0;"009059";"CHINELO DEDO HAVAIANAS SQUARE NEON GLITTER";"BEGE/VERDE";20,000;79,99;34,56;"SQUARE NEON GLITTER";01/12/2025;131,45
0;"009840";"CHINELO DEDO HAVAIANAS T/DISN CLASSICS 25/6";"T.DISN BRANCO/VERMELHO";2,000;74,99;39,32;"T/DISN CLASSICS 25/6";10/03/2026;90,72
0;"009834";"CHINELO DEDO HAVAIANAS TOP BASIC 25/6";"T/BASIC BRANCO/BRA/AZUL";33,000;56,99;26,65;"TOP BASIC 25/6";09/04/2026;113,85
0;"009835";"CHINELO DEDO HAVAIANAS TOP BASIC 25/6";"T/BASIC PRETO/PRETO/PRETO";24,000;56,99;26,65;"TOP BASIC 25/6";09/04/2026;113,85
0;"009568";"CHINELO DEDO HAVAIANAS TOP DISNEY STITCH CLASS AD";"T/D CLASS BUTTERCREAM";44,000;79,99;25,51;"TOP DISNEY CLASS AD";31/07/2026;213,56
0;"009752";"CHINELO DEDO HAVAIANAS TOP FASHION 25/6";"FASH AMARELO CAJA";11,000;69,99;34,40;"TOP FASHION 25/6";08/01/2026;103,46
0;"009951";"CHINELO DEDO HAVAIANAS TOP FASHION 25/6";"PESSEGO/ROSA";6,000;69,99;34,40;"TOP FASHION 25/6";08/01/2026;103,46
0;"010212";"CHINELO DEDO HAVAIANAS TOP HEROIS 25/26";"HEROIS BRANCO/MARINHO";67,000;74,99;27,48;"TOP HEROIS 25/26";28/05/2026;172,89
0;"006308";"CHINELO DEDO HAVAIANAS TOP LISO";"TOP L MARINHO";27,000;39,99;19,99;"TOP LISO";13/08/2026;100,05
0;"006310";"CHINELO DEDO HAVAIANAS TOP LISO";"TOP L BRANCO";88,000;39,99;18,99;"TOP LISO";17/06/2026;110,58
0;"006307";"CHINELO DEDO HAVAIANAS TOP LISO";"TOP L AMARELO POP";22,000;39,99;18,99;"TOP LISO";17/06/2026;110,58
0;"006309";"CHINELO DEDO HAVAIANAS TOP LISO";"TOP L AZUL NAVAL";24,000;39,99;19,99;"TOP LISO";13/08/2026;100,05
0;"008502";"CHINELO DEDO HAVAIANAS TOP LISO";"TOP LISO CINZA ACO";1,000;39,99;20,39;"TOP LISO";03/05/2025;96,13
0;"006322";"CHINELO DEDO HAVAIANAS TOP LISO";"TOP L PRETO";76,000;39,99;239,88;"TOP LISO";13/08/2026;-83,33
0;"009683";"CHINELO DEDO HAVAIANAS TOP LISO";"VERMELHO APACHE TOP LI";15,000;39,99;18,99;"TOP LISO";17/06/2026;110,58
0;"009838";"CHINELO DEDO HAVAIANAS TOP LOGOMANIA2 25/6";"LOGO AZUL BRILHANTE";16,000;65,99;29,99;"TOP LOGOMANIA2 25/6";09/04/2026;120,04
0;"010715";"CHINELO DEDO HAVAIANAS TOP SENSES";"3154 VERDE MANDACARU";24,000;39,99;20,94;"TOP SENSES";24/06/2026;90,97
0;"010755";"CHINELO DEDO HAVAIANAS TOP SENSES";"1121 CANYON CLAY A";24,000;39,99;20,94;"TOP SENSES";07/07/2026;90,97
0;"010735";"CHINELO DEDO HAVAIANAS TOP SENSES";"174 AREIA/AREIA";24,000;39,99;20,94;"TOP SENSES";30/06/2026;90,97
0;"006330";"CHINELO DEDO HAVAIANAS TRADICIONAL";"HAV TRAD AZUL";77,000;29,99;14,81;"TRADICIONAL";03/06/2025;102,50
0;"007205";"CHINELO DEDO IPANEMA 27065 DISNEY BABY MENINO";"AN879  AZUL/AZUL/VERMELHO";5,000;34,99;14,91;"27065 DISNEY BABY MENINO";/  /;134,67
0;"009796";"CHINELO DEDO IPANEMA 27311 BABY SHARK";"BP219 AZUL/AZUL";28,000;27,99;14,68;"27311 BABY SHARK";23/03/2026;90,67
0;"009889";"CHINELO DEDO IPANEMA 27323 DISNEY JOY";"BR269 AZUL/AZUL TRANP";1,000;36,99;18,36;"27323 DISNEY JOY";16/07/2025;101,47
0;"009888";"CHINELO DEDO IPANEMA 27323 DISNEY JOY";"BR266 AZUL/AZUL";17,000;34,99;17,98;"27323 DISNEY JOY";19/09/2025;94,61
0;"009890";"CHINELO DEDO IPANEMA 27412 SONIC LETS";"BQ772 AZUL/AZUL";9,000;32,99;15,41;"27412 SONIC LETS";26/11/2025;114,08
0;"010346";"CHINELO DEDO IPANEMA 27507 PLUMA";"BX498 PRETO/PRETO";19,000;44,99;20,54;"27507 PLUMA";17/12/2025;119,04
0;"010347";"CHINELO DEDO IPANEMA 27507 PLUMA";"BY309 BEGE/MARROM";25,000;44,99;20,54;"27507 PLUMA";17/12/2025;119,04
0;"010345";"CHINELO DEDO IPANEMA 27507 PLUMA";"BW111BEGE/BEGE/A";15,000;44,99;20,54;"27507 PLUMA";17/12/2025;119,04
0;"010866";"CHINELO DEDO MASCULINO CARTAGO 12578 SINTRA";"CA112 BEGE/PRETO";60,000;99,99;46,77;"12578 SINTRA";11/08/2026;113,79
0;"010912";"CHINELO DEDO MASCULINO CARTAGO 12706 RAVENA";"CD051 MARROM/MARROM";60,000;69,99;32,73;"12706 RAVENA";16/08/2026;113,84
0;"010911";"CHINELO DEDO MASCULINO CARTAGO 12706 RAVENA";"CD049 PRETO/PRETO";60,000;69,99;32,73;"12706 RAVENA";16/08/2026;113,84
0;"010913";"CHINELO DEDO MASCULINO CARTAGO 12777 LUGANO";"CF060 AZUL/PRETO";42,000;39,99;18,71;"12777 LUGANO";16/08/2026;113,74
0;"010914";"CHINELO DEDO MASCULINO CARTAGO 12777 LUGANO";"CF061 MARROM/MARROM";42,000;39,99;18,71;"12777 LUGANO";16/08/2026;113,74
0;"010711";"CHINELO DEDO MASCULINO HAVAIANAS ALOHA I";"1275 VERDE OLIVE/VERDE OL";7,000;54,99;26,17;"ALOHA I";24/06/2026;110,13
0;"010748";"CHINELO DEDO MASCULINO HAVAIANAS ALOHA I";"3138 AZUL MACEIO A";5,000;54,99;26,17;"ALOHA I";07/07/2026;110,13
0;"010736";"CHINELO DEDO MASCULINO HAVAIANAS CITY BASIC I";"6841 ROSE GOLD/CAFE";10,000;69,99;28,79;"CITY BASIC I";30/06/2026;143,11
0;"010884";"CHINELO DEDO MASCULINO HAVAIANAS CITY BASIC I";"1069 PRETO B";9,000;69,99;28,79;"CITY BASIC I";12/08/2026;143,11
0;"010923";"CHINELO DEDO MASCULINO HAVAIANAS CITY BASIC I";"089 AZUL INDICO";12,000;69,99;28,79;"CITY BASIC I";25/08/2026;143,11
0;"010712";"CHINELO DEDO MASCULINO HAVAIANAS TOP ATHLETIC FC";"5671 CINZA ACO/PRETO/BRAN";3,000;52,99;20,94;"TOP ATHLETIC FC";24/06/2026;153,06
0;"010714";"CHINELO DEDO MASCULINO HAVAIANAS TOP DISNEY CLASSI";"90 PRETO";12,000;76,99;36,63;"TOP DISNEY CLASSICS";24/06/2026;110,18
0;"010808";"CHINELO DEDO MASCULINO HAVAIANAS TOP DISNEY I M";"555 MARINHO A";24,000;54,99;26,17;"TOP DISNEY I M";17/07/2026;110,13
0;"010753";"CHINELO DEDO MASCULINO HAVAIANAS TOP LOGOMANIA2";"1440 VERMELHO HIBISCO A";3,000;65,99;31,40;"TOP LOGOMANIA2";07/07/2026;110,16
0;"010813";"CHINELO DEDO MASCULINO HAVAIANAS TOP LOGO POP";"90 PRETO A";23,000;49,99;23,55;"TOP LOGO POP";17/07/2026;112,27
0;"010809";"CHINELO DEDO MASCULINO HAVAIANAS TOP MARVEL LGMN";"1069 PRETO A";8,000;64,99;28,79;"TOP MARVEL LGMN";17/07/2026;125,74
0;"010810";"CHINELO DEDO MASCULINO HAVAIANAS TOP MAX COMFORT I";"3504 AZUL BRILHANTE A";12,000;79,99;36,03;"TOP MAX COMFORT II";13/08/2026;122,01
0;"010757";"CHINELO DEDO MASCULINO HAVAIANAS TOP NAUTICAL I";"543 BRANCO/BRANCO/MARINHO";6,000;65,99;31,40;"TOP NAUTICAL I";10/07/2026;110,16
0;"010829";"CHINELO DEDO MASCULINO RIDER CORE UP 12652";"BZ1458 PRETO/PRETO";25,000;37,99;15,42;"CORE UP 12652";21/07/2026;146,37
0;"010681";"CHINELO DEDO NUVEM RIDER 12646 FLEX";"CC384 AZUL/BRANCO";34,000;109,90;51,45;"12646 FLEX";06/08/2026;113,61
0;"010682";"CHINELO DEDO NUVEM RIDER 12646 FLEX";"CC386 PRETO/CINZA";31,000;109,90;51,45;"12646 FLEX";06/08/2026;113,61
0;"009793";"CHINELO DEDO OLYMPIKUS 54102318 CARAIVA";"CHOCO/CASTOR";16,000;149,90;68,90;"54102318 CARAIVA";17/06/2025;117,56
0;"009268";"CHINELO DEDO OLYMPIKUS 54102318 - CARAIVA";"54102318 CARAIVA PRETO";24,000;149,90;68,90;"54102318 - CARAIVA";26/06/2025;117,56
0;"009567";"CHINELO DEDO OLYMPIKUS 921";"921 PRETO/BRANCO OLY";1,000;159,90;74,20;"921";27/03/2025;115,50
0;"006918";"CHINELO DEDO OLYMPIKUS 921";"921 STEEL/PETROLEO";17,000;159,90;70,00;"921";30/04/2025;128,43
0;"008405";"CHINELO DEDO OLYMPIKUS 921";"921 OLY PRETO/CHUMBO";20,000;159,90;74,20;"921";11/05/2026;115,50
0;"006864";"CHINELO DEDO RIDER 11579 STREET INF";"20766 PRETO/PRETO";114,000;34,99;16,24;"11579";23/04/2026;115,46
0;"007040";"CHINELO DEDO RIDER 11645 STREET BABY";"20766 B PRETO/PRETO";6,000;29,99;14,84;"11645 STREET BABY";17/06/2025;102,09
0;"010040";"CHINELO DEDO RIDER 12439 FEEL BABY";"BF336 PRETO/PRETO";1,000;29,99;14,38;"12439 FEEL BABY";26/11/2025;108,55
0;"010900";"CHINELO DEDO UNISSEX HAVAIANAS SIMPISONS III";"CINZA PRETO";5,000;79,99;39,22;"SIMPISONS III";13/08/2026;103,95
0;"010655";"CHINELO DEDO UNISSEX HAVAIANAS SIMPISONS III";"5559 AMARELO CAJA";11,000;79,99;36,64;"SIMPISONS III";02/06/2026;118,31
0;"010660";"CHINELO FEMININO SLIM HAVAIANAS CLASSY ESSENCE";"121 BEGE PALHA";9,000;59,99;28,79;"CLASSY ESSENCE";02/06/2026;108,37
0;"010653";"CHINELO FEMININO SLIM HAVAIANAS NAUTICAL I";"3276 MARINHO/ROSE GOLD ME";4,000;65,99;31,40;"NAUTICAL I";02/06/2026;110,16
0;"010654";"CHINELO FEMININO SLIM HAVAIANAS TOP FASHION I";"9256 BUTTERCREAM";10,000;69,99;34,02;"TOP FASHION I";02/06/2026;105,73
0;"009114";"CHINELO HAVAIANAS 7909989870273";"H.TOP S/ BRANCO/BRANCO/AZ";5,000;69,99;28,79;"7909989870273";14/04/2025;143,11
0;"008683";"CHINELO HAVAIANAS ALOHA 2024/2025";"HAV.ALO/BRANCO/BRA/VERDE";29,000;54,99;28,25;"ALOHA 2024/2025";10/03/2026;94,65
0;"008682";"CHINELO HAVAIANAS ALOHA 2024/2025";"HAV.ALO/MARINHO/MARINHO";22,000;54,99;28,18;"ALOHA 2024/2025";21/11/2025;95,14
0;"008684";"CHINELO HAVAIANAS ALOHA 2024/2025";"HAV.ALO/PRETO/PRETO/CZ";17,000;54,99;25,12;"ALOHA 2024/2025";07/04/2026;118,91
0;"006461";"CHINELO HAVAIANAS BABY DISNEY CLASSIC AZUL WATER";"AZUL WATER D";1,000;47,90;26,07;"DISNEY CLASSIC M22";/  /;83,74
0;"008662";"CHINELO HAVAIANAS BABY DISNEY CLASSICS. 24/2";"N.B.D ROSA VERMELHO";9,000;54,99;22,22;"N.B.D CLASSICS. 24/2";03/06/2025;147,48
0;"008663";"CHINELO HAVAIANAS BABY DISNEY CLASSICS. 24/25";"N.B.D AMARELO POP";6,000;54,99;22,22;"N.B.D CLASSICS 24/25";04/04/2025;147,48
0;"006240";"CHINELO HAVAIANAS BRASIL AZUL NAVAL";"AZUL NAVAL HAV BR";26,000;64,99;27,99;"BRASIL";28/05/2026;132,19
0;"006246";"CHINELO HAVAIANAS BRASIL BRANCO";"BRANCO HAV BR";94,000;64,99;37,05;"BRASIL";26/08/2026;75,41
0;"006248";"CHINELO HAVAIANAS BRASIL PRETO";"PRETO HAV BR";24,000;64,99;27,99;"BRASIL";28/05/2026;132,19
0;"009723";"CHINELO HAVAIANAS CITY BASIC";"DOURADO/CAFE/DOURADO";10,000;69,99;34,76;"CITY BASIC";10/03/2026;101,35
0;"008661";"CHINELO HAVAIANAS DISNEY STYLISH 24/25";"H.D BRANCO/AZUL TRADICION";1,000;69,99;38,79;"DISNEY STYLISH 24/25";17/07/2025;80,43
0;"008660";"CHINELO HAVAIANAS DISNEY STYLISH 24/25";"H.D BEGE PALHA / VERMELHO";2,000;69,99;32,09;"DISNEY STYLISH 24/25";23/05/2025;118,11
0;"008654";"CHINELO HAVAIANAS ELEGANCE PRINT 2024/25";"H. ELEGANCE CAFE";2,000;36,99;18,02;"ELEGANCE PRINT 2024/25";01/12/2025;105,27
0;"010107";"CHINELO HAVAIANAS FANTASIA II";"SMOKE GREEN FANTASIA";18,000;32,99;12,99;"FANTASIA II";08/05/2026;153,96
0;"010106";"CHINELO HAVAIANAS FANTASIA II";"PRETO FANTASIA";5,000;32,99;14,80;"FANTASIA II";09/04/2026;122,91
0;"010105";"CHINELO HAVAIANAS FANTASIA II";"ROSA CHIFFON FANTASIA";5,000;32,99;12,99;"FANTASIA II";08/05/2026;153,96
0;"010365";"CHINELO HAVAIANAS H. BRASIL LOGO 2024/25";"VERDE/AMARELO B/LOGO";3,000;69,99;32,97;"H. BRASIL LOGO 2024/25";30/05/2026;112,28
0;"010169";"CHINELO HAVAIANAS H. BRASIL LOGO 2024/25";"BUTTERCREAM N";15,000;69,99;30,36;"H. BRASIL LOGO 2024/25";11/05/2026;130,53
0;"008666";"CHINELO HAVAIANAS H. BRASIL LOGO 2024/25";"H. LOGO BRANCO";57,000;69,99;30,36;"H. BRASIL LOGO 2024/25";28/01/2026;130,53
0;"008665";"CHINELO HAVAIANAS H. BRASIL LOGO 2024/25";"H. LOGO PRETO";5,000;69,99;32,97;"H. BRASIL LOGO 2024/25";08/01/2026;112,28
0;"008664";"CHINELO HAVAIANAS H. BRASIL LOGO 2024/25";"H. LOGO AZUL NAVAL";1,000;69,99;32,97;"H. BRASIL LOGO 2024/25";11/05/2026;112,28
0;"010366";"CHINELO HAVAIANAS H. BRASIL LOGO 2024/25";"ROSA CHIFFON B/LOGO";1,000;65,99;32,97;"H. BRASIL LOGO 2024/25";08/01/2026;100,15
0;"008517";"CHINELO HAVAIANAS KIDS ATHLETIC 24/25";"HAV AT. BRANCO/AZUL NAVAL";9,000;49,99;14,81;"ATHLETIC KIDS 24/25";09/05/2025;237,54
0;"009927";"CHINELO HAVAIANAS KIDS FLORES";"BEGE DOURADO";6,000;42,99;17,49;"KIDS FLORES";08/05/2026;145,80
0;"009928";"CHINELO HAVAIANAS KIDS FLORES";"ROSA CONFETE";3,000;42,99;17,49;"KIDS FLORES";08/05/2026;145,80
0;"009013";"CHINELO HAVAIANAS KIDS HEROIS";"K HER CINZA ACO";2,000;59,99;27,16;"KIDS HEROIS";17/11/2025;120,88
0;"009012";"CHINELO HAVAIANAS KIDS HEROIS";"K HER MARINHO";14,000;59,99;27,16;"KIDS HEROIS";29/01/2025;120,88
0;"010339";"CHINELO HAVAIANAS KIDS MINECRAFT FC";"1077 CINZA/ACO/BRANCO";4,000;69,99;39,12;"KIDS MINECRAFT FC";09/04/2026;78,91
0;"010338";"CHINELO HAVAIANAS KIDS TOP WARNER";"0555 MARINHO";6,000;64,99;29,47;"TOP WARNER BATMAN";09/04/2026;120,53
0;"009940";"CHINELO HAVAIANAS N.B.D.CLASSICS";"ROSA GLOW";8,000;54,99;23,99;"N.B.D.CLASSICS";08/05/2026;129,22
0;"009042";"CHINELO HAVAIANAS OLD TOP TIMES II";"OLD SANTOS BRANCO/BRANCO";5,000;74,99;34,99;"OLD TOP TIMES II";13/08/2026;114,32
0;"009955";"CHINELO HAVAIANAS OLD TOP TIMES II";"OLD CORINTHIANS PRETO/PRE";9,000;74,99;34,99;"OLD TOP TIMES II";13/08/2026;114,32
0;"009954";"CHINELO HAVAIANAS OLD TOP TIMES II";"OLD PALMEIRAS VERDE PATRI";12,000;74,99;34,99;"OLD TOP TIMES II";13/08/2026;114,32
0;"010102";"CHINELO HAVAIANAS OLD TOP TIMES II";"OLD SAO PAULO PRETO/PRETO";15,000;74,99;34,99;"OLD TOP TIMES II";13/08/2026;114,32
0;"008733";"CHINELO HAVAIANAS PRICE TUBE 2024/25";"PRICE TUBE -PRETO";2,000;29,99;14,37;"PRICE TUBE 2024/25";15/07/2025;108,70
0;"008735";"CHINELO HAVAIANAS PRICE TUBE 2024/25";"PRICE-TUBE PINK LIMONADE";2,000;29,99;14,37;"PRICE TUBE 2024/25";15/07/2025;108,70
0;"009995";"CHINELO HAVAIANAS SIMPSONS 25/26";"BRANCO/AZUL HOMMER";59,000;79,99;23,55;"SIMPSONS 25/26";22/06/2026;239,66
0;"010108";"CHINELO HAVAIANAS SLIM ANIMALS";"ROSE GOLD ANIMALS";3,000;59,99;26,15;"SLIM ANIMALS";08/05/2026;129,41
0;"008653";"CHINELO HAVAIANAS SLIM GLOSS 2024/25";"H. GLOSS AMARANTO";2,000;54,99;26,17;"SLIM GLOSS 2024/25";01/12/2025;110,13
0;"008518";"CHINELO HAVAIANAS SLIM ORGANIC 24/25";"HAV.SLIM PRETO/CINZA/DARK";1,000;57,90;27,32;"SLIM ORGANIC 24/25";03/05/2025;111,93
0;"008615";"CHINELO HAVAIANAS SLIM ORGANIC 24/25";"H.SLIM ROSA/ROSE GOLD";1,000;57,90;27,32;"SLIM ORGANIC 24/25";01/12/2025;111,93
0;"008744";"CHINELO HAVAIANAS TOP. ATHLETIC 2024/25";"HAV.TOP.MARINHO/BRANCO/BR";33,000;48,99;17,28;"TOP. ATHLETIC 2024/25";11/03/2025;183,51
0;"008745";"CHINELO HAVAIANAS TOP. ATHLETIC 2024/25";"HAV.TOP PRETO/PTO/PTO";33,000;48,99;17,28;"TOP. ATHLETIC 2024/25";11/03/2025;183,51
0;"008743";"CHINELO HAVAIANAS TOP. ATHLETIC 2024/25";"H,TOP NOVO GRAFITE";49,000;48,99;17,28;"TOP. ATHLETIC 2024/25";11/03/2025;183,51
0;"010417";"CHINELO HAVAIANAS TOP ATHLETIC FC";"PRETO LARANJA SUNSET";43,000;49,99;20,94;"TOP ATHLETIC FC";20/02/2026;138,73
0;"006078";"CHINELO HAVAIANAS TOP BASIC";"T BASIC BRANCO/BR/BRANCO";36,000;51,99;23,55;"TOP BASIC";30/06/2026;120,76
0;"006421";"CHINELO HAVAIANAS TOP BASIC";"T BASIC MARINHO/MAR/BRANC";9,000;51,99;26,21;"TOP BASIC";30/06/2026;98,36
0;"006424";"CHINELO HAVAIANAS TOP BASIC";"T BASIC PRETO/PRE/BRANCO";6,000;51,99;22,22;"TOP BASIC";30/06/2026;133,98
0;"010337";"CHINELO HAVAIANAS TOP BRASIL VIBES";"0198 BRANCO";10,000;54,99;26,77;"TOP BRASIL VIBES";16/12/2025;105,42
0;"006426";"CHINELO HAVAIANAS TOP MAX COMFORT";"T MAX CONF MARINHO";10,000;79,99;28,79;"TOP MAX COMFORT";11/05/2026;177,84
0;"010101";"CHINELO HAVAIANAS TOP MAX COMFORT";"CINZA GELO MAX";4,000;79,99;92,58;"TOP MAX COMFORT";08/05/2026;-13,60
0;"006427";"CHINELO HAVAIANAS TOP MAX COMFORT";"T MAX CONF CINZA/ACO";4,000;79,99;28,79;"TOP MAX COMFORT";12/05/2025;177,84
0;"010100";"CHINELO HAVAIANAS TOP MAX COMFORT II";"BRANCO/AZUL MAX";42,000;79,99;32,99;"TOP MAX COMFORT II";22/04/2026;142,47
0;"006428";"CHINELO HAVAIANAS TOP MAX COMFORT II";"T MAX CONF PRETO";32,000;79,99;33,99;"TOP MAX COMFORT II";13/08/2026;135,33
0;"010245";"CHINELO HAVAIANAS TOP NARUTO 25/6";"AREIA/AREIA NARUTO";5,000;79,99;36,63;"TOP NARUTO 25/6";07/11/2025;118,37
0;"008193";"CHINELO HAVAIANAS TOP NAUTICAL";"HAV.BEGE PALHA/MARINHO/VR";1,000;67,90;32,15;"TOP NAUTICAL";16/04/2024;111,20
0;"006423";"CHINELO HAVAIANAS TOP NAUTICAL BRANCO/BRANCO/MARIN";"T NAUTI BRANCO/BR/MARINHO";11,000;69,90;28,79;"TOP NAUTICAL";13/03/2025;142,79
0;"009044";"CHINELO HAVAIANAS TOP SIMPSONS 2025";"SIMPSONS AMARELO POP";1,000;64,99;31,25;"TOP SIMPSONS 2025";01/12/2025;107,97
0;"009950";"CHINELO HAVAIANAS TOP SUMMER VIBES";"BUTTERCREAM  VIBES";26,000;59,99;24,99;"TOP SUMMER VIBES";17/06/2026;140,06
0;"009949";"CHINELO HAVAIANAS TOP SUMMER VIBES";"PESSEGO VIBES";10,000;59,99;27,72;"TOP SUMMER VIBES";08/05/2026;116,41
0;"009721";"CHINELO HAVAIANAS TOP SURFER 25/6";"BRANCO/BRANCO";18,000;69,90;30,36;"TOP SURFER 25/6";20/02/2026;130,24
0;"009761";"CHINELO HAVAIANAS TOP SURFER 25/6";"SURF ZUL LAVANDA";18,000;69,99;30,36;"TOP SURFER 25/6";25/06/2025;130,53
0;"009103";"CHINELO HAVAIANAS TOP TIMES I";"SAO PAULO I";7,000;74,99;27,16;"TOP TIMES I";11/03/2025;176,10
0;"009004";"CHINELO HAVAIANAS TOP TIMES I";"CORINTHIANS I";4,000;74,99;35,38;"TOP TIMES I";19/08/2025;111,96
0;"009620";"CHINELO HAVAIANAS TOP TIRAS";"ROSA BALLET/TIRAS";80,000;39,99;19,99;"TOP TIRAS";13/08/2026;100,05
0;"009718";"CHINELO HAVAIANAS TOP TIRAS";"ROSE GOLD TIRAS";44,000;39,99;19,99;"TOP TIRAS";13/08/2026;100,05
0;"009695";"CHINELO HAVAIANAS TOP TIRAS";"TIRAS CAFE";74,000;39,99;19,99;"TOP TIRAS";13/08/2026;100,05
0;"009724";"CHINELO HAVAIANAS TOP WARNER LOGOMANIA";"BRANCO/AZUL";7,000;64,99;26,17;"TOP WARNER LOGOMANIA";21/06/2025;148,34
0;"008656";"CHINELO HAVAIANAS TRACK WAVES 2024/25";"T/WAVES BRANCO";19,000;59,99;23,55;"TRACK WAVES 2024/25";21/03/2026;154,73
0;"008737";"CHINELO HAVAIANAS TRACK WAVES 2024/25";"WAVES-CINZA GELO";7,000;59,99;23,55;"TRACK WAVES 2024/25";21/03/2026;154,73
0;"006331";"CHINELO HAVAIANAS TRADICIONAL";"HAV TRAD PRETO";94,000;29,99;14,81;"TRADICIONAL";23/05/2025;102,50
0;"006341";"CHINELO HAVAIANAS TRADICIONAL";"HAV TRAD ROSA FLUX";55,000;29,99;14,81;"TRADICIONAL";11/03/2025;102,50
0;"009885";"CHINELO HAVAIANAS WARNER CLAS";"WARN BEGE PALHA";2,000;69,99;31,40;"WARNER CLAS";16/07/2025;122,90
0;"002331";"CHINELO HAVAINAS FLAT DUO LISO PRETO";"FLAT DUO";1,000;33,90;17,51;"7909690803706";/  /;93,60
0;"010604";"CHINELO INFANTIL DEDO CARTAGO 11858 ALABAMA KI";"BU280 PRETO/CASTOR";48,000;54,99;24,61;"11858 ALABAMA KI";18/05/2026;123,45
0;"010651";"CHINELO INFANTIL DEDO HAVAIANAS ATHLETIC K";"0555 MARINHO K";24,000;45,90;18,32;"ATHLETIC K";02/06/2026;150,55
0;"010652";"CHINELO INFANTIL DEDO HAVAIANAS ATHLETIC K";"2703 VERDE PATRIA K";18,000;45,90;18,32;"ATHLETIC K";02/06/2026;150,55
0;"010760";"CHINELO INFANTIL DEDO HAVAIANAS BLUEY";"3138 AZUL MACEIO A1";11,000;59,99;28,79;"BLUEY";10/07/2026;108,37
0;"010811";"CHINELO INFANTIL DEDO HAVAIANAS BLUEY F";"121 BEGE PALHA A";14,000;59,99;28,79;"BLUEY F";17/07/2026;108,37
0;"010640";"CHINELO INFANTIL DEDO HAVAIANAS KIDS DISNEY";"348 VERMELHO/PRETO";22,000;49,99;23,54;"KIDS DISNEY";02/06/2026;112,36
0;"010642";"CHINELO INFANTIL DEDO HAVAIANAS KIDS DISNEY";"3504 AZUL BRILHANTE";18,000;49,99;23,54;"KIDS DISNEY";02/06/2026;112,36
0;"010641";"CHINELO INFANTIL DEDO HAVAIANAS KIDS DISNEY F";"1440 VERMELHO HIBISCO";18,000;52,90;23,54;"KIDS DISNEY F";02/06/2026;124,72
0;"010637";"CHINELO INFANTIL DEDO HAVAIANAS KIDS FLORES I";"3138 AZUL MACEIO";18,000;45,90;20,79;"KIDS FLORES I";13/08/2026;120,78
0;"010707";"CHINELO INFANTIL DEDO HAVAIANAS KIDS FLORES I";"3190 MANGA ROSA";15,000;45,90;18,32;"KIDS FLORES I";24/06/2026;150,55
0;"010842";"CHINELO INFANTIL DEDO HAVAIANAS KIDS TOP WARNER";"AZUL MACEIO 3138 A";17,000;59,90;26,17;"KIDS TOP WARNER";22/07/2026;128,89
0;"010656";"CHINELO INFANTIL DEDO HAVAIANAS MINECRAFT I";"3498 CINZA GELO";15,000;59,99;24,84;"MINECRAFT I";02/06/2026;141,51
0;"010657";"CHINELO INFANTIL DEDO HAVAIANAS MINECRAFT I";"3504 AZUL BRILHANTE M";22,000;59,99;24,84;"MINECRAFT I";02/06/2026;141,51
0;"010812";"CHINELO INFANTIL DEDO HAVAIANAS SLIM DISNEY STITIC";"3138 AZUL MACEIO A3";27,000;69,90;34,76;"SLIM DISNEY STITIC";13/08/2026;101,09
0;"010747";"CHINELO INFANTIL DEDO HAVAIANAS TOP DISNEY CLASS K";"HV BUTTERCREAM";3,000;54,99;44,95;"TOP DISNEY CLASS K";07/07/2026;22,34
0;"010758";"CHINELO INFANTIL DEDO HAVAIANAS TOP MARVEL II K";"555 MARINHO";11,000;62,90;26,17;"TOP MARVEL II K";10/07/2026;140,35
0;"010759";"CHINELO INFANTIL DEDO HAVAIANAS TOP MARVEL II K";"1440 VERMELHO HIBISCO A1";17,000;62,90;26,17;"TOP MARVEL II K";10/07/2026;140,35
0;"010560";"CHINELO INFANTIL DEDO IPANEMA 27012 FANTASIA I M";"CB124 PRETO/PRETO";36,000;24,99;9,85;"27012 FANTASIA I M";05/05/2026;153,71
0;"010776";"CHINELO INFANTIL DEDO IPANEMA 27291 BARBIE MEU I";"CC363 ROSA/ROSA";70,000;32,99;15,42;"27291 BARBIE MEU I";13/07/2026;113,94
0;"010778";"CHINELO INFANTIL DEDO IPANEMA 27632 PATRULHA CA K";"CD953 AZUL/AZUL";66,000;29,99;14,03;"27632 PATRULHA CA K";13/07/2026;113,76
0;"010777";"CHINELO INFANTIL DEDO IPANEMA 27632 PATRULHA CANIN";"CD950 ROSA/ROSA";50,000;29,99;14,03;"27632 PATRULHA CANIN";13/07/2026;113,76
0;"010774";"CHINELO INFANTIL DEDO RIDER 12673 CORE UP";"CA675 PRETO/PRETO";64,000;32,99;15,42;"12673 CORE UP";13/07/2026;113,94
0;"010885";"CHINELO INFANTIL MENINA HAVAIANAS SLIM PETS F";"539 DOURADO/PRETO/BRAN A";22,000;54,99;23,22;"SLIM PETS F";12/08/2026;136,82
0;"010858";"CHINELO INFANTIL MENINA IPANEMA SHINE 27569";"CE465 ROSA PETALA";22,000;29,99;14,03;"SHINE 27569";30/07/2026;113,76
0;"010857";"CHINELO INFANTIL MENINA IPANEMA SHINE 27569";"CE463 PRETO/ROSA";17,000;29,99;14,03;"SHINE 27569";30/07/2026;113,76
0;"009784";"CHINELO IPANEMA 25431 BABY";"BJ435 AZUL ESCURO";5,000;24,99;13,11;"25431 BABY";17/06/2025;90,62
0;"008706";"CHINELO IPANEMA 25431 BABY GATINHA";"AX725 ROSA/ROSA/C";1,000;24,99;11,98;"25431 BABY GATINHA";01/12/2025;108,60
0;"008707";"CHINELO IPANEMA 25431 BABY LEAOZINHO";"BE697 IP/AZUL/AZUL";3,000;24,99;11,98;"25431 BABY LEAOZINHO";28/06/2024;108,60
0;"009485";"CHINELO IPANEMA 26121 ANATOMICA";"BL414 ROSA/GLITTE";2,000;34,99;16,42;"26121 ANATOMICA";28/02/2025;113,09
0;"010051";"CHINELO IPANEMA 26790 TURMA MONICA";"BR672 ROSA MEDIO N";2,000;24,99;12,84;"26790 TURMA MONICA";26/11/2025;94,63
0;"007197";"CHINELO IPANEMA 26791 TURMA MONICA";"AT993 ROSA/AMARELO";4,000;24,99;11,73;"26791 TURMA MONICA";/  /;113,04
0;"008853";"CHINELO IPANEMA 26791 TURM MONICA F";"BB032I/TMON ROSA/ROSA/VE";4,000;25,99;11,98;"26791 TURM MONICA F";13/07/2024;116,94
0;"006866";"CHINELO IPANEMA 26791 TURM MONICA M";"AX417 AZUL/AZUL";7,000;25,99;12,42;"26791 TURM MONICA M";30/11/2023;109,26
0;"008854";"CHINELO IPANEMA 26791 TURM MONICA M";"BB036I/TMON AZUL/AZUL";8,000;25,99;11,98;"26791 TURM MONICA M";13/07/2024;116,94
0;"007013";"CHINELO IPANEMA 27065 DISNEY BABY";"AV540 ROSA/ROSA/B";5,000;34,99;14,91;"27065 DISNEY BABY";09/01/2024;134,67
0;"008855";"CHINELO IPANEMA 27065 DISNEY MARIE";"BC951I/DISN ROSA/GLITTER";5,000;35,99;16,77;"27065 DISNEY MARIE";13/07/2024;114,61
0;"008712";"CHINELO IPANEMA 27071 GALINHA PINTAD";"BD775 AZUL/AZUL/C";12,000;24,99;11,98;"27071 GALINHA PINTAD";02/07/2024;108,60
0;"010521";"CHINELO IPANEMA 27114 DECK CITY";"CB460 AZUL/PRETO";46,000;29,99;13,78;"27114 DECK CITY";23/04/2026;117,63
0;"009487";"CHINELO IPANEMA 27182 GLITTER BABY";"AW986 ROSA/ROSA";6,000;29,99;14,08;"27182 GLITTER BABY";17/11/2025;113,00
0;"008808";"CHINELO IPANEMA 27192 M/BITA BABY F";"BF453BITA ROSA/AMARELO";18,000;29,99;14,37;"27192 M/BITA BABY F";08/07/2024;108,70
0;"008807";"CHINELO IPANEMA 27192 M/BITA BABY M";"BF451BITA AZUL/VERDE";15,000;29,99;14,37;"27192 M/BITA BABY M";08/07/2024;108,70
0;"009578";"CHINELO IPANEMA 27230 DIVERSA";"BJ760 BEGE/BEGE/VERDE";2,000;22,99;9,38;"27230 DIVERSA";01/12/2025;145,10
0;"010052";"CHINELO IPANEMA 27248 BELLE BABY";"BEGE/BEGE";10,000;39,99;21,04;"27248 BELLE BABY";17/07/2026;90,07
0;"010522";"CHINELO IPANEMA 27273 GARDEN SHINE";"BX858 ROSA/GLITTE";37,000;36,99;17,23;"27273 GARDEN SHINE";23/04/2026;114,68
0;"008720";"CHINELO IPANEMA 27296 PATRULHA CANIN";"BE822 AZUL/AZUL";1,000;29,99;14,37;"27296 PATRULHA CANIN";02/07/2024;108,70
0;"009957";"CHINELO IPANEMA 27296 PATRULHA CANINA AZUL";"AZUL/AZUL";18,000;29,99;15,41;"27296 PATRULHA AZUL";19/09/2025;94,61
0;"009958";"CHINELO IPANEMA 27296 PATRULHA CANINA ROSA";"ROSA/ROSA";2,000;29,99;15,73;"27296 PATRULHA ROSA";21/08/2025;90,65
0;"008719";"CHINELO IPANEMA 27296 PATRULHA CANIN F";"BE803 ROSA/ROSA";1,000;29,99;14,37;"27296 PATRULHA CANIN F";02/07/2024;108,70
0;"010523";"CHINELO IPANEMA 27318 HOT WHEELS";"BR204";29,000;29,99;13,78;"27318 HOT WHEELS";23/04/2026;117,63
0;"010524";"CHINELO IPANEMA 27383 DAY";"BQ428 BEGE/BEGE";22,000;24,99;9,85;"27383 DAY";23/04/2026;153,71
0;"010530";"CHINELO IPANEMA 27388 HYPE";"CB863 PRETO/PRETO";29,000;32,99;16,37;"27388 HYPE";03/07/2026;101,53
0;"010292";"CHINELO IPANEMA 27398 GLOW";"BU033 OFF WHITE";6,000;26,99;12,84;"27398 GLOW";26/11/2025;110,20
0;"010054";"CHINELO IPANEMA 27398 GLOW";"PRETO GLOW";1,000;26,99;12,84;"27398 GLOW";26/11/2025;110,20
0;"010063";"CHINELO IPANEMA 27435 HELLO KITT";"ROSA/GLITTER";7,000;39,99;20,54;"27435 HELLO KITT";19/09/2025;94,69
0;"010064";"CHINELO IPANEMA 27438 ANATOMICA F";"LILAS/LILAS";3,000;34,99;17,98;"27438 ANATOMICA F";19/12/2025;94,61
0;"010065";"CHINELO IPANEMA 27438 ANATOMICA M";"VERDE/VERDE";6,000;34,99;17,98;"27438 ANATOMICA M";19/12/2025;94,61
0;"010525";"CHINELO IPANEMA 27511 CAPIVARA";"BX628 AZUL/ROSA";11,000;42,99;19,69;"27511 CAPIVARA";23/04/2026;118,33
0;"010297";"CHINELO IPANEMA 27513 SPIDEY";"BW997 AZUL/AZUL";11,000;39,99;20,54;"27513 SPIDEY";26/11/2025;94,69
0;"010526";"CHINELO IPANEMA 27539 HELLO KITT";"BZ164 AZUL/ROSA";35,000;32,99;14,77;"27539 HELLO KITT";23/04/2026;123,36
0;"010447";"CHINELO IPANEMA 27543 HELLO KITT BAB";"BZ133 AZUL/ROSA";28,000;32,99;14,77;"27543 HELLO KITT BAB";23/04/2026;123,36
0;"003607";"CHINELO IPANEMA JURASSIC WORLD ADVENTURE BRILHA NO";"CHINELO";13,000;29,90;20,29;"7909806579778";/  /;47,36
0;"010061";"CHINELO IPANEMA KIDS 27433 PATRULHA CANIN";"BS313 ROSA/ROSA T";1,000;24,99;12,84;"27433 PATRULHA CANIN";25/11/2025;94,63
0;"010351";"CHINELO KIDS CARTAGO 10808 DAKAR";"BW108 CINZA/PRETO";21,000;49,99;22,14;"10808 DAKAR";18/05/2026;125,79
0;"010356";"CHINELO KIDS CARTAGO 11841 ATLANTA";"BQ790 CINZA/BASAL";15,000;39,99;19,53;"11841 ATLANTA";19/12/2025;104,76
0;"009763";"CHINELO KIDS HAVAIANAS K/TOP MARVEL II 25/6";"MARV BRANCO/BRANCO/AZUL";2,000;59,99;30,92;"K/TOP MARVEL II 25/6";22/04/2026;94,02
0;"010104";"CHINELO KIDS HAVAIANAS K/TOP MARVEL II 25/6";"MARVEL/AZUL BRILHANTE";1,000;59,99;30,37;"K/TOP MARVEL II 25/6";08/05/2026;97,53
0;"010103";"CHINELO KIDS HAVAIANAS TOP WARNER TOM AND JERRY";"0031 AZUL KIDS";7,000;59,99;29,99;"TOP WARNER TOM AND JERRY";10/03/2026;100,03
0;"010289";"CHINELO KIDS IPANEMA 26790 TURMA CEBOLINHA";"BR675 AZUL/PRETO";8,000;24,99;12,84;"26790 TURMA CEBOLINHA";26/11/2025;94,63
0;"010290";"CHINELO KIDS IPANEMA 27012 FANTASIA I";"BU049 VERDE/VERDE";1,000;19,99;10,27;"27012 FANTASIA I";26/11/2025;94,64
0;"010275";"CHINELO KIDS IPANEMA 27324 JURASSIC PARK II";"BT998  VERDE/VERDE";9,000;32,99;15,41;"27324 JURASSIC PARK II";25/11/2025;114,08
0;"010742";"CHINELO KIDS SLIDE RIDER 12683 FEEL KI";"CA759 PRETO/PRETO";56,000;44,99;21,04;"12683 FEEL KI";03/07/2026;113,83
0;"009749";"CHINELO KIDS SLIM HAVAIANAS DISNEY LILO & STITCH";"STITCH BUTTERCREAM";1,000;69,99;31,48;"DISNEY LILO & STITCH";08/05/2026;122,33
0;"009904";"CHINELO KIDS SLIM HAVAIANAS GLITTER II";"BLOSSON/ROSA FUX";1,000;79,99;36,63;"GLITTER II";18/07/2025;118,37
0;"009860";"CHINELO KIDS SLIM HAVAIANAS PRINCESS 25/6";"PINC BEGE PALHA/BEGE";9,000;59,99;28,99;"PRINCESS 25/6";22/04/2026;106,93
0;"009869";"CHINELO KIDS SLIM HAVAIANAS PRINCESS 25/6";"PRINC ROSA/ROSA";14,000;59,99;28,99;"PRINCESS 25/6";11/05/2026;106,93
0;"009756";"CHINELO KIDS SLIM HAVAIANAS PRINCESS FROZEN 25/26";"PRINC AZUL/AZUL LAVANDA";9,000;59,99;28,99;"PRINCESS FROZEN 25/6";22/04/2026;106,93
0;"010649";"CHINELO KIDS SLIM HAVAIANAS PRINCESS I";"3173 LARANJA SERINGUELA";14,000;62,99;28,79;"PRINCESS I";02/06/2026;118,79
0;"010756";"CHINELO KIDS SLIM HAVAIANAS PRINCESS I";"3190 MANGA ROSA A";22,000;62,99;28,79;"PRINCESS I";10/07/2026;118,79
0;"010650";"CHINELO KIDS SLIM HAVAIANAS PRINCESS I";"8442 ROXO/ROXO";21,000;62,99;28,79;"PRINCESS I";02/06/2026;118,79
0;"004855";"CHINELO KLIN ACQUA PRINT 442101 OFF WHITE";"442101 C";2,000;54,99;24,96;"7909585678617";/  /;120,31
0;"010658";"CHINELO MASCULINO DEDO HAVAIANAS TOP NARUTO I";"0121 BEGE PALHA";12,000;79,99;39,25;"TOP NARUTO I";02/06/2026;103,80
0;"010659";"CHINELO MASCULINO DEDO HAVAIANAS TOP WARNER CLASSI";"6516 BEGE/BEGE";7,000;75,99;36,63;"TOP WARNER CLASSICS";02/06/2026;107,45
0;"010478";"CHINELO MODARE 7162.333 NATURE";"108352 ALECRIM";7,000;99,90;49,70;"7162.333 NATURE";11/06/2026;101,01
0;"010479";"CHINELO MODARE 7162.333 NATURE";"15745 PRETO A";4,000;99,90;49,70;"7162.333 NATURE";11/06/2026;101,01
0;"004186";"CHINELO OLYMPIKUS HYDRA PRETO/CINZA ESCURO";"HYDRA OL";4,000;89,90;40,00;"7894929982997";/  /;124,75
0;"010919";"CHINELO PAPETE SLIDE IPANEMA 27595 SHINE";"CE791 PRETO/BEGE";36,000;44,99;21,04;"27595 SHINE";16/08/2026;113,83
0;"010920";"CHINELO PAPETE SLIDE IPANEMA 27595 SHINE";"CE793 MARROM/MANTEIGA";36,000;44,99;21,04;"27595 SHINE";16/08/2026;113,83
0;"010516";"CHINELO RASTEIRA GRENDHA 19290 BRILHO";"CA854 MARROM URSO";6,000;44,99;19,69;"19290 BRILHO";23/04/2026;128,49
0;"010518";"CHINELO RASTEIRA GRENDHA 19290 BRILHO";"CA857 PRETO/MARRO";23,000;44,99;19,69;"19290 BRILHO";23/04/2026;128,49
0;"010517";"CHINELO RASTEIRA GRENDHA 19290 BRILHO";"CA855 OFF WHITE";3,000;44,99;19,69;"19290 BRILHO";23/04/2026;128,49
0;"010533";"CHINELO RASTEIRA GRENDHA 19378 MAIS CONFORTO";"BY819 OFF WHITE";7,000;54,99;24,61;"19378 MAIS CONFORTO";23/04/2026;123,45
0;"010512";"CHINELO RASTEIRA SLIDE VIZZANO 6553.411 IMPERIAL";"17606 PRETO/OURO CLARO";5,000;119,99;54,28;"6553.411 IMPERIAL";17/04/2026;121,06
0;"009785";"CHINELO RIDER 11573 STREET AD";"AE963 PRETO/CINZA";2,000;37,99;16,95;"11573 STREET AD";26/11/2025;124,13
0;"007048";"CHINELO RIDER 11573 STREET AD";"AE960 AD PRETO/PRETO";13,000;37,99;17,23;"11573 STREET AD";23/04/2026;120,49
0;"006105";"CHINELO RIDER 11592 SLIDE STREET";"AR411 PRETO/PRETO";12,000;44,90;19,38;"11592 SLIDE STREET";26/11/2025;131,68
0;"010006";"CHINELO RIDER 11645 STREET BABY";"ROSA RIDER";1,000;29,99;15,41;"11645 STREET BABY";19/12/2025;94,61
0;"010042";"CHINELO RIDER 12573 PULSE";"BS508 BRANCO/BRANCO";4,000;49,99;25,68;"12573 PULSE";19/09/2025;94,67
0;"001558";"CHINELO RIDER KIDS STREET OLE PRETO/ PRETO";"PRETO/PR";1,000;22,99;12,28;"7909510597679";/  /;87,21
0;"010166";"CHINELO SLIDE ACTVITTA 4856.100 SLIDE EVA";"105658 ROSA S";3,000;79,90;38,50;"4856.100 SLIDE EVA";10/10/2025;107,53
0;"009914";"CHINELO SLIDE ACTVITTA 4942.100";"BRANCO";14,000;89,90;42,61;"4942.100 SLIDE EVA";01/04/2026;110,98
0;"009913";"CHINELO SLIDE ACTVITTA 4942.100";"PRETO 01";1,000;89,90;42,61;"4942.100 SLIDE EVA";01/04/2026;110,98
0;"010265";"CHINELO SLIDE BEIRA RIO 8360.303 NAPA LEZARD";"PRETO GRECIA";2,000;74,99;34,79;"8360.303 NAPA LEZARD";19/11/2025;115,55
0;"009565";"CHINELO SLIDE BEIRA RIO 8360.303 NAPA TURIM";"15745 PRETO/CREME NP/T SL";3,000;64,99;29,61;"8360.303 NAPA TURIM";19/11/2025;119,49
0;"009564";"CHINELO SLIDE BEIRA RIO 8360.303 NAPA TURIM";"15745 PRETO NP/T SL";3,000;64,99;25,77;"8360.303 NAPA TURIM";27/03/2025;152,19
0;"009566";"CHINELO SLIDE BEIRA RIO 8360.353 TU/METALIZA";"75365 PRETO TU/MET";1,000;69,90;31,74;"8360.353 TU/METALIZA";27/03/2025;120,23
0;"010513";"CHINELO SLIDE CARTAGO 12626 DAKAR IV";"BY804 MARROM/MARROM";19,000;72,99;34,46;"12626 DAKAR IV";23/04/2026;111,81
0;"008361";"CHINELO SLIDE COURO PLUS SIZE PEGADA 530642";"642-02 SIZ ANILINA PINHAO";10,000;229,90;110,24;"530642";25/06/2025;108,54
0;"010721";"CHINELO SLIDE FEMININO ACTVITTA 4862.100 EVA";"15745 PRETO SLL";17,000;89,90;47,01;"4862.100 EVA";24/06/2026;91,24
0;"010722";"CHINELO SLIDE FEMININO ACTVITTA 4862.100 EVA";"62016 VERDE AGUA";8,000;89,90;47,01;"4862.100 EVA";24/06/2026;91,24
0;"010720";"CHINELO SLIDE FEMININO ACTVITTA 4862.100 EVA";"110395 BLUSH/ROSA";17,000;89,90;47,01;"4862.100 EVA";24/06/2026;91,24
0;"010794";"CHINELO SLIDE FEMININO KIDSTEP 2176.002 BORBOLETA";"3 LILAS";15,000;39,99;7,75;"2176.002 BORBOLETA";17/07/2026;416,00
0;"010795";"CHINELO SLIDE FEMININO KIDSTEP 2176.006 STIT";"2 ROSA";15,000;39,99;7,75;"2176.006 STIT";17/07/2026;416,00
0;"010796";"CHINELO SLIDE FEMININO KIDSTEP 2176.007 MARGARIDA";"2 ROSA A";15,000;39,99;7,75;"2176.007 MARGARIDA";17/07/2026;416,00
0;"010799";"CHINELO SLIDE FEMININO KIDSTEP 2176.040 CAPIVARA";"4 PINK";15,000;39,90;7,75;"2176.040 CAPIVARA";17/07/2026;414,84
0;"010797";"CHINELO SLIDE INFANTIL KIDSTEP 2176.009 ARANHA";"25 PRETO A";15,000;39,99;7,75;"2176.009 ARANHA";17/07/2026;416,00
0;"010798";"CHINELO SLIDE INFANTIL KIDSTEP 2176.016 JACARE";"25 PRETO B";15,000;39,90;7,75;"2176.016 JACARE";17/07/2026;414,84
0;"010800";"CHINELO SLIDE INFANTIL KIDSTEP 2177.004 LISO";"25 PRETO C";15,000;35,90;7,25;"2177.004 LISO";17/07/2026;395,17
0;"010816";"CHINELO SLIDE INFANTIL MOLEKINHO EVA 2417.205";"111684 PRETO/CINZA/BRANCO";24,000;69,99;35,06;"EVA 2417.205";19/07/2026;99,63
0;"010293";"CHINELO SLIDE IPANEMA 27400 GLOW SLIDE";"BR775 PRETO/PRETO";5,000;32,99;15,41;"27400 GLOW SLIDE";26/11/2025;114,08
0;"010294";"CHINELO SLIDE IPANEMA 27400 GLOW SLIDE";"BR777 BEGE/ DOURADO";2,000;32,99;15,41;"27400 GLOW SLIDE";26/11/2025;114,08
0;"010719";"CHINELO SLIDE MASCULINO ACTVITTA 4951.100 EVA";"108112 CINZA";20,000;99,90;52,01;"4951.100 EVA";24/06/2026;92,08
0;"010718";"CHINELO SLIDE MASCULINO ACTVITTA 4951.100 EVA";"15745 PRETO SL";13,000;99,90;52,01;"4951.100 EVA";24/06/2026;92,08
0;"010867";"CHINELO SLIDE MASCULINO CARTAGO 12578 SINTRA";"CA113 MARROM/MARROM";60,000;99,99;46,77;"12578 SINTRA";11/08/2026;113,79
0;"010772";"CHINELO SLIDE MASCULINO CARTAGO 12642 MALAGA SPORT";"CB571 CINZA/PRETO/AMARELO";13,000;109,90;51,45;"12642 MALAGA SPORT";13/07/2026;113,61
0;"010773";"CHINELO SLIDE MASCULINO CARTAGO 12642 MALAGA SPORT";"CB574 BEGE/MARROM/VERDE";16,000;109,90;51,45;"12642 MALAGA SPORT";13/07/2026;113,61
0;"010865";"CHINELO SLIDE MASCULINO RIDER 12529 R SOFT PLUS";"CB564 BRANCO/PRETO";22,000;149,99;70,15;"12529 R SOFT PLUS";11/08/2026;113,81
0;"010864";"CHINELO SLIDE MASCULINO RIDER 12529 R SOFT PLUS";"CB563 PRETO/CINZA";22,000;149,90;70,15;"12529 R SOFT PLUS";11/08/2026;113,68
0;"010874";"CHINELO SLIDE MENINA IPANEMA 27575 CHINE";"CE923 ROSA PETALA/ROSA";21,000;34,99;17,08;"27575 CHINE";11/08/2026;104,86
0;"010873";"CHINELO SLIDE MENINA IPANEMA 27575 SHINE";"CE921 PRETO/ROSA";23,000;34,99;17,08;"27575 SHINE";11/08/2026;104,86
0;"010887";"CHINELO SLIDE MENINA MOLEKINHA 2376.101 EVA";"15745 PRETO A12";10,000;89,90;42,61;"2376.101 EVA";13/08/2026;110,98
0;"010888";"CHINELO SLIDE MENINA MOLEKINHA 2376.101 EVA";"78276 ROSA A3";12,000;89,90;42,61;"2376.101 EVA";13/08/2026;110,98
0;"010889";"CHINELO SLIDE MENINA MOLEKINHA 2376.101 EVA";"83517 CREME A3";10,000;89,90;42,61;"2376.101 EVA";13/08/2026;110,98
0;"010177";"CHINELO SLIDE MOLEKINHA 2338.100 SLIDE EVA";"78276 ROSA 942 N";2,000;59,99;28,97;"2338.100 SLIDE EVA";20/03/2026;107,08
0;"010171";"CHINELO SLIDE MOLEKINHO 2417.100 SLIDE EVA";"MARINHO EVA";6,000;59,90;28,23;"2417.100 SLIDE EVA";13/10/2025;112,19
0;"010170";"CHINELO SLIDE MOLEKINHO 2417.100 SLIDE EVA";"PRETO EVA";92,000;59,90;28,60;"2417.100 SLIDE EVA";27/07/2026;109,44
0;"010371";"CHINELO SLIDE MOLEKINHO 2417.303 EVA/GOLL";"24373 PRETO/MULTICOLOR";30,000;69,90;35,06;"2417.303 EVA/GOLL";19/07/2026;99,37
0;"009991";"CHINELO SLIDE NUVEM";"MARROM";1,000;89,90;39,22;"CHINELO SLIDE NUVEM";02/09/2025;129,22
0;"010474";"CHINELO SLIDE NUVEM MOLEKINHA 2338.110 EVA";"15745 PRETO EV";4,000;79,90;38,50;"2338.110 EVA";20/03/2026;107,53
0;"010473";"CHINELO SLIDE NUVEM MOLEKINHA 2338.110 EVA";"83517 CREME EV";3,000;79,90;38,50;"2338.110 EVA";20/03/2026;107,53
0;"010630";"CHINELO SLIDE NUVEM ZAXY 19419 AIR";"CB548 MARROM URSO";23,000;99,90;44,31;"19419 AIR";29/05/2026;125,46
0;"010628";"CHINELO SLIDE NUVEM ZAXY 19419 AIR";"CB546 PRETO";19,000;99,99;44,31;"19419 AIR";29/05/2026;125,66
0;"010629";"CHINELO SLIDE NUVEM ZAXY 19419 AIR";"CB547 OFF WHITE MEDIO";22,000;99,99;44,31;"19419 AIR";29/05/2026;125,66
0;"010192";"CHINELO SLIDE OLYMPIKUS MELBOURNE 2";"MILITAR/VERDE/MUS MELB 2";1,000;169,90;79,50;"MELBOURNE 2";29/10/2025;113,71
0;"009862";"CHINELO SLIDE OLYMPIKUS MELBOURNE 2";"PRETO/PRETO MELB 2";1,000;169,90;79,50;"MELBOURNE 2";29/10/2025;113,71
0;"009501";"CHINELO SLIDE OLYMPIKUS MELBOURNE 2";"BRANCO PRETO MELB 2";4,000;169,90;79,50;"MELBOURNE 2";29/10/2025;113,71
0;"006924";"CHINELO SLIDE PEGADA 131283";"283-03 ANALINA PRETO";1,000;149,90;71,55;"131283";25/06/2025;109,50
0;"008313";"CHINELO SLIDE PEGADA 131661";"03 SL ANILINA CRAVO";17,000;179,90;86,28;"131661";30/06/2026;108,51
0;"010527";"CHINELO SLIDE RIDER 11592 STEET SINCE";"AR411 PRETO/PRETO";9,000;44,90;22,14;"11592 STEET SINCE";23/04/2026;102,80
0;"009788";"CHINELO SLIDE RIDER 12491 FEEL AD";"BL084 PRETO/PRETO";64,000;49,99;21,04;"12491 FEEL AD";13/07/2026;137,60
0;"009720";"CHINELO SLIDE UNDER ARMOUR 3027786 UA DAILY";"WHITE/BLACK/BLACK";2,000;166,99;79,50;"3027786 UA DAILY";05/06/2025;110,05
0;"006871";"CHINELO SLIDE UNDER ARMOUR 3027786 UA DAILY";"100UA BRANCO/BRANCO/PRETO";1,000;166,99;79,50;"3027786 UA DAILY";13/06/2024;110,05
0;"009693";"CHINELO SLIDE UNDER ARMOUR 3027787 UA CORE 2";"PURPLE/PURPLE/NEBULA";2,000;155,99;74,20;"3027787 UA CORE 2";27/05/2025;110,23
0;"006873";"CHINELO SLIDE UNDER ARMOUR 3027787 UA CORE 2";"100CORE BRANCO/BRA/PRETO";57,000;149,90;58,30;"3027787 UA CORE 2";12/08/2026;157,12
0;"010886";"CHINELO SLIDE UNDER ARMOUR 3027787 UA CORE 2";"001CORE PRETO/PRE/BRANCO";72,000;149,90;58,30;"3027787 UA CORE 2";13/08/2026;157,12
0;"010004";"CHINELO SLIDE UNDER ARMOUR 6006999 UA ANSA";"MYDNAVY";7,000;137,99;68,90;"6006999 UA ANSA";10/09/2025;100,28
0;"010003";"CHINELO SLIDE UNDER ARMOUR 6006999 UA ANSA";"BLACK/BLACK/WHITE ANSA";4,000;137,99;68,90;"6006999 UA ANSA";10/09/2025;100,28
0;"009871";"CHINELO SLIM HAVAIANAS ELEGANCE PRINT 25/6";"ROSE GOLD";10,000;42,99;20,51;"ELEGANCE PRINT 25/6";16/12/2025;109,61
0;"009726";"CHINELO SLIM HAVAIANAS ELEGANCE PRINT 25/6";"BLOSSOM";17,000;42,99;16,99;"ELEGANCE PRINT 25/6";22/04/2026;153,03
0;"010572";"CHINELO SLIM HAVAIANAS GLITTER EDGE";"ED CINZA GELO";29,000;79,99;31,40;"GLITTER EDGE";08/05/2026;154,75
0;"010571";"CHINELO SLIM HAVAIANAS GLITTER EDGE";"ED BEGE PALHA";37,000;79,99;31,40;"GLITTER EDGE";08/05/2026;154,75
0;"010573";"CHINELO SLIM HAVAIANAS GLITTER EDGE";"ED VERDE OLIVE";33,000;79,99;31,40;"GLITTER EDGE";30/05/2026;154,75
0;"009941";"CHINELO SLIM HAVAIANAS PALETTE GLOW 25/6";"AMARANTO";24,000;72,99;38,16;"PALETTE GLOW 25/6";10/03/2026;91,27
0;"009861";"CHINELO SLIM HAVAIANAS PALETTE GLOW 25/6";"PALET BLOSSOM";41,000;72,99;38,16;"PALETTE GLOW 25/6";10/03/2026;91,27
0;"010032";"CHINELO SLIM HAVAIANAS SQUARE LOGO POP UP";"FERRUGEM";1,000;59,99;31,79;"LOGO POP UP 25/6";12/05/2026;88,71
0;"009725";"CHINELO SLIM HAVAIANAS SQUARE LOGO POP UP";"AZUL BRILHANTE";6,000;59,99;30,02;"LOGO POP UP 25/6";18/09/2025;99,83
0;"010416";"CHINELO SLIM HAVAIANAS SUMMER BLISS";"AZUL BRILHANTE BLISS";27,000;66,99;30,36;"SUMMER BLISS";10/02/2026;120,65
0;"010859";"CHINELO SQUARE HAVAIANAS GLITTER CONTOUR";"CAFE 727 A";24,000;79,99;31,40;"GLITTER CONTOUR";31/07/2026;154,75
0;"010567";"CHINELO SQUARE HAVAIANAS GLITTER CONTOUR";"CONT NOVO GRAFITE";21,000;79,99;31,40;"GLITTER CONTOUR";30/05/2026;154,75
0;"010568";"CHINELO SQUARE HAVAIANAS JELLY";"JEL AZUL LAVANDA";35,000;74,90;27,48;"JELLY";08/05/2026;172,56
0;"010569";"CHINELO SQUARE HAVAIANAS JELLY";"JEL BLOSSOM";36,000;74,99;27,48;"JELLY";08/05/2026;172,89
0;"010570";"CHINELO SQUARE HAVAIANAS JELLY";" JEL BUTTERCREAM";35,000;74,99;27,48;"JELLY";08/05/2026;172,89
0;"006237";"CHINELO WORLDCOLORS 167.004 BIRKEN 167 JEANS";"430 W BIRK JEANS";1,000;99,90;46,54;"167.004";08/07/2025;114,65
0;"004486";"GALOCHAS BARBIE AP933 ROSA/LILAS";"AP933 GA";8,000;109,90;54,67;"7909937152352";/  /;101,02
0;"001038";"GELELE SLIME BALDE 457 G TRADICIONAL";"ROXO 3495";7,000;26,99;11,82;"457 G TRADICIONAL";05/02/2026;128,34
0;"001640";"IPANEMA BABY AZUL/VERMELHO";"25431 IP";2,000;24,99;12,28;"7891261225553";/  /;103,50
0;"008575";"JOELHEIRA PUKET CB:010203101/7004 COLOR";"CB:390.7004 PRETO/COLOR";1,000;20,90;8,64;"CB:010203101/7004 COLOR";/  /;141,90
0;"008572";"JOELHEIRA PUKET CB:010203465/7004 DOCINHO";"CB:390/7004 PRETO/BRAN/RO";2,000;20,90;9,02;"CB:010203465/7004 DOCINHO";/  /;131,71
0;"006599";"KIT MEIA CANO CURTO ACTVITTA";"KM PRETO";25,000;36,99;15,78;"ACTV MEIA C CURTO";14/05/2026;134,41
0;"006601";"KIT MEIA CANO CURTO ACTVITTA";"KM BRANCO";20,000;36,99;15,78;"ACTV MEIA C CURTO";14/05/2026;134,41
0;"009699";"KIT MEIA CANO CURTO PUKET 010603172-101 C/3UN";"BRANCA/CINZA/PRETO";2,000;37,90;16,51;"010603172-101 C/3UN";02/06/2025;129,56
0;"010372";"KIT MEIA CANO EX LONGO ACTVITTA ATOALHADO C/3 UND";"103927 CINZA/BRANCO/PRETO";8,000;47,99;23,38;"ATOALHADO C/3 UND";11/05/2026;105,26
0;"010593";"KIT MEIA CANO EX LONGO ACTVITTA ATOALHADO C/3 UND";"8414 BRANCO/BRANCO";35,000;49,90;22,95;"ATOALHADO C/3 UND";14/05/2026;117,43
0;"006617";"KIT MEIA CANO MEDIO ACTVITTA BRANCO";"CM BRANCO";40,000;36,90;16,84;"ACTV MEIA C MEDIO";19/11/2025;119,12
0;"006616";"KIT MEIA CANO MEDIO ACTVITTA PRETO";"CM PRETO";29,000;36,90;16,77;"ACTV MEIA C MEDIO";14/05/2026;120,04
0;"006610";"KIT MEIA INVISIVEL ACTVITTA";"IN BRANCO";36,000;36,99;15,78;"ACTV MEIA INVISIVEL";14/05/2026;134,41
0;"008640";"KIT MEIA INVISIVEL ACTVITTA MESCLADO";"ACT/BRANCO/BRANCO/PRETO";1,000;36,99;14,95;"ACTV MEIA INVISIVEL";20/01/2026;147,42
0;"006613";"KIT MEIA INVISIVEL ACTVITTA PRETO";"IN PRETO";11,000;36,99;15,85;"ACTV MEIA INVISIVEL";20/01/2026;133,38
0;"006618";"KIT MEIA SAPATILHA ACTVITTA BRANCO";"MS BRANCO";3,000;36,90;14,59;"ACTV MEIA SAPATILHA";14/11/2024;152,91
0;"006619";"KIT MEIA SAPATILHA ACTVITTA PRETO";"AE832 PRETO";38,000;36,90;15,55;"ACTV MEIA SAPATILHA";14/05/2026;137,30
0;"010373";"KIT MEIA SAPATILHA IMVISIVEL ACTVITTA CASUAL";"22766 M BRANCO";21,000;36,90;15,55;"CASUAL C/3";14/05/2026;137,30
0;"010594";"KIT MEIA SAPATILHA IMVISIVEL ACTVITTA CASUAL C/3";"510 BRANCO/PRETO/BRANCO";48,000;36,90;15,55;"CASUAL C/3";14/05/2026;137,30
0;"010298";"LAÇO PRESENTE GRANDE 45X3";"SORTIDOS";41,000;2,50;0,00;"LAÇO GRANDE 45X3";/  /;0,00
0;"010270";"LAÇO PRESENTE PEQUENO 35X2";"LAÇO SORTIDO";70,000;1,50;0,00;"LAÇO PRESENTE 35X2";/  /;0,00
0;"008122";"LELEBA GEL MAGICO 265G GELELE FUNDO DO MAR MENINA";"G/ROSA/VIOLETA/LARANJA";1,000;57,90;28,87;"FUNDO DO MAR MENINA";05/02/2026;100,55
0;"008123";"LELEBA GEL MAGICO GELELE FUNDO DO MAR MENINO";"G/AZUL/RED/AMARELO";2,000;57,90;28,87;"FUNDO DO MAR MENINO";05/02/2026;100,55
0;"010340";"MAISTO";"BRINDE";1,000;0,00;0,00;"4301784";16/12/2025;0,00
0;"010153";"MASSINHA CLAYEEZ ANIMAIS EXOTICOS 12G";"SORTIDOS ANIMAIS EXOTICOS";23,000;12,99;4,64;"ANIMAIS EXOTICOS 12G";03/10/2025;179,96
0;"010152";"MASSINHA CLAYEEZ ANIMAIS MARINHOS 12G";"SORTIDO ANIMAIS MARINHOS";38,000;12,99;4,64;"ANIMAIS MARINHOS 12G";03/10/2025;179,96
0;"009677";"MASSINHA CLAYEEZ FOFO BICHO 12G";"DIVER FOFO BICHO";54,000;16,99;6,97;"FOFO BICHO 12G";09/05/2025;143,76
0;"009676";"MASSINHA CLAYEEZ FOFO DINO 12G";"SORT DINO";47,000;16,99;6,97;"FOFO DINO 12G";09/05/2025;143,76
0;"009678";"MASSINHA CLAYEEZ FOFO MOVEL 12G";"SORT FOFO MOVEL";42,000;16,99;6,97;"FOFO MOVEL 12G";09/05/2025;143,76
0;"010150";"MASSINHA CLAYEEZ KIT SEU DINO";"SORTIDO DINO";29,000;28,99;12,99;"KIT SEU DINO";03/10/2025;123,17
0;"010151";"MASSINHA CLAYEEZ KIT SEU DOCINHO";"SORTIDO DOCINHO";19,000;28,99;12,99;"KIT SEU DOCINHO";03/10/2025;123,17
0;"009680";"MASSINHA CLAYEEZ KIT SEU PET 38G";"SORT SEU PET";3,000;28,99;12,99;"KIT SEU PET 38G";09/05/2025;123,17
0;"009679";"MASSINHA CLAYEEZ KT SEU MONSTRO 38G";"SOT MAXIMUS";25,000;28,99;12,99;"KT SEU MONSTRO 38G";09/05/2025;123,17
0;"010154";"MASSINHA CLAYEEZ REFIL 8G";"SORTIDAS REFIL";55,000;3,00;1,53;"REFIL MASSINHAS 8G";03/10/2025;96,08
0;"008118";"MASSINHA STIICA E PULA DINOSSAURO 20G";"DINO CORES DIVERSAS";58,000;16,99;7,53;"DINOSSAURO 20G";09/05/2025;125,63
0;"008119";"MASSINHA STIICA E PULA UNICORNIO 20G";"ROSA/AZUL/BRANCO/LILAS";82,000;16,99;7,53;"UNICORNIO 20G";09/05/2025;125,63
0;"009675";"MASSINHA STIICA E PULA UNO 20G";"SORT UNO";37,000;16,99;7,75;"UNO 20G";09/05/2025;119,23
0;"009709";"MEIA 3/4 DESENHADA PUKET 010605564 LISTRAS";"LISTRAS";1,000;34,99;16,62;"010605564 LISTRAS";02/06/2025;110,53
0;"009705";"MEIA 3/4 LISA PUKET 010604058-200";"CB7244 CINZA";3,000;33,90;16,12;"010604058-200";02/06/2025;110,30
0;"008583";"MEIA 3/4 PUKET CB: 010403550/8240 KIDS";"CB:199/8240 PRETO/ROSA/AZ";2,000;25,90;11,63;"CB: 010403550/8240 KIDS";/  /;122,70
0;"008629";"MEIA CALÇA PUKET 010202345-426 BABY";"CB:2401-426 ROSA/BALLET";2,000;28,90;13,81;"010202345-426 BABY";/  /;109,27
0;"010183";"MEIA CANO CURTO ACTVITTA 4998.2 AC CANO CURTO";"CC CINZA/BRANCO/PRETO";2,000;36,90;16,84;"4998.2 AC CANO CURTO";24/10/2025;119,12
0;"007849";"MEIA CANO CURTO MODARE 7499.3.25395";"M375C/ CURTO BRANCA";34,000;49,90;19,12;"7499.3.25395";25/03/2024;160,98
0;"006970";"MEIA CANO CURTO OLYMPIKUS OIMSA 81919/20";"OIMSA CURTO PRETO";3,000;39,99;18,17;"OIMSA 81919/20";28/06/2024;120,09
0;"006969";"MEIA CANO CURTO OLYMPIKUS OIMSA 81919/20";"OIMSA CURTO BRANCA";2,000;39,99;18,17;"OIMSA 81919/20";28/06/2024;120,09
0;"010487";"MEIA CANO CURTO PUKET CB8201 TRIPACK";"100 BRANCO";18,000;36,90;23,37;"CB8201 TRIPACK";01/04/2026;57,89
0;"010488";"MEIA CANO CURTO PUKET CB8264 TRIPACK";"100 BRANCO 8264";22,000;36,90;16,41;"CB8264 TRIPACK";01/04/2026;124,86
0;"008608";"MEIA CANO MEDIO KLIN 3 PARES SORTIDOS";"005.PRETO/BRANCO/AZUL";1,000;27,90;13,29;"3 PARES SORTIDOS";/  /;109,93
0;"010415";"MEIA CANO MEDIO MOLEKINHA 2799.1 CATS";"86680 BRANCO/CINZA/PINK";26,000;34,99;14,60;"2799.1 CATS";10/02/2026;139,66
0;"010414";"MEIA CANO MEDIO MOLEKINHA 2799.1 LISO";"8414 BRANCO LISO 23-27";24,000;32,99;14,60;"2799.1 LISO";10/02/2026;125,96
0;"006971";"MEIA CANO MEDIO OLYMPIKUS OIMSA 81922";"OIMSA MEDIO BRANCO";5,000;44,99;20,45;"OIMSA 81922";28/06/2024;120,00
0;"008577";"MEIA CHINELINHO PUKET CB:010403524/8556 TIGRE";"CB:390.8256 PRETO/AMARELO";4,000;27,90;12,27;"CB:010403524/8556 TIGRE";/  /;127,38
0;"009689";"MEIA INVISIVEL ATOALHADO ACTVITTA 4998.3.30139";"PRETO/BRANCO/CINZA";8,000;36,90;17,61;"4998.3 KIT C/3 PARES";26/05/2025;109,54
0;"010184";"MEIA INVISIVEL ATOALHADO ACTVITTA 4998.3 KIT 3 PAR";"INV BRANCO";9,000;36,90;17,83;"4998.3 KIT 3 PARES";24/10/2025;106,95
0;"007853";"MEIA INVISÍVEL MODARE 749.2.25395";"M0373I/ PRETA";13,000;49,90;19,12;"749.2.25395";/  /;160,98
0;"007855";"MEIA INVISÍVEL MODARE 749.2.25395";"M0373I/C BRANCA";21,000;49,90;19,12;"749.2.25395";/  /;160,98
0;"009437";"MEIA INVISIVEL MOLEKINHA BABY F KIT C/3 UND";"BRANCO/B/PRETO BABY KINHA";4,000;32,90;15,05;"BABY F KIT C/3 UND";25/08/2025;118,60
0;"006974";"MEIA INVISIVEL OLYMPIKUS OIMSA 81923/24";"OIMSA INV PRETO";1,000;37,90;15,90;"OIMSA 81923/24";28/06/2024;138,36
0;"006973";"MEIA INVISIVEL OLYMPIKUS OIMSA 81923/24";"OIMSA INV BRANCA";2,000;37,90;15,90;"OIMSA 81923/24";28/06/2024;138,36
0;"003561";"MEIA INVISÍVEL PUKET 7891276969008";"2981 MEI";1,000;29,99;14,56;"7891276969008";02/06/2025;105,98
0;"008603";"MEIA INVISIVEL PUKET CB:010602981.199";"CB:7211-199 PRETO/PRETO";1,000;29,99;13,36;"CB:010602981.199";/  /;124,48
0;"008623";"MEIA PILATES PUKET CB:010602688-199";"CB:8528 PILATES/PRETO";43,000;26,90;13,60;"CB:010602688-199";12/06/2024;97,79
0;"008693";"MEIA PILATES PUKET CB:010602689-199";"CB:8528 PUK/PIL/PRETO";29,000;32,90;15,73;"CB:010602689-199";02/06/2025;109,15
0;"001275";"MEIA PUKET BABY KIT COM 3 BRANCAS";"SQE BRANCO/BRANCO";1,000;37,90;12,75;"7891276405063";/  /;197,25
0;"008641";"MEIA PUKET CB:010100116-108 RN";"CB:6907 BRANCA/ROSA";1,000;14,99;6,50;"CB:010100116-108 RN";12/06/2024;130,62
0;"008533";"MEIA PUKET CB:010101584/ UNICORNIO";"CB:426/6902 ROSA/UNI";2,000;12,90;5,12;"CB:010101584/ UNICORNIO";/  /;151,95
0;"008582";"MEIA PUKET CB:010101649/6936 TENIS";"CB:390.6936 PRETO/ROSA/BR";1,000;19,90;9,76;"CB:010101649/6936 TENIS";/  /;103,89
0;"008534";"MEIA PUKET CB:010101662/6902 FLOR";"CB950/6902 BRANCA/ROSA FL";1,000;12,90;5,57;"CB:010101662/6902 FLOR";/  /;131,60
0;"008642";"MEIA PUKET CB:010101834-100 RN";"CB:6964 BRANCA/BRA/LISA";4,000;33,90;15,62;"CB:010101834-100 RN";12/06/2024;117,03
0;"008532";"MEIA PUKET CB:010101837 KIT MENINA";"CB:100 KIT/ROSA/BRANCA";1,000;32,90;15,79;"CB:010101837 KIT MENINA";/  /;108,36
0;"008555";"MEIA PUKET CB:010202612 CISNE COROA";"CB:426/7000 ROSA/BRANCO/D";3,000;12,00;5,83;"CB:010202612 CISNE COROA";/  /;105,83
0;"008550";"MEIA PUKET CB:010203087 KIT GOLFINHO";"CB:100/7063 CINZA/BRANCO";2,000;32,90;18,66;"CB:010203087 KIT GOLFINHO";/  /;76,31
0;"008586";"MEIA PUKET CB:010203107/9011 STRASS";"CB:108.9011 BRANCO STRASS";1,000;24,90;10,83;"CB:010203107/9011 STRASS";/  /;129,92
0;"008605";"MEIA PUKET CB:010203226-100 BABY";"CB:7064-100 BRANCO/BRANCO";6,000;44,90;22,22;"CB:010203226-100 BABY";02/06/2025;102,07
0;"008576";"MEIA PUKET CB:010203754/7045 PATINHA";"CB:390.7045 PRETO/BRANCO";3,000;19,90;8,71;"CB:010203754/7045 PATINHA";/  /;128,47
0;"008647";"MEIA PUKET CB:010604239-100 AD";"CB:8522 BRANCO/VARIANTE";2,000;45,99;19,84;"CB:010604239-100 AD";12/06/2024;131,80
0;"008562";"MEIA PUKET CB: 23-27  28-33";"CB:9237";4,000;39,90;19,91;"DESA";/  /;100,40
0;"008496";"MEIA PUKET CB:7000 010202734 JACARE";"CB7000 108 BRANCA/PRETO";1,000;12,90;6,07;"CB:7000 010202734 JACARE";/  /;112,52
0;"008490";"MEIA PUKET CB:7037 010203370 SPACE";"CB7037 199 PRETO/VERDE";6,000;17,90;8,67;"CB:7037 010203370 SPACE";/  /;106,46
0;"007812";"MEIA RN PUKET CB:6906 010100115";"CB6906 RN 390 AZUL MARINH";4,000;12,99;6,11;"CB:6906 010100115";12/06/2024;112,60
0;"004432";"MEIA SAPATILHA 390 PUKET MARINHO";"6939 MEI";7,000;36,90;17,45;"7909692058593";/  /;111,46
0;"008587";"MEIA SAPATILHA ANTIDERRAPANTE PUKET CB:010602713-7";"CB:199.7239 PRETO/PRETO";1,000;42,90;19,89;"CB:010602713-7239";/  /;115,69
0;"006928";"MEIA SAPATILHA ANTID PUKET 010403205-390";"CB:8239 SB AZUL MARINHO";2,000;40,90;18,89;"010403205-390";11/12/2023;116,52
0;"008643";"MEIA SAPATILHA BABY PUKET CB:010102084-390";"CB:6926 AZUL MARINHO";1,000;30,99;14,41;"CB:010102084-390";12/06/2024;115,06
0;"007835";"MEIA SAPATILHA BABY PUKET CB:6926 010101640";"CB6926 199 PRETO TRENZINH";3,000;23,90;11,39;"CB:6926 010101640";/  /;109,83
0;"007868";"MEIA SAPATILHA BABY PUKET CB:7039 010203046";"CB7039 200 CINZA DOG";1,000;35,90;16,40;"CB:7039 010203046";/  /;118,90
0;"007869";"MEIA SAPATILHA BABY PUKET CB:7039 MORCEGO";"CB7039 200 CINZA MORCEGO";2,000;34,99;16,40;"CB:7039 MORCEGO";/  /;113,35
0;"007870";"MEIA SAPATILHA BABY PUKET CB:7039 NUVEM";"CB7039 341 AZUL NUVEM";1,000;33,90;16,46;"CB:7039 NUVEM";/  /;105,95
0;"007854";"MEIA SAPATILHA BABY PUKET CB:9236 010203413 FLASH";"CB9236 659 VERMELHO FLASH";2,000;36,90;17,47;"CB:9236 010203413 FLASH";/  /;111,22
0;"003583";"MEIA SAPATILHA BONECA PUKET BABY E KIDS COM APLIQU";"AZUL MAR";1,000;42,90;21,42;"7891276530369";/  /;100,28
0;"007955";"MEIA SAPATILHA C/APLIQUE KIDS PUKET CB:8233 DOG";"CB8233 390 AZUL/PRETO DOG";4,000;39,90;19,20;"CB:8233 DOG";/  /;107,81
0;"007820";"MEIA SAPATILHA C/ APLIQUE PUKET CB:6939 010102005";"CB6939 BABY 199 PRETO";4,000;33,90;15,88;"CB:6939 010102005";/  /;113,48
0;"007830";"MEIA SAPATILHA C/ APLIQUE PUKET CB:7033 010203479";"CB7033 200 CINZA/PRET DOG";1,000;36,90;17,20;"CB:7033 010203479";/  /;114,53
0;"007963";"MEIA SAPATILHA C/LED KIDS PUKET CB:82339 MONSTRO";"CB82339 199 PRETO MONSTRO";5,000;71,90;31,90;"CB:82339 MONSTRO";/  /;125,39
0;"007901";"MEIA SAPATILHA KIDS PUKET CB:82081 398 ESPORTE";"CB82081 398 VERD/AGUA BIC";1,000;32,90;14,63;"CB:82081 398 ESPORTE";/  /;124,88
0;"007956";"MEIA SAPATILHA KIDS PUKET CB:82239 DINO";"CB8239 200 CINZA/AZ DINO";1,000;39,90;17,76;"CB:82239 DINO";/  /;124,66
0;"007967";"MEIA SAPATILHA KIDS PUKET CB:8270 LEAO";"CB8270 390 MARINHO LEAO";2,000;45,90;20,64;"CB:8270 LEAO";/  /;122,38
0;"004325";"MEIA SAPATILHA MODARE ULTRACONFORTO BRANCA";"7499.1 M";5,000;49,90;20,42;"7897120940056";/  /;144,37
0;"010484";"MEIA SAPATILHA PILATES PUKET CB8529 ESPORTIVA";"390 AZUL MARINHO";2,000;46,99;23,00;"CB8529 ESPORTIVA";01/04/2026;104,30
0;"010486";"MEIA SAPATILHA PILATES PUKET CB8529 ESPORTIVA";"200 CINZA";1,000;46,99;23,00;"CB8529 ESPORTIVA";01/04/2026;104,30
0;"010485";"MEIA SAPATILHA PILATES PUKET CB8529 ESPORTIVA";"199 PRETO /ROSA";1,000;46,99;23,00;"CB8529 ESPORTIVA";01/04/2026;104,30
0;"001714";"MEIA SAPATILHA PUKET BABY PRETA BOLA";"2577-199";1,000;17,90;10,02;"7891276268033";/  /;78,64
0;"008530";"MEIA SAPATILHA PUKET CB:010101706/6926";"CB:199/6926 PRETO/BRANCO";2,000;23,90;11,39;"CB:010101706/6926";/  /;109,83
0;"008523";"MEIA SAPATILHA PUKET CB:010101770/499 ESTRELA";"CB:499/6926 ROSA/ESCURO";4,000;28,90;13,52;"CB:010101770/499 ESTRELA";/  /;113,76
0;"008522";"MEIA SAPATILHA PUKET CB:010101987 ARCO IRIS";"CB:426/6926 ROSA/ARCOIRIS";1,000;28,90;13,52;"CB:010101987 ARCO IRIS";/  /;113,76
0;"008527";"MEIA SAPATILHA PUKET CB:010101995/6939 DOCE";"CB:950/6939 BRANCO/ROSA";7,000;33,90;15,88;"CB:010101995/6939 DOCE";/  /;113,48
0;"008524";"MEIA SAPATILHA PUKET CB:010101996/6939 LISTRAS";"CB:537/6939 LILAS";1,000;33,90;15,88;"CB:010101996/6939 LISTRAS";/  /;113,48
0;"008540";"MEIA SAPATILHA PUKET CB:010203361/7039 URSINHA";"CB:460/7039 ROSA URSO";1,000;34,90;16,40;"CB:010203361/7039 URSINHA";/  /;112,80
0;"008539";"MEIA SAPATILHA PUKET CB:010203421 M.MARAVILHA";"CB:659/9236 VERMELHO/BEGE";1,000;36,90;17,47;"CB:010203421 M.MARAVILHA";/  /;111,22
0;"008546";"MEIA SAPATILHA PUKET CB:010203453 CISNE";"CB:426/7039 ROSA CLARO/BR";2,000;33,90;15,88;"CB:010203453 CISNE";/  /;113,48
0;"008536";"MEIA SAPATILHA PUKET CB:010203523/7039 OCULOS";"CB:390 AZUL MARINHO/ROSA";5,000;36,90;16,58;"CB:010203523/7039 OCULOS";/  /;122,56
0;"008574";"MEIA SAPATILHA PUKET CB:010402588/8239 CISNE";"CB:199/8239 PRETO/BRANCO";1,000;33,90;13,90;"CB:010402588/8239 CISNE";/  /;143,88
0;"008512";"MEIA SAPATILHA PUKET CB:6939.010101856 RAPOSA";"CB:390 AZUL MARINHO/ROSA";12,000;36,90;17,45;"CB:6939.010101856 RAPOSA";/  /;111,46
0;"009703";"MEIA SAPATILHA RN PUKET 010101833-108";"CB9039 BRANCA";1,000;35,99;17,42;"010101833-108";02/06/2025;106,60
0;"009702";"MEIA SAPATILHA RN PUKET 010102225-390";"6926 MARINHO";5,000;34,99;16,60;"010102225-390";02/06/2025;110,78
0;"008554";"MEIA SAP BONECA C/APLIQUE DE FLOR PUKET CB:0101018";"CB:199/9033 PRETO/FLOR";1,000;39,90;19,48;"CB:010101832 (9 A 12 M)";02/06/2025;104,83
0;"008511";"MEIA SAP BONECA C/APLIQUE DE FLOR PUKET CB:0101018";"CB: 6939/199 PRETO";6,000;32,90;16,40;"CB:010101812 LISTRA";/  /;100,61
0;"008526";"MEIA SAP BONECA C/APLIQUE DE FLOR PUKET CB:0101019";"CB:688/6939 VINHO/LAÇO";3,000;33,90;15,88;"CB:010101991/6939";/  /;113,48
0;"008499";"MEIA SAP BONECA C/APLIQUE DE FLOR PUKET CB:6939 01";"CB6939 460 ROSA/ROSA";2,000;32,90;16,40;"CB6939 010101759.FLOR";/  /;100,61
0;"008500";"MEIA SAP BONECA C/APLIQUE DE FLOR PUKET CB:6939 01";"CB6939 426 ROSA CLARO";1,000;36,90;16,58;"CB: 01010233 FLORZINHA";/  /;122,56
0;"008514";"MEIA SAP BONECA C/APLIQUE D LACO PUKET CB: 0101017";"CB:659/6926 VERMELHO";4,000;31,90;14,86;"CB: 010101795/6926 LAÇO";/  /;114,67
0;"008520";"MEIA SAP BONECA C/APLIQUE D LACO PUKET CB:01010194";"CB:6926/422 ROSA/ROSA";8,000;31,90;14,86;"CB:010101949 LAÇO";/  /;114,67
0;"008549";"MEIA SAP BONECA C/APLIQUE D LACO PUKET CB:01020354";"CB:199/7033 PRETO/PRETO";3,000;35,90;17,65;"CB:010203541(15-18/19-22)";/  /;103,40
0;"008508";"MEIA SAP BONECA C/APLIQUE D LACO PUKET CB:6939 010";"CB6939-390 PRETO";2,000;36,90;17,45;"CB:6939 010102082 LAÇO";/  /;111,46
0;"008510";"MEIA SAP BONECA C/APLIQUE D LACO PUKET CB:6939 010";"CB6926-200 CINZA/ROSA";8,000;33,90;13,97;"CB:010101921 PREGUICA";/  /;142,66
0;"008521";"MEIA SAP BONECA C/APLIQUE D LACO PUKET CB:6939/010";"CB:6939/390 AZUL MARINHO";4,000;32,90;15,88;"CB:6939/010101782";/  /;107,18
0;"008579";"MEIA SAP BONECA PUKET 0102011314-659";"CB:659.7039 VERMELHO/VERM";3,000;32,90;12,97;"0102011314-659";/  /;153,66
0;"008649";"MEIA SAP PILATES PUKET CB:010605195-199";"CB:8529 PRETO/ONCA";1,000;46,99;22,31;"CB:010605195-199";02/06/2025;110,62
0;"001673";"MEIA SAP. PUKET BABY C/ APLIQUE LACO TAL MAE TAL F";"3114 - 3";2,000;35,90;17,20;"7891276755113";/  /;108,72
0;"008566";"MEIA S/ EMBORRACHADA PUKET CB:010403530/8260 MUSIC";"CB:200.8260 CINZA/VERDE";7,000;41,99;18,86;"CB:010403530/8260 MUSIC";/  /;122,64
0;"008570";"MEIA SOLA EMBORRACHADA PUKET CB:010202863/7070 COR";"CB:200.7070 CINZA/ROSA";1,000;31,90;14,83;"CB:010202863/7070 CORUJA";/  /;115,10
0;"007985";"MEIA SOQUETE BABY PUKET CB:6902 DINOSAURO";"CB6902 893 CINZA DINOSSAU";3,000;15,90;7,67;"CB:6902 DINOSAURO";/  /;107,30
0;"007982";"MEIA SOQUETE BABY PUKET CB:6902 FUTEBOL";"CB6902 108 BRANCO/MAR ESP";7,000;12,90;6,27;"CB:6902 FUTEBOL";/  /;105,74
0;"007986";"MEIA SOQUETE BABY PUKET CB:7000 DINOSAURO";"CB7000 200 CINZA DINOSSAU";5,000;15,90;7,45;"CB:7000 DINOSAURO";/  /;113,42
0;"008622";"MEIAS PANSOCKS PUKET CB:010602688-199";"CB:7360 PRETO/PRETO";12,000;52,90;23,57;"CB:010602688-199";12/06/2024;124,44
0;"006213";"MOCHILA CLIO PETS  CP24000D BOMBEIRO VERMELHO";"BOMBEIRO VERMELHO";6,000;89,90;19,34;"CP24000D";18/10/2023;364,84
0;"006513";"MOCHILA CLIO PETS CP24021D GIRAFA AZUL/LARANJA";"VAQUINHA AZUL/LARANJA";6,000;89,90;20,80;"CP24021D";/  /;332,21
0;"005966";"MOCHILA CLIO PETS CP2643D DOG AMARELO/AZUL";"CACHORRO AMARELO/AZUL";7,000;89,90;20,80;"CP2643D";/  /;332,21
0;"005967";"MOCHILA CLIO PETS CP2643D DOG VERMELHO/AZUL";"CACHORRO VERMELHO";3,000;89,90;20,80;"CP2643D";/  /;332,21
0;"005969";"MOCHILA CLIO PETS CP2649D PATINHO AMARELO/AZUL";"AMARELO/AZUL";4,000;89,90;20,80;"CP2649D";/  /;332,21
0;"005968";"MOCHILA CLIO PETS CP2649D TUBARAO VERMELHO/AZUL";"VERMELHO/AZUL";13,000;89,90;20,80;"CP2649D";/  /;332,21
0;"009137";"MOCHILA CLIO PETS CP3398D DOGUINHO";"CP3398 CINZA/VERMELHO/PRE";2,000;89,90;44,95;"CP3398D DOGUINHO";/  /;100,00
0;"006860";"MOCHILA CLIO STYLE CW24014";"FÊ VERDE E PRETO";1,000;39,90;19,35;"CW24014";30/11/2023;106,20
0;"006663";"MOCHILA CLIO STYLE DR23064J DOG";"CS DOGUINHO AZUL/LARANJA";1,000;99,90;20,80;"DR23064J DOG";10/11/2023;380,29
0;"008919";"MOCHILA CLIO STYLE PR23022J PRINCESAS M";"PR23022J ROSA";3,000;99,90;42,90;"PR23022J PRINCESAS M";17/07/2024;132,87
0;"009182";"MOCHILA COCA COLA 78412904 BLANK";"COCA BLANK PRETA";1,000;209,90;87,24;"78412904 BLANK";15/10/2024;140,60
0;"003974";"MOCHILA INFANTIL CLIO PETS CP3403D GIRAFA";"GIRAFA AMARELO/AZUL";8,000;89,90;23,63;"CP3403D";/  /;280,45
0;"003975";"MOCHILA INFANTIL CLIO PETS CP3403D ZEBRA";"ZEBRA CINZA/VERDE";8,000;89,90;44,95;"CP3403D";/  /;100,00
0;"006215";"MOCHILA LULUCA LU24009";"ROSA/PRATA";1,000;347,70;168,56;"LU24009";18/10/2023;106,28
0;"004155";"MOCHILA MOLEKINHA 20023.1 PVC/GORGURAO LUREX PRETO";"17131 PRETO 01/PRATA";2,000;129,90;61,63;"20023.1";29/01/2026;110,77
0;"010138";"MOCHILA MOLEKINHA 20023.2 PVC DEGRADE";"PRATA/ROSA";1,000;149,90;64,56;"20023.2 PVC DEGRADE";01/10/2025;132,19
0;"010137";"MOCHILA MOLEKINHA 20023.2 PVC DEGRADE";"ROSA BALLET/ AZUL SKY";2,000;149,90;65,41;"20023.2 PVC DEGRADE";29/01/2026;129,17
0;"010144";"MOCHILA MOLEKINHA 20023.5 PVC";"DOURADO/ BRANCO OFF";1,000;149,90;68,76;"20023.5 PVC";01/10/2025;118,00
0;"010386";"MOCHILA MOLEKINHA 2744032 GLITER/GORGR";"CRISTAL/ROSA/PINK/PRATA";1,000;139,90;65,41;"2744032 GLITER/GORGR";29/01/2026;113,88
0;"010385";"MOCHILA MOLEKINHA 2744032 GLITER/GORGR";"CRISTAL/PRATA/MULT LILAS";3,000;139,90;69,65;"2744032 GLITER/GORGR";29/01/2026;100,86
0;"006132";"MOLA DOCE BRINQUEDO MANIA";"MOLA SORTIDA";117,000;16,99;7,83;"MANIA";05/02/2026;116,99
0;"006133";"MOLA DOCE BRINQUEDO UNICORNIO";"MOLA UNICORNIO COLOR";94,000;16,99;8,76;"UNICORNIO";09/05/2025;93,95
0;"009406";"PALMILHA OLIVER EVA";"LARANJA OLIVER";7,000;29,99;12,90;"PALMILHA EVA";18/02/2025;132,48
0;"009407";"PALMILHA OLIVER SILICONE";"SILICONE";25,000;56,99;26,90;"PALMILHA SILICONE";17/12/2025;111,86
0;"010344";"PALMILHAS OLIVER EVA ANTI IMPACTO";"LARANJA OLI";25,000;29,99;13,90;"EVA ANTI IMPACTO";17/12/2025;115,76
0;"010341";"PANETONE";" 002 ACAI/TROPICAL 257";1,000;0,00;0,00;"1301383";16/12/2025;0,00
0;"010267";"PAPETE BEIRA RIO 8488.125 TIRA STRASS";"89101 BLACK DIAMOND";11,000;109,90;50,17;"8488.125 TIRA STRASS";18/06/2026;119,06
0;"010266";"PAPETE BEIRA RIO 8488.125 TIRA STRASS";"89099 OURO ROSADO";12,000;109,90;50,17;"8488.125 TIRA STRASS";18/06/2026;119,06
0;"010730";"PAPETE DEDO VIZZANO 6584.101 PELICA";"15745 PRETO A9";10,000;149,90;70,94;"6584.101 PELICA";25/06/2026;111,31
0;"010732";"PAPETE DEDO VIZZANO 6584.101 PELICA";"95373 CAMEL A";11,000;149,90;70,94;"6584.101 PELICA";25/06/2026;111,31
0;"010731";"PAPETE DEDO VIZZANO 6584.101 PELICA";"101321 CHOCOLATE A4";12,000;149,90;70,94;"6584.101 PELICA";25/06/2026;111,31
0;"009506";"PAPETE MOLEKINHA 2358.108 TP STRASS";"DIAMOND/PRETO 01";7,000;109,90;53,15;"2358.108 TP STRASS";06/03/2025;106,77
0;"009170";"PAPETE MOLEKINHA 2358.108 TP STRASS";"91004 OURO ROSADO-SILVER";2,000;109,90;50,14;"2358.108 TP STRASS";06/03/2025;119,19
0;"010541";"PAPETE SLIDE BEIRA RIO 8488.122 T/PRONTA";"87009 PRETO/CRISTAL";20,000;99,90;45,00;"8488.122 T/PRONTA";18/06/2026;122,00
0;"010539";"PAPETE SLIDE BEIRA RIO 8488.122 WIRES";"105282 ROSADO/OURO ROSADO";7,000;109,99;48,66;"8488.122 WIRES";24/04/2026;126,04
0;"010540";"PAPETE SLIDE BEIRA RIO 8488.122 WIRES";"97832 PRETO/GRAFITE PRETO";4,000;109,99;48,66;"8488.122 WIRES";24/04/2026;126,04
0;"009618";"PAPETE SLIDE BEIRA RIO 8488.125 AUSTRALIA";"98516 CREME/CRISTAL/PEROL";1,000;119,90;53,03;"8488.125 AUSTRALIA";04/12/2025;126,10
0;"009616";"PAPETE SLIDE BEIRA RIO 8488.125 LONDRES";"97830 PRETO/GRAF/BALCK DI";1,000;129,90;56,44;"8488.125 LONDRES";30/07/2025;130,16
0;"010699";"PAPETE SLIDE BEIRA RIO 8488.143 STRECH";"110540 CHOCOLATE/BEGE";13,000;119,90;58,60;"8488.143 STRECH";20/06/2026;104,61
0;"010700";"PAPETE SLIDE BEIRA RIO 8488.143 STRECH";"103694 BEGE/BEGE";11,000;119,90;58,60;"8488.143 STRECH";20/06/2026;104,61
0;"010698";"PAPETE SLIDE BEIRA RIO 8488.145 T/PRONTA";"110702 PRETO/CRISTAL/PRET";15,000;139,90;67,92;"8488.145 T/PRONTA";20/06/2026;105,98
0;"010510";"PAPETE SLIDE BEIRA RIO 8523.132 METALIZADO";"66 DOURADO";4,000;134,99;63,17;"8523.132 METALIZADO";17/04/2026;113,69
0;"010509";"PAPETE SLIDE BEIRA RIO 8523.132 NP TURIM";"35312 BRANCO OFF T";9,000;134,99;63,17;"8523.132 NP TURIM";17/04/2026;113,69
0;"010545";"PAPETE SLIDE BEIRA RIO 8524.115 CROCO SEVIL";"101967 CHOCOLATE";6,000;124,99;58,60;"8524.115 CROCO SEVIL";24/04/2026;113,29
0;"010544";"PAPETE SLIDE BEIRA RIO 8524.115 NP TURIM";"35312 BRANCO OFF TU";3,000;124,99;58,60;"8524.115 NP TURIM";24/04/2026;113,29
0;"010543";"PAPETE SLIDE BEIRA RIO 8575.104 CALF";"101321 CHOCOLATE CALF";9,000;149,90;66,38;"8575.104 CALF";24/04/2026;125,82
0;"010542";"PAPETE SLIDE BEIRA RIO 8575.104 CALF";"35312 BRANCO OFF NAPA CAL";4,000;149,90;66,38;"8575.104 CALF";24/04/2026;125,82
0;"010729";"PAPETE SLIDE EVA MODARE 7232.101 T PRONTA";"101321 CHOCOLATE A3";16,000;109,90;54,98;"7232.101 T PRONTA";25/06/2026;99,89
0;"010728";"PAPETE SLIDE EVA MODARE 7232.101 T PRONTA";"15745 PRETO A8";16,000;109,90;54,98;"7232.101 T PRONTA";25/06/2026;99,89
0;"010852";"PAPETE SLIDE FEMININO MODARE NOBUCK ONCA 7208.101";"CREME ONCA 90075";68,000;139,90;66,19;"NOBUCK ONCA 7208.101";30/07/2026;111,36
0;"010851";"PAPETE SLIDE FEMININO MODARE NOBUCK ONCA 7208.101";"AVELA ONCA 104798";86,000;139,90;66,19;"NOBUCK ONCA 7208.101";30/07/2026;111,36
0;"010828";"PAPETE SLIDE MENINA MOLEKINHA ITALIA 2357.121";"DOURADO 66";12,000;109,90;54,28;"ITALIA 2357.121";21/07/2026;102,47
0;"010433";"PAPETE SLIDE MODARE 7125.200 ITALIA";"107621 AVELA/TERRACOTA";10,000;104,99;49,70;"7125.200 ITALIA";10/03/2026;111,25
0;"010552";"PAPETE SLIDE MODARE 7125.200 LONDON";"93503 CREME/NUDE/OURO";15,000;104,99;49,06;"7125.200 LONDON";29/04/2026;114,00
0;"010317";"PAPETE SLIDE MODARE 7162.330 NATURE";"BRANCO OFF NATURE";2,000;99,90;45,04;"7162.330 NATURE";05/12/2025;121,80
0;"010318";"PAPETE SLIDE MODARE 7162.330 NATURE";"10196 AVELA NATURE";20,000;99,90;42,71;"7162.330 NATURE";26/08/2026;133,90
0;"010500";"PAPETE SLIDE MODARE 7162.330 TRESSE BERL";"100196 AVELA TBER";7,000;99,90;44,47;"7162.330 TRESSE BERL";11/05/2026;124,65
0;"010477";"PAPETE SLIDE MODARE 7162.330 TRESSE BERL";"15745 PRETO TRE";17,000;99,90;44,47;"7162.330 TRESSE BERL";11/05/2026;124,65
0;"010316";"PAPETE SLIDE MODARE 7162.332 NATURE";"NUDE OURO ROSADO";11,000;99,90;44,47;"7162.332 NATURE";14/04/2026;124,65
0;"010315";"PAPETE SLIDE MODARE 7162.332 NATURE";"AVELA/BRONZE";7,000;99,90;44,47;"7162.332 NATURE";14/04/2026;124,65
0;"010441";"PAPETE SLIDE MODARE 7178.116 CANA AURIA";"106983 PRETO/PRETO/HEMATI";1,000;134,99;64,50;"7178.116 CANA AURIA";11/03/2026;109,29
0;"010636";"PAPETE SLIDE MODARE 7208.101 MICR PERF SUPREM";"35312 BRANCO OFF A3";3,000;134,99;61,02;"7208.101 MICR PERF SUPREM";01/06/2026;121,22
0;"010661";"PAPETE SLIDE MODARE 7208.101 MICR PERF SUPREM";"100196 AVELA IPE";14,000;134,99;61,02;"7208.101 MICR PERF SUPREM";15/06/2026;121,22
0;"010342";"PAPETE SLIDE MODARE 7208.101 NOBUCK";"AVELA SOFT";307,000;134,99;61,54;"7208.101 NOBUCK";25/08/2026;119,35
0;"009561";"PAPETE SLIDE MODARE 7208.101 NOBUCK";"52531 NUDE  NOBU";41,000;134,99;61,54;"7208.101 NOBUCK";09/08/2026;119,35
0;"010662";"PAPETE SLIDE MODARE 7208.101 NOBUCK";"83517 CREME A1";113,000;134,90;61,54;"7208.101 NOBUCK";30/07/2026;119,21
0;"009560";"PAPETE SLIDE MODARE 7208.101 NOBUCK";"15745 PRETO NOBU";70,000;134,99;61,54;"7208.101 NOBUCK";03/08/2026;119,35
0;"010538";"PAPETE SLIDE MODARE 7208.101 NOBUCK";"108352 ALECRIM N";527,000;134,99;61,54;"7208.101 NOBUCK";30/07/2026;119,35
0;"010692";"PAPETE SLIDE MODARE 7208.113 SUPREMA";"100196 AVELA FIV";10,000;139,90;69,37;"7208.113 SUPREMA";18/06/2026;101,67
0;"010693";"PAPETE SLIDE MODARE 7208.113 SUPREMA";"15745 PRETO FIV";11,000;139,90;69,37;"7208.113 SUPREMA";18/06/2026;101,67
0;"010704";"PAPETE SLIDE MODARE 7230.103 TRENTO";"107613 TERRACOTA";14,000;159,90;79,31;"7230.103 TRENTO";23/06/2026;101,61
0;"010703";"PAPETE SLIDE MODARE 7230.103 TRENTO";"101439 CACAU A";10,000;159,90;79,31;"7230.103 TRENTO";23/06/2026;101,61
0;"010632";"PAPETE SLIDE MOLECA 5490.132 SUPREMA";"101321 CHOCOLATE A1";17,000;99,99;49,06;"5490.132 SUPREMA";31/05/2026;103,81
0;"010633";"PAPETE SLIDE MOLECA 5490.132 SUPREMA";"15745 PRETO A4";20,000;99,99;49,06;"5490.132 SUPREMA";31/05/2026;103,81
0;"010599";"PAPETE SLIDE MOLECA 5500.125 NEW NANCY";"35312 BRANCO OFF A";19,000;164,90;78,29;"5500.125 NEW NANCY";15/05/2026;110,63
0;"010598";"PAPETE SLIDE MOLECA 5500.125 NEW NANCY";"100196 AVELA N";9,000;164,90;78,29;"5500.125 NEW NANCY";15/05/2026;110,63
0;"010585";"PAPETE SLIDE MOLECA 5556.100 TIRA PR CA";"92940 BEGE/CRISTAL/BEGE";8,000;124,99;59,08;"5556.100 TIRA PR CA";11/05/2026;111,56
0;"010586";"PAPETE SLIDE MOLECA 5556.100 T/PRO/CAC";"87009 PRETO CRISTAL";17,000;114,99;54,28;"5556.100 T/PRO/CAC";11/05/2026;111,85
0;"010452";"PAPETE SLIDE MOLEKINHA 2357.103 TURIM";"35312 BRANCO OFF/S";25,000;104,99;49,06;"2357.103 TURIM";21/07/2026;114,00
0;"009508";"PAPETE SLIDE MOLEKINHA 2357.106 NP TURIM";"2357.106 NUDE";7,000;99,90;45,32;"2357.106 NP TURIM";07/03/2025;120,43
0;"010159";"PAPETE SLIDE MOLEKINHA 2357.114 ITALIA";"23146 OURO ROSADO N";1,000;119,90;55,89;"2357.114 ITALIA";10/10/2025;114,53
0;"010451";"PAPETE SLIDE MOLEKINHA 2357.120 TUNISIA";"100196 AVELA/S";10,000;134,99;61,82;"2357.120 TUNISIA";13/03/2026;118,36
0;"008381";"PAPETE SLIDE MOLEKINHA 2358.100 NP TU KIDS";"32534 KMOLEK CRISTAL/PRET";1,000;99,90;43,51;"2358.100 NP TU KIDS";29/04/2024;129,60
0;"010455";"PAPETE SLIDE MOLEKINHA 2358.100 TIRA PRONTA";"102533 PRETO/PRETO/CRISTA";6,000;109,90;47,63;"2358.100 TIRA PRONTA";13/03/2026;130,74
0;"010454";"PAPETE SLIDE MOLEKINHA 2358.100 TIRA PRONTA";"87714 CRISTAL/CREME/NUDE";10,000;109,90;52,69;"2358.100 TIRA PRONTA";13/03/2026;108,58
0;"010156";"PAPETE SLIDE MOLEKINHA 2358.117 SUPREMA";"92636 NUDE CRISTAL N";7,000;99,90;46,41;"2358.117 SUPREMA";07/10/2025;115,26
0;"010155";"PAPETE SLIDE MOLEKINHA 2358.117 SUPREMA";"88085 PRETO 01 N";2,000;99,90;46,41;"2358.117 SUPREMA";07/10/2025;115,26
0;"010697";"PAPETE SLIDE VIZZANO 6510.102 PELICA I";"101321 CHOCOLATE A2";15,000;169,90;76,15;"6510.102 PELICA I";18/06/2026;123,11
0;"010696";"PAPETE SLIDE VIZZANO 6510.135 NOVA YORK";"103627 BEGE/GOLDEN/CAMEL";8,000;179,90;80,81;"6510.135 NOVA YORK";18/06/2026;122,62
0;"010603";"PAPETE SLIDE ZAXY 19359 MOOD";"BY047 PRETO";12,000;94,90;44,31;"19359 MOOD";18/05/2026;114,17
0;"010602";"PAPETE SLIDE ZAXY 19359 MOOD";"BY043 OFF WHITE CLARO";12,000;94,99;44,31;"19359 MOOD";18/05/2026;114,38
0;"010363";"PAPETE ZAXY 19429 CHARMS";"BX765 OFF WHITE MEDIO";9,000;109,90;44,31;"19429 CHARMS";23/04/2026;148,03
0;"008753";"PIERCING CHINELO MAX METAIS ANCORA RESINA";"PIER ANCORA RESINA AZUL E";7,000;8,00;1,46;"ANCORA RESINA";04/07/2024;447,95
0;"009476";"PIERCING CHINELO MAX METAIS ANCORA STRAS PRATA";" ANCORA PRATA";1,000;8,00;2,15;"ANCORA STRAS PRATA";/  /;272,09
0;"009469";"PIERCING CHINELO MAX METAIS BONECA LOL";"BONECA LOL";4,000;8,00;2,15;"BONECA LOL";/  /;272,09
0;"008759";"PIERCING CHINELO MAX METAIS BORBOLETA AMARELA";"PIER BORB AMARELO";14,000;7,00;1,49;"BORBOLETA AMARELA";/  /;369,80
0;"008760";"PIERCING CHINELO MAX METAIS BORBOLETA GLITTER";"PIER BORB ROSA GLITTER";10,000;7,00;2,06;"BORBOLETA GLITTER";16/09/2025;239,81
0;"008757";"PIERCING CHINELO MAX METAIS BORBOLETA ROSA CLARO";"PIER BORB ROSA CLARO";1,000;7,00;1,49;"BORBOLETA ROSA CLARO";/  /;369,80
0;"008763";"PIERCING CHINELO MAX METAIS BORBOLETA VERDE ESCURA";"PIER BORB VERDE ESCURO";10,000;7,00;1,49;"BORBOLETA VERDE ESCURA";/  /;369,80
0;"008762";"PIERCING CHINELO MAX METAIS BORBOLETA VERDE MEDIO";"PIER BORB VERDE MEDIO";10,000;7,00;1,49;"BORBOLETA VERDE MEDIO";/  /;369,80
0;"010023";"PIERCING CHINELO MAX METAIS CAPIVARA";"MARROM";26,000;8,00;2,60;"CAPIVARA";17/09/2025;207,69
0;"010780";"PIERCING CHINELO MAX METAIS CEREJA DOURADO";"CEREJA DOURADA";11,000;8,00;2,90;"CEREJA DOURADA";/  /;175,86
0;"010027";"PIERCING CHINELO MAX METAIS CONCHA DO MAR DOURADA";"DOURADO";16,000;7,00;0,00;"CONCHA DO MAR DOURADA";/  /;0,00
0;"010022";"PIERCING CHINELO MAX METAIS CONCHA STRASS DOURADO";"DOURADO";38,000;7,00;1,95;"CONCHA STRASS DOURADO";17/09/2025;258,97
0;"010021";"PIERCING CHINELO MAX METAIS CORAÇAO AUTISMO";"COLORIDO";17,000;7,00;1,95;"CORAÇAO AUTISMO";16/09/2025;258,97
0;"010016";"PIERCING CHINELO MAX METAIS FLORB BRANCA";"BRANCA";2,000;7,00;1,45;"FLORB BRANCA";16/09/2025;382,76
0;"010015";"PIERCING CHINELO MAX METAIS FLOR BOTAO PRATA";"FRUTACOR";3,000;7,00;3,32;"FLOR BOTAO PRATA";16/09/2025;110,84
0;"010017";"PIERCING CHINELO MAX METAIS FLOR GLITTER";"GLITTER ROSE";6,000;7,00;1,45;"FLOR GLITTER";16/09/2025;382,76
0;"009542";"PIERCING CHINELO MAX METAIS FLOR LARANJA";"FLOR LARANJA";10,000;7,00;2,15;"FLOR LARANJA";/  /;225,58
0;"010392";"PIERCING CHINELO MAX METAIS GIRASSOL";"GIRASSOL DOURADO";22,000;7,00;2,11;"GIRASSOL DOURADO";/  /;231,75
0;"009477";"PIERCING CHINELO MAX METAIS INTINITO PRATA";"INFINITO  PRATA";12,000;8,00;2,15;"INTINITO PRATA";/  /;272,09
0;"009541";"PIERCING CHINELO MAX METAIS MARGARIDA BASE NIQUEL";"BASE NIQUEL/VERDE";3,000;7,00;2,04;"MARGARIDA BASE NIQUEL";16/09/2025;243,14
0;"010013";"PIERCING CHINELO MAX METAIS MARGARIDA BASE NIQUEL";"BASE NIQUEL/LARANJA";28,000;7,00;2,04;"MARGARIDA BASE NIQUEL";16/09/2025;243,14
0;"008766";"PIERCING CHINELO MAX METAIS MARGARIDA BASE NIQUEL";"BASE NIQUEL/ROSA";1,000;7,00;2,04;"MARGARIDA BASE NIQUEL";16/09/2025;243,14
0;"008746";"PIERCING CHINELO MAX METAIS MARGARIDA BASE NIQUEL";"BASE NIQUEL/AMARELO";6,000;7,00;2,04;"MARGARIDA BASE NIQUEL";04/07/2024;243,14
0;"009475";"PIERCING CHINELO MAX METAIS MICKEY";"MICKEY";19,000;8,00;2,15;"MICKEY";/  /;272,09
0;"009122";"PIERCING CHINELO MAX METAIS MINNIE";"DISNEY PIRC/ MINNIE";6,000;8,00;1,46;"MINNIE";/  /;447,95
0;"010374";"PIERCING CHINELO MAX METAIS MINNIE LACO";"LACO VERMELHO";7,000;8,00;1,46;"LACO VERMELHO";/  /;447,95
0;"009466";"PIERCING CHINELO MAX METAIS NOIVOS";"NOIVO";3,000;5,00;2,15;"NOIVOS";/  /;132,56
0;"010393";"PIERCING CHINELO MAX METAIS OLHO GREGO";"AZUL GREGO";14,000;7,00;2,11;"OLHO GREGO";/  /;231,75
0;"010390";"PIERCING CHINELO MAX METAIS PIER LOGO AZUL";"PIER LOGO AZUL";12,000;10,00;2,90;"PIER LOGO AZUL";/  /;244,83
0;"009452";"PIERCING CHINELO MAX METAIS PIER LOGO DOURADO";"DOURADO LOGO HAV";117,000;10,00;2,90;"PIER LOGO DOURADO";17/09/2025;244,83
0;"009454";"PIERCING CHINELO MAX METAIS PIER LOGO LARANJA";"LARANJA NEON LOGO HAV";6,000;10,00;2,15;"PIER LOGO LARANJA";/  /;365,12
0;"009453";"PIERCING CHINELO MAX METAIS PIER LOGO PINK";"PINK NEON LOGO HAV";13,000;10,00;2,15;"PIER LOGO PINK";/  /;365,12
0;"010025";"PIERCING CHINELO MAX METAIS PIER LOGO STRASS";"DOURADO STRASS";1,000;12,00;3,40;"PIER LOGO STRASS";17/09/2025;252,94
0;"010391";"PIERCING CHINELO MAX METAIS PIER LOGO VERMELHO";"PIER LOGO VERMELHO";14,000;10,00;2,90;"PIER LOGO VERMELHO";/  /;244,83
0;"009120";"PIERCING CHINELO MAX METAIS PIKACHU";"PIR PIKACHU - AMARELO";2,000;7,00;1,46;"PIKACHU";/  /;379,45
0;"008749";"PIERCING CHINELO MAX METAIS PONTO DOURADO";"PIER P/LUZ DOURADO";43,000;6,00;1,74;"PONTO DOURADO";16/09/2025;244,83
0;"008750";"PIERCING CHINELO MAX METAIS PONTO FURTACOR";"PIER P/LUZ FURTACOR";3,000;6,00;1,74;"PONTO FURTACOR";04/07/2024;244,83
0;"008764";"PIERCING CHINELO MAX METAIS PONTO PRATA";"PIER P/LUZ PRATA";5,000;6,00;1,20;"PONTO PRATA";16/09/2025;400,00
0;"008767";"PIERCING CHINELO MAX METAIS STITCH ROSA";"PIER STITCH ROSA";7,000;10,00;2,78;"STITCH ROSA";/  /;259,71
0;"009462";"PIERCING CHINELO MAX METAIS TREVO VERDE";"VERDE TREVO";7,000;8,00;2,15;"TREVO VERDE";/  /;272,09
0;"010020";"PIERCING CHINELO MAX METAIS TUCANO ROSA";"TUCANO ROSA";49,000;7,00;2,58;"TUCANO ROSA";16/09/2025;171,32
0;"009410";"PROTETOR DE AJUSTE OLIVER EVA";"BEGE EVA";16,000;16,99;7,90;"PROTETOR AJUSTE EVA";18/02/2025;115,06
0;"009411";"PROTETOR DE AJUSTE OLIVER GEL";"GEL TRASPARENTE";14,000;21,99;9,90;"PROTETOR AJUSTE GEL";18/02/2025;122,12
0;"009412";"PROTETOR DE CALCANHAR OLIVER";"GEL CAL";11,000;21,99;9,90;"PROTETOR CALCANHAR";18/02/2025;122,12
0;"008618";"PUKET MEIA CANO CURTO PUKET CB:010603171-100 3 PAR";"CB:8547 BRANCA LISA";2,000;37,90;14,90;"CB:010603171-100 3 PARES";/  /;154,36
0;"008619";"PUKET MEIA CANO CURTO PUKET CB:010603773-100 3 PAR";"CB:8522 BRANCO/CINZA/AZUL";1,000;43,90;19,43;"CB:010603773-100 3 PARES";/  /;125,94
0;"010601";"RASTEIRA SLIDE MOLECA 5558.110 FLEX/MANTA";"109556 AVELA/CRISTAL";1,000;94,90;44,47;"5558.110 FLEX/MANTA";15/05/2026;113,40
0;"010449";"RASTEIRA SLIDE MOLEKINHA 2354.133 CAMU FLEX";"15745 PRETO/RAS";5,000;94,99;43,16;"2354.133 CAMU FLEX";13/03/2026;120,09
0;"010450";"RASTEIRA SLIDE MOLEKINHA 2354.133 CAMU FLEX";"35312 BRANCO OFF/RAS";7,000;94,99;43,16;"2354.133 CAMU FLEX";13/03/2026;120,09
0;"010507";"RASTEIRA SLIDE VIZZANO 6371.367 NAPA CALF";"102051 AREIA CALF";12,000;79,90;36,20;"6371.367 NAPA CALF";16/04/2026;120,72
0;"010506";"RASTEIRA SLIDE VIZZANO 6371.367 NAPA CALF";"15745 PRETO CALF";3,000;79,90;36,19;"6371.367 NAPA CALF";16/04/2026;120,78
0;"010508";"RASTEIRA SLIDE VIZZANO 6371.367 NAPA CALF";"104068 MOCCA CALF13";4,000;79,90;36,20;"6371.367 NAPA CALF";16/04/2026;120,72
0;"010694";"RASTEIRA SLIDE VIZZANO 6553.101 CROCO";"111833 MOSTARDA/OURO CLAR";12,000;99,90;49,70;"6553.101 CROCO";18/06/2026;101,01
0;"010695";"RASTEIRA SLIDE VIZZANO 6553.101 CROCO";"111834 PRETO/OURO CLARO";11,000;99,90;49,70;"6553.101 CROCO";18/06/2026;101,01
0;"010419";"RASTEIRA VIZZANO 6371.1005 PELICA";"107262 BEGE GOLDEN/BRANCO";8,000;119,90;56,26;"6371.1005 PELICA";30/06/2026;113,12
0;"010418";"RASTEIRA VIZZANO 6371.1005 PELICA";"85432 PRETO/CRISTAL/PRETO";20,000;119,90;56,26;"6371.1005 PELICA";30/06/2026;113,12
0;"010511";"RASTEIRA VIZZANO 6371.1005 PELICA";"109616 CHOCOLATE";6,000;119,90;56,24;"6371.1005 PELICA";30/06/2026;113,19
0;"010304";"RASTEIRA VIZZANO 6371.1105 GASPEA";"102848 BEGE GOLDEN";7,000;119,90;56,26;"6371.1105 GASPEA";30/06/2026;113,12
0;"010423";"RASTEIRA VIZZANO 6553.101 NAPA GARDA";"104068 MOCCA";2,000;94,99;44,47;"6553.101 NAPA GARDA";04/03/2026;113,60
0;"010422";"RASTEIRA VIZZANO 6553.101 NAPA GARDA";"15745 PRETO01";1,000;94,99;44,47;"6553.101 NAPA GARDA";17/04/2026;113,60
0;"010272";"SACO PRESENTE METALIZADO 30X44";"EMB METALIZADO";83,000;2,50;0,00;"SACO PRESENTE 30X44";/  /;0,00
0;"010271";"SACO PRESENTE METALIZADO 45X60";"METALIZADO";83,000;3,50;0,00;"SACO PRESENTE 45X60";/  /;0,00
0;"008988";"SANDALIA ANABELA MODARE 7151.102 CANELADO II";"000003S/CAN PRETO";38,000;139,90;68,49;"7151.102 CANELADO II";30/05/2026;104,26
0;"010556";"SANDALIA ANABELA MODARE 7151.102 CANELADO II";"016809 NUDE CN";15,000;139,90;68,49;"7151.102 CANELADO II";05/05/2026;104,26
0;"010328";"SANDALIA BEIRA RIO 8367.878 LONDON";"PRATA LONDON";6,000;134,99;63,17;"8367.878 LONDON";05/12/2025;113,69
0;"010331";"SANDALIA BEIRA RIO 8524.114 NAPA TURIM";"95373 CAMEL NP";2,000;159,90;77,66;"8524.114 NAPA TURIM";11/05/2026;105,90
0;"006238";"SANDALIA BIRKEN WORLDCOLORS 167.005 KIDS";"1149 SAND BIR PINK";2,000;129,90;66,01;"167.005 KIDS";/  /;96,79
0;"007021";"SANDALIA CARTAGO 12048 TULUM";"AT452 BEGE/MARROM/LARANJA";1,000;69,90;34,78;"12048 TULUM";/  /;100,98
0;"007022";"SANDALIA CARTAGO 12210 MINI II";"BEGE/AZUL/BORDO";1,000;79,99;41,84;"12210 MINI II";/  /;91,18
0;"010353";"SANDALIA CARTAGO 12462 MALAGA SPORT";"BM050 CINZA/PRETO/BORDO";9,000;79,99;41,10;"12462 MALAGA SPORT";19/12/2025;94,62
0;"010354";"SANDALIA CARTAGO 12462 MALAGA SPORT";"BM055 BEGE/MARROM/BRONZE";6,000;79,99;41,10;"12462 MALAGA SPORT";19/12/2025;94,62
0;"009884";"SANDALIA CARTAGO 12477 MALAGA SPORT";"BL997 CINZA/PRETO/BORDO";3,000;104,99;52,46;"12477 MALAGA SPORT";16/07/2025;100,13
0;"009482";"SANDALIA CARTAGO 12481 VENETO II";"BI709 MARROM/MARROM";1,000;99,99;48,47;"12481 VENETO II";19/12/2025;106,29
0;"009484";"SANDALIA CARTAGO 12489 ATLANTA";"BK064 MARROM/MARROM";10,000;79,99;39,59;"12489 ATLANTA";17/06/2025;102,05
0;"009895";"SANDALIA CARTAGO 12537 SANTORINI";"BR798 MARROM/MARROM/BRONZ";4,000;157,99;78,68;"12537 SANTORINI";16/07/2025;100,80
0;"010853";"SANDALIA CARTAGO 12537 SANTORINI";"CB023 PRETO/PRETO/CINZA";11,000;157,99;74,83;"12537 SANTORINI";30/07/2026;111,13
0;"010043";"SANDALIA CARTAGO 12586 MALAGA BABY";"CINZA/AZUL/VERMELHO";15,000;79,99;34,46;"12586 MALAGA BABY";05/05/2026;132,12
0;"010044";"SANDALIA CARTAGO 12586 MALAGA BABY";"BEGE/MARROM/LARANJA";18,000;79,99;34,46;"12586 MALAGA BABY";05/05/2026;132,12
0;"010737";"SANDALIA COURO MASCULINO PEGADA 133206 ANILINA";"PINHAO S";21,000;229,99;110,24;"133206 ANILINA";30/06/2026;108,63
0;"008339";"SANDALIA COURO PEGADA 131669";"669-06 ANILINA PRETO";1,000;224,99;105,89;"131669";09/11/2024;112,48
0;"008360";"SANDALIA COURO PLUS SIZE PEGADA 530645";"645-02 ANILINA PINHAO 24L";4,000;269,90;129,53;"530645";25/06/2025;108,37
0;"007060";"SANDALIA GRENDENE KIDS 22303 D/MAGIC BABY M";"AA661 PRETO/BRANCO";2,000;59,99;19,65;"22303 D/MAGIC BABY M";/  /;205,29
0;"008115";"SANDALIA GRENDENE KIDS 22940 HOMEM ARANHA BUGGY";"AS891 ARAN AZUL/VERMELHO";1,000;99,99;49,00;"22940 HOMEM ARANHA BUGGY";/  /;104,06
0;"010197";"SANDALIA GRENDENE KIDS 23268 BARBIE FLY MOCHILA";"BT328 ROSA";1,000;149,90;71,92;"23268 BARBIE FLY MOC";29/10/2025;108,43
0;"010801";"SANDALIA GRENDENE KIDS 23345 DISNEY + CARRI";"BW673 ROSA/ROSA";12,000;179,90;88,87;"23345 DISNEY + CARRI";17/07/2026;102,43
0;"009553";"SANDALIA GRENDHA 19174 LIBERDADE";"BM354 PRETO LIBER";1,000;49,99;23,47;"19174 LIBERDADE";21/03/2025;113,00
0;"009571";"SANDALIA GRENDHA 19203 INSPIRA";"BN077 MARROM CACAU";1,000;49,99;23,47;"19203 INSPIRA";02/04/2025;113,00
0;"010279";"SANDALIA GRENDHA 19228 AMOR";"BU725 OFF WHITE";2,000;37,99;17,98;"19228 AMOR";26/11/2025;111,29
0;"010280";"SANDALIA GRENDHA 19228 AMOR";"BX719 ROSE/GLITTER";1,000;34,99;17,98;"19228 AMOR";26/11/2025;94,61
0;"009960";"SANDALIA GRENDHA 19250 SUBLIME";"PRETO SUBLIME";5,000;54,99;25,68;"19250 SUBLIME";25/09/2025;114,14
0;"009961";"SANDALIA GRENDHA 19250 SUBLIME";"MARROM MOCCA SUBLIME";7,000;54,99;25,68;"19250 SUBLIME";25/09/2025;114,14
0;"010283";"SANDALIA GRENDHA 19315 PEROLAS";"BU595 OFF WHITE MEDIO";1,000;54,99;25,68;"19315 PEROLAS";26/11/2025;114,14
0;"010284";"SANDALIA GRENDHA 19315 PEROLAS";"BU597 PRETO";1,000;54,99;25,68;"19315 PEROLAS";26/11/2025;114,14
0;"010285";"SANDALIA GRENDHA 19315 PEROLAS";"BU600 MARROM PECAN";3,000;54,99;25,68;"19315 PEROLAS";26/11/2025;114,14
0;"010443";"SANDALIA GRENDHA 19376 MARE";"BX671 OFF WHITE MEDIO";5,000;52,99;24,61;"19376 MARE";23/04/2026;115,32
0;"010536";"SANDALIA GRENDHA 19379 MAIS CONFORTO";"BY192 MAROM MOCCA";1,000;62,99;29,53;"19379 MAIS CONFORTO";23/04/2026;113,31
0;"010535";"SANDALIA GRENDHA 19379 MAIS CONFORTO";"BY189 OFF WHITE CAF";1,000;62,99;29,53;"19379 MAIS CONFORTO";23/04/2026;113,31
0;"010835";"SANDALIA  INFANTIL + ACESSORIO GRENDENE KIDS GERRE";"CB238 ROXO/BRANCO PEROLA";11,000;139,99;65,48;"GERREIRAS 23342";21/07/2026;113,79
0;"010098";"SANDALIA IPANEMA 27402 GLOW";"MARROM DOURADO GLOW";16,000;36,99;18,62;"27402 GLOW";26/11/2025;98,66
0;"010296";"SANDALIA IPANEMA 27403 GLOW";"BS297 ROSA/DOURADO";64,000;38,99;17,23;"27403 GLOW";11/05/2026;126,29
0;"010445";"SANDALIA IPANEMA 27403 GLOW";"BS296 PRETO/PRETO";155,000;38,99;17,23;"27403 GLOW";23/04/2026;126,29
0;"009967";"SANDALIA IPANEMA 27423 GLOW TREND";"MARROM TREND";1,000;39,99;21,19;"27423 GLOW TREND";26/11/2025;88,72
0;"009968";"SANDALIA IPANEMA 27423 GLOW TREND";"PRETO TREND";13,000;39,99;21,19;"27423 GLOW TREND";26/11/2025;88,72
0;"010059";"SANDALIA IPANEMA 27431 HELLO KITT";"ROSA/ROSA";2,000;49,99;25,68;"27431 HELLO KITT";19/09/2025;94,67
0;"010349";"SANDALIA IPANEMA 27476 BARBIE SHINE";"BV748 PRETO/VIDRO";2,000;49,99;25,68;"27476 BARBIE SHINE";19/12/2025;94,67
0;"007320";"SANDALIA KIDY 001-0999 BABY MNO";"1361 MARINHO/LARANJA";1,000;99,90;45,00;"001-0999 BABY MNO";/  /;122,00
0;"007701";"SANDALIA KLIN 129145 URBAN SAN";"9191 MARINHO";2,000;119,90;53,97;"129145 URBAN SAN";/  /;122,16
0;"009365";"SANDALIA KLIN 129163 URBAN";"408 GRAFITE/PRETO";4,000;119,90;58,58;"129163 URBAN";17/12/2024;104,68
0;"009366";"SANDALIA KLIN 129165 URBAN";"4768 VERDE MILITAR/PRETO";1,000;120,00;59,45;"129165 URBAN";17/12/2024;101,85
0;"007771";"SANDALIA KLIN 171.160 TAC SAND";"5716 OFFWHITE/ROSA";1,000;84,99;37,46;"171.160 TAC SAND";/  /;126,88
0;"007689";"SANDALIA KLIN 171.197 CASUAL";"6660 MARINHO";1,000;89,99;43,39;"171.197 CASUAL";/  /;107,40
0;"007770";"SANDALIA KLIN 171.199 TIC CASUAL";"4093 AZUL/ROSACANDY";4,000;99,90;45,56;"171.199 TIC CASUAL";/  /;119,27
0;"007760";"SANDALIA KLIN 171.202 TIC TAC";"7209 MARINHO";1,000;94,90;41,42;"171.202 TIC TAC";/  /;129,12
0;"009364";"SANDALIA KLIN 171227 TICTAC CASUAL";"16550 CAFE/TAUPE/CARAMELO";2,000;99,90;49,56;"171227 TICTAC CASUAL";17/12/2024;101,57
0;"007747";"SANDALIA KLIN 177.088 SUAMI FLOR";"4824 WHITE/PEROLIZADO";1,000;124,99;57,42;"177.088 SUAMI FLOR";/  /;117,68
0;"007729";"SANDALIA KLIN 515.223 CAKE SAN";"8532 ROSA/CLARO";1,000;109,90;49,96;"515.223 CAKE SAN";/  /;119,98
0;"010199";"SANDALIA LED GRENDENE KIDS 23407 PATRULHA CAN";"BT448 AZUL ESCURO";1,000;99,90;51,38;"23407 PATRULHA CAN";29/10/2025;94,43
0;"010198";"SANDALIA LED GRENDENE KIDS 23407 PATRULHA CANIN";"BT447 ROSA";3,000;99,90;51,38;"23407 PATRULHA CANIN";29/10/2025;94,43
0;"010384";"SANDALIA LED MOLEKINHA 2741.205 GLIT MINI";"BRANCO/DOURADO";7,000;119,90;52,01;"2741.205 GLIT MINI";29/01/2026;130,53
0;"010383";"SANDALIA LED MOLEKINHA 2741.206 ITALIA/FLOR";"OURO ROSADO/ROSA DOU";5,000;129,90;56,63;"2741.206 ITALIA/FLOR";29/01/2026;129,38
0;"010439";"SANDALIA LED MOLEKINHO 2624.210 RUSTICO NEO";"15745 PRETO LED";9,000;134,99;61,82;"2624.210 RUSTICO NEO";10/03/2026;118,36
0;"008016";"SANDALIA MINI WORLDCOLORS 75.078 LILLY BABY";"1263 MINI PINK/VERDE";1,000;95,90;41,87;"75.078 LILLY BABY";/  /;129,04
0;"010216";"SANDALIA MODARE 7125.233 ITALIA";"92096 PRETO/DOURADO";3,000;114,99;54,98;"7125.233 ITALIA";10/03/2026;109,15
0;"009997";"SANDALIA MODARE 7125.233 ITALIA";"86704 NUDE/CREME/DOURADO";10,000;114,99;54,28;"7125.233 ITALIA";29/04/2026;111,85
0;"010323";"SANDALIA MODARE 7151.145 NATURE";"BRANCO OFF NAT";5,000;149,90;74,02;"7151.145 NATURE";05/12/2025;102,51
0;"009555";"SANDALIA MODARE 7162.223 NP NATURE";"95973 CAMEL 1163";1,000;114,99;54,28;"7162.223 NP NATURE";05/11/2025;111,85
0;"007879";"SANDALIA MODARE 7178.103 CROCO BENIN N/P";"TAN1080/CAFE856/TELHA1102";1,000;119,90;54,67;"7178.103 CROCO BENIN N/P";/  /;119,32
0;"009632";"SANDALIA MODARE 7200.102 NAPA NATURE";"101540 OLIVA 1281 FL/";12,000;184,99;77,90;"7200.102 NAPA NATURE";16/04/2026;137,47
0;"010458";"SANDALIA MODARE 7208.108 ELAS/CAN";"15745 PRETO/CAN";6,000;144,99;68,49;"7208.108 ELAS/CAN";19/05/2026;111,70
0;"010459";"SANDALIA MODARE 7208.108 ELAS/CAN";"100196 AVELA CAN";6,000;144,99;65,82;"7208.108 ELAS/CAN";16/03/2026;120,28
0;"010480";"SANDALIA MODARE 7210.209 NOBUCK ULTR";"108352 ALECRIM V";6,000;164,99;79,31;"7210.209 NOBUCK ULTR";27/03/2026;108,03
0;"010481";"SANDALIA MODARE 7210.210 NP FLOA NAT";"95373 CAMEL NA";4,000;184,99;88,84;"7210.210 NP FLOA NAT";27/03/2026;108,23
0;"010448";"SANDALIA MODARE 7222.104 NEW PLUS";"95373 CAMEL/NEW";7,000;184,90;88,84;"7222.104 NEW PLUS";13/03/2026;108,13
0;"010299";"SANDALIA MOLECA 5490.104 TP STRASS";"91008 PRETO/BLACK";18,000;104,99;49,06;"5490.104 TP STRASS";31/05/2026;114,00
0;"010301";"SANDALIA MOLECA 5490.104 TP STRASS";"107580 CHOCOLATE";17,000;104,99;49,06;"5490.104 TP STRASS";31/05/2026;114,00
0;"009744";"SANDALIA MOLEKINHA 2157.1203 VALENCIA";"PRETO/PRETO/GRAFITE HEM";5,000;89,90;41,80;"2157.1203 VALENCIA";09/06/2025;115,07
0;"009746";"SANDALIA MOLEKINHA 2157.1205 MILAO";"ROSA /CRISTAL";3,000;89,90;41,80;"2157.1205 MILAO";09/06/2025;115,07
0;"010162";"SANDALIA MOLEKINHA 2342.115 ITALIA";"00066 DOURADO N";2,000;99,90;46,41;"2342.115 ITALIA";10/10/2025;115,26
0;"010161";"SANDALIA MOLEKINHA 2342.116 NAPA TURIM";"15745 PRETO 01 N";6,000;109,90;51,36;"2342.116 NAPA TURIM";10/10/2025;113,98
0;"006391";"SANDALIA MOLEKINHA 2347.100 MINI SHINE";"OURO ROSADO SHINE";19,000;99,90;49,70;"2347.100 MINI SHINE";28/05/2026;101,01
0;"009166";"SANDALIA MOLEKINHA 2357.108 FLORENCA";"100108 OURO ROSADO/ROSA";2,000;119,90;56,21;"2357.108 FLORENCA";01/12/2025;113,31
0;"009167";"SANDALIA MOLEKINHA 2357.108 FLORENCA";"97266 BRANCO-OFF/CRISTAL";1,000;119,90;54,67;"2357.108 FLORENCA";11/10/2024;119,32
0;"009532";"SANDALIA MOLEKINHA 2357.108 FLORENCA";"PRETO/ CRISTAL NIQUEL";1,000;119,90;56,21;"2357.108 FLORENCA";13/03/2025;113,31
0;"010160";"SANDALIA MOLEKINHA 2357.117 TIRA PRONTA";"58021 DOURADO NUDE 658 N";10,000;109,90;51,36;"2357.117 TIRA PRONTA";10/10/2025;113,98
0;"010145";"SANDALIA MOLEKINHA 2361.205 ITALIA";"DOURADO/OURO ROSADO";20,000;119,90;59,85;"2361.205 ITALIA";29/05/2026;100,33
0;"010389";"SANDALIA MOLEKINHA 2361.217 ITALHA/GLIT";"DOURADO/DOURADO";5,000;109,90;52,01;"2361.217 ITALHA/GLIT";29/01/2026;111,31
0;"010382";"SANDALIA MOLEKINHA 2375.101 NP TU";"BRANCO OFF/CHAMP/DOURADO";1,000;109,90;52,01;"2375.101 NP TU";28/01/2026;111,31
0;"010381";"SANDALIA MOLEKINHA 2375.101 NP TU";"108245 AVELA/OURO R/CAMEL";3,000;109,90;54,98;"2375.101 NP TU";28/05/2026;99,89
0;"010805";"SANDALIA MOLEKINHA 2378.104 TURIM";"35312 BRANCO OFF A5";16,000;119,90;56,62;"2378.104 TURIM";17/07/2026;111,76
0;"010806";"SANDALIA MOLEKINHA 2378.104 TURIM";"105829 ROSE";16,000;119,90;56,63;"2378.104 TURIM";17/07/2026;111,73
0;"008053";"SANDALIA MOLEKINHA 2729.202 VERNIZ PRE BABY";"93824 BABY BRANCO 99/PINK";2,000;89,90;40,29;"2729.202 VERNIZ PRE BABY";08/07/2025;123,13
0;"010080";"SANDALIA MOLEKINHA 2743.102 SHINE";"DOURADO SHINE";2,000;69,90;33,60;"2743.102 SHINE";29/01/2026;108,04
0;"010079";"SANDALIA MOLEKINHA 2743.103 ITALIA";"DOURADO ITA";13,000;69,90;33,60;"2743.103 ITALIA";25/08/2026;108,04
0;"010078";"SANDALIA MOLEKINHA 2743.104 NAPA TURIM";"BRANCO OFF TURIM";3,000;79,90;37,51;"2743.104 NAPA TURIM";23/09/2025;113,01
0;"010804";"SANDALIA MOLEKINHA 2878.102 MC";"27172 PRETO/CRISTAL";16,000;109,90;52,01;"2878.102 MC";17/07/2026;111,31
0;"007371";"SANDALIA MOLEKINHO 101 FLOTER MILAN NEON";"PRETO/AMAREL/LARANJA/AZUL";3,000;79,90;35,94;"101 FLOTER MILAN NEON";/  /;122,31
0;"010595";"SANDALIA MOLEKINHO 2135.137 FL RUST NEO";"105229 CINZA/AZUL";53,000;69,90;29,61;"2135.137 FL RUST NEO";21/05/2026;136,07
0;"010377";"SANDALIA MOLEKINHO 2135.137 FL RUST NEO";"100004 CAFE/AREIA";46,000;69,90;29,61;"2135.137 FL RUST NEO";21/05/2026;136,07
0;"008788";"SANDALIA MOLEKINHO 2135.653 RUSTICO NEO";"15745BM PRETO 01";1,000;89,90;39,43;"2135.653 RUSTICO NEO";04/07/2024;128,00
0;"009340";"SANDALIA MOLEKINHO 2135.662 RUSTICO NEO";"2135.662 PRETO";2,000;69,90;32,45;"2135.662 RUSTICO NEO";03/12/2024;115,41
0;"009341";"SANDALIA MOLEKINHO 2135.662 RUSTICO NEO";"2135.662 MARINHO";1,000;69,90;32,97;"2135.662 RUSTICO NEO";09/06/2025;112,01
0;"008789";"SANDALIA MOLEKINHO 2135.763 RUSTICO NEO";"36786BM MARINHO 488/BRANC";1,000;79,90;35,17;"2135.763 RUSTICO NEO";11/05/2026;127,18
0;"007476";"SANDALIA MOLEKINHO 2400-155 NAPA NEO";"7282 CAFE/CARAMELO";3,000;99,90;46,12;"2400-155 NAPA NEO";17/06/2025;116,61
0;"007478";"SANDALIA MOLEKINHO 2400.355 FLOTER RUSTICO";"1395 PRETO";1,000;99,90;42,69;"2400.355 FLOTER RUSTICO";28/06/2024;134,01
0;"008699";"SANDALIA MOLEKINHO 2402.745 F.CAMURCAO";"17063-MARIN/AREIA/CARAMEL";3,000;99,90;46,12;"2402.745 F.CAMURCAO";17/06/2025;116,61
0;"009799";"SANDALIA MOLEKINHO 2424.110 RUST NEO";"101021 VERDE OLIVA/PRETO";8,000;109,90;52,69;"2424.110 RUST NEO";23/01/2026;108,58
0;"010376";"SANDALIA MOLEKINHO 2430.101 RUTICO NEO";"15745 PRETO/P";10,000;109,90;52,69;"2430.101 RUTICO NEO";23/01/2026;108,58
0;"007429";"SANDALIA MOLEKINHO 2951-156 VERMONT RN";"0526 BRANCO/OFF";1,000;69,90;30,46;"2951-156 VERMONT RN";/  /;129,48
0;"010048";"SANDALIA PAPETE BABY GRENDENE KIDS 22303 DISNEY";"BS804 ROSA MEDIO";4,000;59,99;30,82;"22303 DISNEY";19/09/2025;94,65
0;"010047";"SANDALIA PAPETE BABY GRENDENE KIDS 22303 DISNEY MI";"BS803 ROSA CLARO";4,000;59,99;30,82;"22303 DISNEY MINNIE";19/09/2025;94,65
0;"010050";"SANDALIA PAPETE BABY GRENDENE KIDS 23361 HELLO KIT";"BQ901 BEGE/VERMELHO";3,000;59,99;30,82;"23361 HELLO KITTY";19/09/2025;94,65
0;"010832";"SANDALIA PAPETE BABY GRENDENE KIDS LUMY 23488 F";"CC632 ROSA/BEGE";20,000;59,99;28,06;"LUMY 23488 F";21/07/2026;113,79
0;"010831";"SANDALIA PAPETE BABY GRENDENE KIDS LUMY 23488 F";"CB685 ROSA/GLITTER";6,000;59,99;28,06;"LUMY 23488 F";21/07/2026;113,79
0;"010834";"SANDALIA PAPETE BABY GRENDENE KIDS LUMY 23488 M";"CC629 VERDE/CASTOR";23,000;59,99;28,06;"LUMY 23488 M";21/07/2026;113,79
0;"010833";"SANDALIA PAPETE BABY GRENDENE KIDS LUMY 23488 M";"CB815 VERDE/VERDE";23,000;59,99;28,06;"LUMY 23488 M";21/07/2026;113,79
0;"010855";"SANDALIA PAPETE BABY GRENDENE KIDS PATRULHA 22710";"CA269 ROSA CLARO/ROSA";11,000;65,99;32,73;"22710  PATRU CAN F";30/07/2026;101,62
0;"010856";"SANDALIA PAPETE BABY GRENDENE KIDS PATRULHA CAN 22";"CA270 AZUL/LARANJA";10,000;64,99;32,73;"22710  PATRU CAN M";30/07/2026;98,56
0;"010918";"SANDALIA PAPETE BABY IPANEMA 27577 SHINE";"CE978 ROSA/ROSA";24,000;39,99;19,42;"27577 SHINE";16/08/2026;105,92
0;"010917";"SANDALIA PAPETE BABY IPANEMA 27577 SHINE";"CE971 OFF WHITE/ROSA";23,000;39,99;19,42;"27577 SHINE";16/08/2026;105,92
0;"010930";"SANDALIA PAPETE BABY MOLEKINHA 2121.134 FLORENCA";"ROSE/ROSA/DOURADO";12,000;89,90;42,61;"2121.134 FLORENCA";25/08/2026;110,98
0;"009817";"SANDALIA PAPETE BABY MOLEKINHA 2741.202 LED METALI";"17165 BRANCO/DOURADO";5,000;129,90;60,24;"2741.202 LED NP TURI";23/09/2025;115,64
0;"009818";"SANDALIA PAPETE BABY MOLEKINHA 2741.202 LED NP TUR";"78276 ROSA";2,000;129,90;55,53;"2741.202 LED NP TURI";18/06/2025;133,93
0;"010931";"SANDALIA PAPETE BABY MOLEKINHA 2752.200 EVA";"ROSA CHARM A";12,000;109,90;52,01;"2752.200 EVA";25/08/2026;111,31
0;"010822";"SANDALIA PAPETE BABY MOLEKINHA NAPA TURIM 2751.101";"ROSE 1434";12,000;99,90;49,06;"NAPA TURIM 2751.101";21/07/2026;103,63
0;"010823";"SANDALIA PAPETE BABY MOLEKINHA NAPA TURIM 2751.101";"BRANCO OFF 35312";12,000;99,90;49,06;"NAPA TURIM 2751.101";21/07/2026;103,63
0;"010824";"SANDALIA PAPETE BABY MOLEKINHA V PREMIUM 2751.103";"BRANCO OFF A 35312";9,000;99,90;49,06;"V PREMIUM 2751.103";21/07/2026;103,63
0;"010936";"SANDALIA PAPETE BABY MOLEKINHO 2655.100 RUSTICO";"CINZA A";12,000;99,90;47,01;"2655.100 RUSTICO";25/08/2026;112,51
0;"010935";"SANDALIA PAPETE BABY MOLEKINHO 2656.200 EVA";"PRETO/AMARELO NEON";12,000;119,90;56,62;"2656.200 EVA";25/08/2026;111,76
0;"010868";"SANDALIA PAPETE BABY ZAXYNINA 19370 SUNNY";"CC491 ROSA SORVETE GLITTE";12,000;79,99;37,41;"19370 SUNNY";11/08/2026;113,82
0;"010830";"SANDALIA PAPETE BABY ZAXYNINA 19411CA3050178";"CA305 OFF WHITE GLITER";7,000;69,99;32,73;"19411CA3050178";21/07/2026;113,84
0;"010854";"SANDALIA PAPETE BABY ZAXYNINA DUO 19440";"CC790 ROSA TULE GLITTER";11,000;69,99;32,73;"DUO 19440";30/07/2026;113,84
0;"007032";"SANDALIA PAPETE CARTAGO 11713  MILAO BABY";"AJ344 BEGE/MARROM";1,000;69,90;39,30;"11713  MILAO BABY";/  /;77,86
0;"010039";"SANDALIA PAPETE CARTAGO 12418 MILAO II";"12418 BEGE CLARO";2,000;69,99;35,96;"12418 MILAO II";25/11/2025;94,63
0;"010701";"SANDALIA PAPETE FEMININO BEIRA RIO 8488.144 XANGAI";"103698 PRETO/PRETO";17,000;139,90;67,92;"8488.144 XANGAI";20/06/2026;105,98
0;"010702";"SANDALIA PAPETE FEMININO BEIRA RIO 8488.144 XANGAI";"104341 CAMEL/BEGE/BEGE";16,000;139,90;67,92;"8488.144 XANGAI";20/06/2026;105,98
0;"010880";"SANDALIA PAPETE FEMININO IPANEMA 27572 SHINE";"CE805 PRETO/BEGE";35,000;49,99;23,38;"27572 SHINE";11/08/2026;113,82
0;"010881";"SANDALIA PAPETE FEMININO IPANEMA 27572 SHINE";"CE806 OFF WHITE/BEGE";36,000;49,99;23,38;"27572 SHINE";11/08/2026;113,82
0;"010879";"SANDALIA PAPETE FEMININO IPANEMA 27572 SHINE";"CE804 MARROM LICOR/MAN";36,000;49,99;23,38;"27572 SHINE";11/08/2026;113,82
0;"010616";"SANDALIA PAPETE FEMININO MODARE 7125.262 NATURE EL";"52531 NUDE A";7,000;134,99;63,68;"7125.262 NATURE ELA";26/05/2026;111,98
0;"010617";"SANDALIA PAPETE FEMININO MODARE 7125.262 NATURE EL";"108352 ALECRIM A";4,000;134,90;63,68;"7125.262 NATURE ELA";26/05/2026;111,84
0;"010665";"SANDALIA PAPETE FEMININO MODARE 7151.115 NP FLOAT";"106874 AVELA/MOCA A";13,000;144,99;69,37;"7151.115 NP FLOAT NA";08/06/2026;109,01
0;"010666";"SANDALIA PAPETE FEMININO MODARE 7151.115 NP FLOAT";"15758 PRETO/PRETO A";4,000;144,99;69,37;"7151.115 NP FLOAT NA";08/06/2026;109,01
0;"010663";"SANDALIA PAPETE FEMININO MODARE 7200.113 LONDON";"106596 CARAMELO";21,000;169,90;84,17;"7200.113 LONDON";08/06/2026;101,85
0;"010664";"SANDALIA PAPETE FEMININO MODARE 7200.113 LONDON";"15745 PRETO A6";13,000;169,90;84,17;"7200.113 LONDON";08/06/2026;101,85
0;"010706";"SANDALIA PAPETE FEMININO MODARE 7229.103 TRENTO";"15745 PRETRO T";16,000;139,90;69,37;"7229.103 TRENTO";23/06/2026;101,67
0;"010705";"SANDALIA PAPETE FEMININO MODARE 7229.103 TRENTO";"101439 CACAU A1";12,000;139,90;69,37;"7229.103 TRENTO";23/06/2026;101,67
0;"010635";"SANDALIA PAPETE FEMININO MOLECA 5490.131 NAPA TRUI";"91292 BLACK DIA/PRETO";10,000;139,90;68,49;"5490.131 NAPA TURIM";31/05/2026;104,26
0;"010634";"SANDALIA PAPETE FEMININO MOLECA 5490.131 NAPA TURI";"109531 GOLDEN/NUDE";4,000;139,99;68,49;"5490.131 NAPA TURIM";31/05/2026;104,39
0;"010554";"SANDALIA PAPETE FEMININO VIZZANO 6510.133 PELICA";"101321 CHOCOLATE PE";7,000;159,90;69,46;"6510.133 PELICA";30/04/2026;130,20
0;"010553";"SANDALIA PAPETE FEMININO VIZZANO 6510.133 PELICA";"15745 PRETO/PEL";9,000;159,90;69,46;"6510.133 PELICA";30/04/2026;130,20
0;"010049";"SANDALIA PAPETE GRENDENE KIDS 22303 DISNEY MICKEY";"BV311 AZUL ESCURO";5,000;59,99;30,82;"22303 DISNEY MICKEY";19/09/2025;94,65
0;"010775";"SANDALIA PAPETE GRENDENE KIDS 22303 DISN MAGIC III";"CB515 AZUL/AZUL/BRANCO";22,000;65,99;32,73;"22303 DISN MAGIC III";13/07/2026;101,62
0;"008839";"SANDALIA PAPETE GRENDENE KIDS 22710 PATRU CANINA F";"BC893P/CAN ROSA/BRANCO";2,000;62,99;28,75;"22710 PATRU CANINA F";08/07/2024;119,10
0;"010288";"SANDALIA PAPETE GRENDENE KIDS 22710 PATRULHA";"BW316 CASTOR/AZUL";3,000;59,99;30,82;"22710 PATRULHA";26/11/2025;94,65
0;"010287";"SANDALIA PAPETE GRENDENE KIDS 22710 PATRULHA CANIN";"BU275 PRETO/VERMELHO";6,000;59,99;30,82;"22710 PATRULHA";26/11/2025;94,65
0;"010916";"SANDALIA PAPETE INFANTIL IPANEMA 27576 SHINE";"CE842 ROSA/ROSA";36,000;39,99;19,42;"27576 SHINE";16/08/2026;105,92
0;"010915";"SANDALIA PAPETE INFANTIL IPANEMA 27576 SHINE";"CE834 PRETO/ROSA";36,000;39,99;19,42;"27576 SHINE";16/08/2026;105,92
0;"010647";"SANDALIA PAPETE INFANTIL MOLEKINHA 2357.119 TURIM";"108441 PRETO/GRAFITE";14,000;124,99;54,98;"2357.119 TURIM PYXIS";02/06/2026;127,34
0;"010924";"SANDALIA PAPETE INFANTIL MOLEKINHA 2361.222 FLOREN";"DOURADO/ROSA/OURO ROSA";12,000;119,90;56,63;"2361.222 FLORENCA";25/08/2026;111,73
0;"010827";"SANDALIA PAPETE INFANTIL MOLEKINHA CAMURCA 2357.12";"NUDE/NUDE 53152";16,000;139,90;68,49;"CAMURCA 2357.123";21/07/2026;104,26
0;"010826";"SANDALIA PAPETE INFANTIL MOLEKINHA CAMURCA 2357.12";"PRETO/PRETO 15758";16,000;139,90;68,49;"CAMURCA 2357.123";21/07/2026;104,26
0;"010845";"SANDALIA PAPETE INFANTIL MOLEKINHO RUSTICO 2400.13";"CAFE/AREIA 100004";16,000;89,90;39,67;"RUSTICO 2400.139";23/07/2026;126,62
0;"010846";"SANDALIA PAPETE INFANTIL MOLEKINHO RUSTICO 2400.15";"PRETO/CINZA 72823";16,000;99,90;49,06;"RUSTICO 2400.155";23/07/2026;103,63
0;"009367";"SANDALIA PAPETE KLIN 171223 TICTAC CASUAL";"6998 OFF-WHITE";1,000;120,00;50,96;"171223 TICTAC CASUAL";17/12/2024;135,48
0;"009368";"SANDALIA PAPETE KLIN 171225 TICTAC CASUAL";"0069 DOURADO";3,000;120,00;54,07;"171225 TICTAC CASUAL";17/12/2024;121,93
0;"010476";"SANDALIA PAPETE MODARE 7162.306 ELASTICO";"52531 NUDE SA";18,000;104,99;47,12;"7162.306 ELASTICO";26/08/2026;122,81
0;"010475";"SANDALIA PAPETE MODARE 7162.306 ELASTICO";"100196 AVELA S";15,000;104,99;47,12;"7162.306 ELASTICO";26/08/2026;122,81
0;"010128";"SANDALIA PAPETE MOLEKINHA 2344.144 NAPA TURIM";"PRETO CRISTAL";1,000;109,90;50,95;"2344.144 NAPA TURIM";30/09/2025;115,70
0;"010127";"SANDALIA PAPETE MOLEKINHA 2344.149 TIRA PRONTA";"DOURADO NUDE 149";1,000;109,90;51,36;"2344.149 TIRA PRONTA";30/09/2025;113,98
0;"010453";"SANDALIA PAPETE MOLEKINHA 2357.119 TIRA PYXIS";"108943 ROSADO/LGHT/OURO";14,000;124,99;59,85;"2357.119 TIRA PYXIS";02/06/2026;108,84
0;"009816";"SANDALIA PAPETE MOLEKINHA 2724.123 NAPA TURIM";"95834 ROSA/CRISTAL";2,000;89,90;41,80;"2724.123 NAPA TURIM";18/06/2025;115,07
0;"008378";"SANDALIA PAPETE MOLEKINHA 2733.101 STRAS BABY";"98228STR B PRETO01/CRISTA";4,000;99,90;44,05;"2733.101 STRAS BABY";02/12/2024;126,79
0;"008380";"SANDALIA PAPETE MOLEKINHA 2733.101 STRAS BABY";"98246STR B ROSA942/CRISTA";4,000;99,90;44,05;"2733.101 STRAS BABY";02/12/2024;126,79
0;"008694";"SANDALIA PAPETE MOLEKINHA 2733.102 NAPA TURIM";"78276 - MOLEK/ROSA 942";1,000;99,90;46,12;"2733.102 NAPA TURIM";28/06/2024;116,61
0;"008696";"SANDALIA PAPETE MOLEKINHA 2733.102 NAPA TURIM";"35312 MOL/BRANCO OFF 526";5,000;99,90;43,51;"2733.102 NAPA TURIM";28/06/2024;129,60
0;"009814";"SANDALIA PAPETE MOLEKINHA 2733.103 TIRA MILAO";"98249 ROSA/CRISTAL/PEROLA";2,000;89,90;44,74;"2733.103 TIRA MILAO";18/06/2025;100,94
0;"009813";"SANDALIA PAPETE MOLEKINHA 2733.104 TIRA MILAO";"103711 PRETO/CRISTAL";2,000;89,90;41,80;"2733.104 TIRA MILAO";18/06/2025;115,07
0;"009337";"SANDALIA PAPETE MOLEKINHA 2733.108 NAPA TURIM";"2733.108 PRETO";3,000;89,90;41,15;"2733.108 NAPA TURIM";02/12/2024;118,47
0;"009812";"SANDALIA PAPETE MOLEKINHA 2733.112 NAPA TURIM";"15745 PRETO";7,000;109,90;51,02;"2733.112 NAPA TURIM";18/06/2025;115,41
0;"009743";"SANDALIA PAPETE MOLEKINHO 2135.153 RUSTICO NEO";"CARAMELHO/BRANCO OFF";2,000;89,90;40,23;"2135.153 RUSTICO NEO";09/06/2025;123,47
0;"010437";"SANDALIA PAPETE MOLEKINHO 2135.174 ESTILO/EVA";"109448 PRETO/CARAMELO";10,000;94,99;43,16;"2135.174 ESTILO/EVA";10/03/2026;120,09
0;"010438";"SANDALIA PAPETE MOLEKINHO 2650.203 RUSTICO NEO";"107178 MARINHO/CARAM/BRAN";11,000;94,99;43,16;"2650.203 RUSTICO NEO";10/03/2026;120,09
0;"008676";"SANDALIA PAPETE RIDER 12149 R LINE PLUS";"AX857 GRAFITE/PRETO";1,000;69,99;32,85;"12149 R LINE PLUS";01/12/2025;113,06
0;"010618";"SANDALIA PAPETE TRATORADA MOLEKINHA 2344.154 TURIM";"35312 BRANCO OFF A2";21,000;99,90;49,70;"2344.154 TURIM";26/05/2026;101,01
0;"010631";"SANDALIA PAPETE TRATORADA MOLEKINHA 2361.219 FLORE";"109977 ROSE/OURO/ROSADO";25,000;114,99;52,01;"2361.219 FLORENCA";25/08/2026;121,09
0;"009688";"SANDALIA PAPETE VIZZANO 6499.122 PELICA";"15745 PRETO 01";8,000;149,90;74,02;"6499.122 PELICA";18/06/2026;102,51
0;"010028";"SANDALIA PAPETE VIZZANO 6499.122 PELICA";"MOCCA";8,000;149,90;74,02;"6499.122 PELICA";18/06/2026;102,51
0;"009864";"SANDALIA PAPETE ZAXY 19218 LUCKY";"BS807 NUDE CLARO/MEDIO";2,000;87,99;41,97;"19218 LUCKY";26/06/2025;109,65
0;"009865";"SANDALIA PAPETE ZAXY 19218 LUCKY";"BS808 DALIA/ROSA SORV";2,000;87,99;41,97;"19218 LUCKY";26/06/2025;109,65
0;"007111";"SANDALIA PAPETE ZAXYNINA 18820 CONFETE";"AS710 NUDE/CLARO";2,000;59,90;31,39;"18820 CONFETE";/  /;90,83
0;"009583";"SANDALIA PAPETE ZAXYNINA 19060 MODERNINHA";"BN214 OFF WHITE CLARO/COR";3,000;79,90;34,82;"19060 MODERNINHA";02/04/2025;129,47
0;"009584";"SANDALIA PAPETE ZAXYNINA 19060 MODERNINHA";"BN218 AMARELO ABACAXI/FLO";6,000;79,90;34,82;"19060 MODERNINHA";02/04/2025;129,47
0;"009585";"SANDALIA PAPETE ZAXYNINA 19060 MODERNINHA";"BO230 NUDE CLARO/CAPIVARA";4,000;79,90;34,82;"19060 MODERNINHA";04/12/2025;129,47
0;"009160";"SANDALIA PAPETE ZAXYNINA 19061 JOANINHA";"BF750 LILAS LAVANDA";1,000;69,99;33,54;"19061 JOANINHA";01/12/2025;108,68
0;"009162";"SANDALIA PAPETE ZAXYNINA 19062 FOFURICE";"BF259 ROSA DALIA";1,000;79,90;35,55;"19062 FOFURICE";01/12/2025;124,75
0;"009586";"SANDALIA PAPETE ZAXYNINA 19167 FOFINHA";"BK985 NUDE CLARO/LA";1,000;79,90;34,82;"19167 FOFINHA";01/12/2025;129,47
0;"006925";"SANDALIA PEGADA 131668-02";"285-01 ANILINA PINHAO";5,000;209,90;105,89;"131668-02";11/12/2025;98,22
0;"010860";"SANDALIA PLATAFORMA FEMININO ZAXY CONECTADA UP1940";"CC109 MARROM CACAU";24,000;179,99;84,20;"19409 CONECTADA UP";31/07/2026;113,76
0;"010861";"SANDALIA PLATAFORMA FEMININO ZAXY CONECTADA UP1940";"CC112 PRETO";23,000;179,90;84,20;"19409 CONECTADA UP";31/07/2026;113,66
0;"010621";"SANDALIA PLATAFORMA MOLEKINHA 2375.101 SAGU STRAS";"94979 PRETO/BLACK/PRETO";11,000;109,90;54,98;"2375.101 SAGU STRAS";28/05/2026;99,89
0;"010929";"SANDALIA RASTEIRA BABY MOLEKINHA 2743.103 N TURIM";"ROSA CHARM";12,000;69,90;33,60;"2743.103 N TURIM";25/08/2026;108,04
0;"010878";"SANDALIA RASTEIRA FEMININO GRENDHA 19379 MAIS CONF";"BZ521 MARROM URSO";16,000;69,99;32,73;"19379 MAIS CONF";11/08/2026;113,84
0;"010877";"SANDALIA RASTEIRA FEMININO GRENDHA 19379 MAIS CONF";"BY190 PRETO";20,000;69,99;32,73;"19379 MAIS CONF";11/08/2026;113,84
0;"010870";"SANDALIA RASTEIRA FEMININO GRENDHA 19446 ILUMINADA";"CC325 COBRE";23,000;44,99;21,04;"19446 ILUMINADA";11/08/2026;113,83
0;"010869";"SANDALIA RASTEIRA FEMININO GRENDHA 19446 ILUMINADA";"CC322 PRETO";24,000;44,99;21,04;"19446 ILUMINADA";11/08/2026;113,83
0;"010565";"SANDALIA RASTEIRA FEMININO IPANEMA 83701 CLASS CON";"BC838 BEGE/BEGE";27,000;49,99;24,61;"83701 CLASS CONNECT";05/05/2026;103,13
0;"010564";"SANDALIA RASTEIRA FEMININO IPANEMA 83701 CLASS CON";"BC837 PRETO/PRETO";17,000;49,99;24,61;"83701 CLASS CONNECT";05/05/2026;103,13
0;"010566";"SANDALIA RASTEIRA FEMININO IPANEMA 83701 CLASS CON";"BE494 VERDE/VERDE";2,000;49,99;24,61;"83701 CLASS CONNECT";05/05/2026;103,13
0;"010590";"SANDALIA RASTEIRA FEMININO VIZZANO 6235.1729 PELIC";"35312 BRANCO OFF L";22,000;129,90;63,68;"6235.1729 PELICA";12/05/2026;103,99
0;"010589";"SANDALIA RASTEIRA FEMININO VIZZANO 6235.1729 PELIC";"101321 CHCOLATE";19,000;129,99;63,68;"6235.1729 PELICA";12/05/2026;104,13
0;"010738";"SANDALIA RASTEIRA FEMININO VIZZANO 6371.1169 MILAN";"110767 CINZA/BLACK/PRETO";8,000;139,90;65,78;"6371.1169 MILANO";30/06/2026;112,68
0;"010588";"SANDALIA RASTEIRA FEMININO VIZZANO 6463.113 GARDA";"101439 CACAU";11,000;149,90;73,08;"6463.113 GARDA";12/05/2026;105,12
0;"010587";"SANDALIA RASTEIRA FEMININO VIZZANO 6463.113 GARDA";"35312 BRANCO OFF F";13,000;149,90;73,08;"6463.113 GARDA";12/05/2026;105,12
0;"010622";"SANDALIA RASTEIRA MOLEKINHA 2342.120 BRI ITALIA";"66 DOURADO A";8,000;109,90;54,98;"2342.120 BRI ITALIA";28/05/2026;99,89
0;"010927";"SANDALIA RASTEIRA MOLEKINHA 2382.103 CAMURCA";"BRANCO OFF/BRANCO";12,000;129,90;61,02;"2382.103 CAMURCA";25/08/2026;112,88
0;"010928";"SANDALIA RASTEIRA MOLEKINHA 2382.103 ITALIA";"DOURADO/BRANCO OFF";12,000;139,90;65,64;"2382.103 ITALIA";25/08/2026;113,13
0;"010214";"SANDALIA SALTINHO MOLEKINHA 2347.100 NAPA TWIST";"TWIST BRANCO OFF";6,000;109,90;51,36;"2347.100 NAPA TWIST";30/10/2025;113,98
0;"010406";"SANDALIA SALTINHO MOLEKINHA 2347.107 CORDAO STRA";"BRANCO OFF/CHAMP/DOURA";5,000;119,90;56,62;"2347.107 CORDAO STRA";05/02/2026;111,76
0;"010213";"SANDALIA SALTINHO MOLEKINHA 2347.107 GLAMOUR";"STRASS OURO ROSAD";1,000;129,90;60,24;"2347.107 GLAMOUR";30/10/2025;115,64
0;"010584";"SANDALIA SALTO BLOCO MODARE 7187.100 ELAS CANELA";"95373 CAMEL EL";19,000;164,90;78,29;"7187.100 ELAS CANELA";11/05/2026;110,63
0;"010583";"SANDALIA SALTO BLOCO MODARE 7187.100 ELAS CANELA";"100711 PRETO /CAMEL/CAMEL";13,000;164,99;78,29;"7187.100 ELAS CANELA";11/05/2026;110,74
0;"010623";"SANDALIA SALTO BLOCO MOLEKINHA 2347.135 FLORENCA";"107933 PRETO/BRANCO/CR";14,000;129,90;64,51;"2347.135 FLORENCA";28/05/2026;101,36
0;"009712";"SANDALIA SALTO MEDIO MODARE 7187.100 EL/CANELADO";"97016 MARINHO/CAMEL";6,000;164,99;79,31;"7187.100 EL/CANELADO";05/12/2025;108,03
0;"009276";"SANDALIA SALTO MODARE 7187.100 EL/CANELADO";"7187.100 NUDE/TAN";4,000;164,99;79,31;"7187.100 EL/CANELADO";05/12/2025;108,03
0;"009987";"SANDALIA SALTO MODARE 7187.100 EL/CANELADO";"AVELA";22,000;164,99;78,29;"7187.100 EL/CANELADO";11/05/2026;110,74
0;"009275";"SANDALIA SALTO MODARE 7187.100 EL/CANELADO";"7187.100 PRETO";15,000;164,99;79,31;"7187.100 EL/CANELADO";05/12/2025;108,03
0;"009394";"SANDALIA SALTO MODARE 7187.100 EL/CANELADO";"102139 OLIVA/CAMEL";18,000;164,99;74,59;"7187.100 EL/CANELADO";21/06/2025;121,20
0;"010430";"SANDALIA VIZZANO 6235.1727 VERN PREMI";"101321 CHOCOLATE/P";5,000;124,99;50,29;"6235.1727 VERN PREMI";04/03/2026;148,54
0;"010429";"SANDALIA VIZZANO 6235.1727 VERN PREMI";"35312 BRANCO OFF/P";3,000;124,99;50,28;"6235.1727 VERN PREMI";04/03/2026;148,59
0;"010111";"SANDALIA VIZZANO 6513.218 NAPA GARDA";"101441 CAPUCCINO N";1,000;139,90;64,79;"6513.218 NAPA GARDA";30/09/2025;115,93
0;"010110";"SANDALIA VIZZANO 6513.218 NAPA GARDA";"35312 BRANCO OFF 526 N";3,000;139,90;64,79;"6513.218 NAPA GARDA";30/09/2025;115,93
0;"010308";"SANDALIA VIZZANO 6570.100 NAPA CALF";"35312 BRANCO OFF CALF";5,000;179,90;79,86;"6570.100 NAPA CALF";05/12/2025;125,27
0;"010307";"SANDALIA VIZZANO 6570.103 PELICA";"35312 BRANCO OFF PELICA";3,000;179,90;84,51;"6570.103 PELICA";05/12/2025;112,87
0;"010309";"SANDALIA VIZZANO 6570.200 NAPA CALF";"104068 MOCCA CALF";5,000;179,90;84,51;"6570.200 NAPA CALF";05/12/2025;112,87
0;"010306";"SANDALIA VIZZANO 6570.203 PELICA";"95373 CAMEL PELICA";3,000;179,90;84,51;"6570.203 PELICA";05/12/2025;112,87
0;"008142";"SANDALIA WORLDCOLORS 111.036 ALICE KIDS";"3460 ALICE K PRATA ALUM/R";2,000;99,90;48,85;"111.036 ALICE KIDS";/  /;104,50
0;"008141";"SANDALIA WORLDCOLORS 111.036 ALICE KIDS";"1149 ALICE PINK";2,000;99,90;46,51;"111.036 ALICE KIDS";/  /;114,79
0;"008018";"SANDALIA WORLDCOLORS 296.001 ENCANTO BABY";"1463 BABY DOURADO";1,000;127,90;55,83;"296.001 ENCANTO BABY";08/07/2025;129,09
0;"008020";"SANDALIA WORLDCOLORS 296.001 ENCANTO BABY";"992 BABY PRETO";2,000;127,90;55,83;"296.001 ENCANTO BABY";08/07/2025;129,09
0;"007138";"SANDALIA ZAXY 18770 CONECTADA";"AP039 NUDE CLARO/PRETO";1,000;69,90;28,65;"18770 CONECTADA";/  /;143,98
0;"007114";"SANDALIA ZAXYNINA 18501 MODERNINHA";"91056 ROSA/ESCURO";1,000;62,99;30,45;"18501 MODERNINHA";01/12/2025;106,86
0;"008825";"SANDALIA ZAXYNINA 18501 MODERNINHA II";"BE138Z/MOD ROSA IOGURTE";8,000;69,99;30,48;"18501 MODERNINHA II";04/12/2025;129,63
0;"007118";"SANDALIA ZAXYNINA 18501 MODERNINHA II";"90163 ROSA/CLARO";4,000;62,99;28,75;"18501 MODERNINHA II";04/12/2025;119,10
0;"007112";"SANDALIA ZAXYNINA 18776 MODERNINHA";"AO862 ROSA/CHOQUE";1,000;69,99;31,61;"18776 MODERNINHA";/  /;121,42
0;"006262";"SANDALIA ZAXYNINA 18859 BABY POWER";"AU059 ROSA MEDIO";14,000;79,90;36,87;"18859 BABY POWER";04/12/2025;116,71
0;"007113";"SANDALIA ZAXYNINA 18859 BABY POWER";"AU060 ROSA DOCE/MEDIO";1,000;79,90;38,81;"18859 BABY POWER";01/12/2025;105,87
0;"008882";"SANDALIA ZAXYNINA 18988 FOFURINHA";"BA656Z/FO ROSA DALIA";2,000;79,90;35,55;"18988 FOFURINHA";01/12/2025;124,75
0;"009037";"SANDALIA ZAXYNINA 19060 ZAXYNINA MOD";"BF040 ROSA MEDIO";3,000;62,99;30,48;"19060 ZAXYNINA MOD";04/12/2025;106,66
0;"010282";"SANDALIA ZAXYNINA 19287 SWEETY";"BT395 ROSA DALIA";1,000;52,99;25,68;"19287 SWEETY";26/11/2025;106,35
0;"010066";"SANDALIA ZAXYNINA 19287 SWEETY";"ROSA MEDIO/ AZUL";2,000;52,99;25,68;"19287 SWEETY";19/09/2025;106,35
0;"010067";"SANDALIA ZAXYNINA 19287 SWEETY";"NUDE CLARO/ ROSA";2,000;52,99;25,68;"19287 SWEETY";19/09/2025;106,35
0;"006998";"SANDALIA ZAXYNINA KIDS 18859 BABY POWER";"AY757 ROSA MEDIO GLIT";8,000;79,90;36,87;"18859 BABY POWER";04/12/2025;116,71
0;"010818";"SAPATENIS ACTVITTA NEO BETA 4929.101";"16072 BRANCO A2";12,000;179,90;75,03;"NEO BETA 4929.101";19/07/2026;139,77
0;"010819";"SAPATENIS ACTVITTA NEO BETA 4929.101";"110100 CAMEL";9,000;179,90;75,03;"NEO BETA 4929.101";19/07/2026;139,77
0;"010596";"SAPATENIS CASUAL INFANTIL MOLEKINHO 2801.122 MILAN";"107746 TAUPE/PRETO";6,000;109,90;52,69;"2801.122 MILANO";15/05/2026;108,58
0;"010597";"SAPATENIS CASUAL INFANTIL MOLEKINHO 2801.122 MILAN";"56470 PRETO/BRANCO/PINHAO";5,000;109,90;52,69;"2801.122 MILANO";22/05/2026;108,58
0;"009779";"SAPATENIS KIDS CASUAL MIMO FLEX 010.012";"040 MARINHO/GRAFITE";6,000;74,99;30,87;"010.012";04/12/2025;142,92
0;"009778";"SAPATENIS KIDS CASUAL MIMO FLEX 010.012";"017 MARFIM/CARAMELO";1,000;74,99;30,87;"010.012";04/12/2025;142,92
0;"009781";"SAPATENIS KIDS CASUAL MIMO FLEX 010.013";"055 CARAMELO/BRANCO";2,000;74,99;30,87;"010.013";04/12/2025;142,92
0;"009780";"SAPATENIS KIDS CASUAL MIMO FLEX 010.013";"054 PRETO/BRANCO";4,000;74,99;30,87;"010.013";04/12/2025;142,92
0;"010378";"SAPATENIS KIDS CASUAL MOLEKINHO 2861.120 NF RUST N";"100004 CAFE/AREIA N";3,000;129,90;61,82;"2861.120 NF RUST NEO";27/01/2026;110,13
0;"010683";"SAPATENIS KIDS CASUAL MOLEKINHO 2861.121 RUSTICO N";"ZIPER BRANCO OFF/MARINHO";17,000;149,90;73,08;"2861.1HTTPS://WWW.CHINELA";16/06/2026;105,12
0;"010685";"SAPATENIS KIDS CASUAL MOLEKINHO 2861.122 SOFT CONF";"16072 BRANCO A1";14,000;149,90;73,08;"2861.122 SOFT CONFY";16/06/2026;105,12
0;"010684";"SAPATENIS KIDS CASUAL MOLEKINHO 2861.122 SOFT CONF";"43122 BRANCO/MARINHO";11,000;149,90;73,08;"2861.122 SOFT CONFY";16/06/2026;105,12
0;"010085";"SAPATENIS KIDS MOLEKINHO 2838.117 RUST NEO";"AREIA NEO";3,000;129,90;60,24;"2838.117 RUST NEO";25/09/2025;115,64
0;"006566";"SAPATENIS KLIN 117.171 FLYER MINI";"9426 LINHO";2,000;159,90;74,96;"117.171 FLYER MINI";/  /;113,31
0;"007678";"SAPATENIS KLIN 1661.700 FLYER BABY";"5517 AREIA";3,000;139,90;54,13;"1661.700 FLYER BABY";/  /;158,45
0;"007756";"SAPATENIS KLIN 197.128 CURUMIM";"3255 CHOCOLATE/CAFE";2,000;118,99;0,00;"197.128 CURUMIM";/  /;0,00
0;"007757";"SAPATENIS KLIN 197.128 CURUMIM";"3170 MARINHO/VERMELHO";1,000;118,99;0,00;"197.128 CURUMIM";/  /;0,00
0;"006370";"SAPATENIS MOLEKINHO 23174239 PRTO 01/BRANCO 99";"PRETO 01/BRANCO 99";3,000;119,90;53,88;"23174239";27/10/2023;122,53
0;"007331";"SAPATENIS MOLEKINHO 2623-102 RUST NEO";"36783 BRANCO/OFF/MARINHO";1,000;119,99;57,11;"2623-102 RUST NEO";/  /;110,10
0;"007332";"SAPATENIS MOLEKINHO 2623-102 RUST NEO";"61877 PRETO/CAMEL";1,000;119,90;52,39;"2623-102 RUST NEO";/  /;128,86
0;"007348";"SAPATENIS MOLEKINHO 2623-105 FLOT RUST";"88285 OFF/BRANCO";1,000;109,90;48,17;"2623-105 FLOT RUST";/  /;128,15
0;"010118";"SAPATENIS MOLEKINHO 2623.121 NAPA FLOTER";"BRANCO OFF AREIA";1,000;119,90;55,89;"2623.121 NAPA FLOTER";30/09/2025;114,53
0;"010117";"SAPATENIS MOLEKINHO 2623.123 NAPA FLOTER";"PRETO";6,000;129,90;60,24;"2623.123 NAPA FLOTER";30/09/2025;115,64
0;"010463";"SAPATENIS MOLEKINHO 2631.121 RUSTICO NEO";"36783 BRANCO OFF/MARINHO";8,000;134,99;61,82;"2631.121 RUSTICO NEO";18/03/2026;118,36
0;"007383";"SAPATENIS MOLEKINHO 2631.202 DENVER NEO";"526 BRANCO OFF";3,000;99,90;44,74;"2631.202 DENVER NEO";/  /;123,29
0;"007381";"SAPATENIS MOLEKINHO 2631.202 DENVER NEO";"01 PRETO/BEGE";1,000;99,90;44,74;"2631.202 DENVER NEO";/  /;123,29
0;"010464";"SAPATENIS MOLEKINHO 2634.115 RUSTI NEO";"72827 MARINHO/CARAMELO 87";5,000;124,99;57,36;"2634.115 RUSTI NEO";18/03/2026;117,90
0;"010380";"SAPATENIS MOLEKINHO 2651.103 BOSTON";"101057 PRETO/VERDE OLIVA";6,000;129,90;61,82;"2651.103 BOSTON";28/01/2026;110,13
0;"007463";"SAPATENIS MOLEKINHO 2827-120 NAPA NEO MASC";"3531 BRANCO/OFF/CARAM";1,000;119,90;55,03;"2827-120 NAPA NEO MASC";/  /;117,88
0;"009742";"SAPATENIS MOLEKINHO 2838.128 RUSTICO NEO";"CAFE/CARAMELHO";2,000;139,90;64,79;"2838.128 RUSTICO NEO";25/09/2025;115,93
0;"009741";"SAPATENIS MOLEKINHO 2838.128 RUSTICO NEO";"BRANCO OFF/MARINHO";5,000;139,90;64,79;"2838.128 RUSTICO NEO";25/09/2025;115,93
0;"007457";"SAPATENIS MOLEKINHO 2852-100 MONACO";"7282 MARINHO/CARAMELO";4,000;119,90;53,88;"2852-100 MONACO";/  /;122,53
0;"006568";"SAPATENIS MOLEKINHO 2852-100 MONACO";"2721 WHISKY/CAFE";1,000;119,90;53,88;"2852-100 MONACO";07/11/2023;122,53
0;"010396";"SAPATENIS MOLEKINHO 2852.121 RUSTICO NEO";"107743 TAUPE";20,000;149,90;70,94;"2852.121 RUSTICO NEO";03/02/2026;111,31
0;"010741";"SAPATILHA BABY MENINA MOLEKINHA 2106.1098 ITALIA";"66 DOURADO A2";11,000;99,90;49,06;"2106.1098 ITALIA";30/06/2026;103,63
0;"010126";"SAPATILHA BABY MOLEKINHA 2106.1062 ITALIA";"00066 DOURADO N";4,000;89,90;42,06;"2106.1062 ITALIA";30/09/2025;113,74
0;"009852";"SAPATILHA BABY MOLEKINHA 2106.1065 MET PREMIU";"0066 DOURADO";1,000;89,90;40,23;"2106.1065 MET PREMIU";21/06/2025;123,47
0;"009853";"SAPATILHA BABY MOLEKINHA 2106.1073 VERNIZ PRE";"15745 PRETO";2,000;89,90;41,80;"2106.1073 VERNIZ PRE";21/06/2025;115,07
0;"010124";"SAPATILHA BABY MOLEKINHA 2106.1076 VERNIZ PRE";"15745 PRETO 01 N";9,000;99,90;46,41;"2106.1076 VERNIZ PRE";30/09/2025;115,26
0;"010125";"SAPATILHA BABY MOLEKINHA 2106.1076 VERNIZ PRE";"78276 ROSA 942 N";5,000;99,90;46,41;"2106.1076 VERNIZ PRE";30/09/2025;115,26
0;"010605";"SAPATILHA MODARE 7016.461 NAPA FLOATER NATURE";"100196 AVELA A1";15,000;134,99;61,16;"7016.461 NATURE";25/08/2026;120,72
0;"010611";"SAPATILHA MODARE 7016.461 NAPA FLOATER NATURE";"83517 CREME A";9,000;134,99;63,68;"7016.461 NATURE";/  /;111,98
0;"010610";"SAPATILHA MODARE 7016.461 NAPA FLOATER NATURE";"15745 PRETO A3";20,000;134,99;61,16;"7016.461 NATURE";25/08/2026;120,72
0;"010129";"SAPATILHA MOLEKINHA 2083.1131 NAPA TWIST";"DOURADO NAPA";1,000;99,90;46,41;"2083.1131 NAPA TWIST";30/09/2025;115,26
0;"010130";"SAPATILHA MOLEKINHA 2083.1144 NAPA TWIST";"ROSA NAPA";1,000;109,90;51,36;"2083.1144 NAPA TWIST";30/09/2025;113,98
0;"010688";"SAPATILHA MOLEKINHA 2083.1148 PREMIUM";"15745 PRETO A7";12,000;119,90;59,08;"2083.1148 PREMIUM";18/06/2026;102,95
0;"010687";"SAPATILHA MOLEKINHA 2083.1149 ITALIA";"66 DOURADO A1";9,000;109,90;54,28;"2083.1149 ITALIA";18/06/2026;102,47
0;"006682";"SAPATILHA MOLEKINHA  2106.1050 CORACAO";"6499 PRETO/PRATA";1,000;89,90;39,02;"2106.1050 CORACAO";10/11/2023;130,39
0;"003233";"SAPATILHA MOLEKINHA BABY 2106.1030 VERNIZ PREMIUM";"2106.103";3,000;89,90;37,95;"7909800339972";01/12/2025;136,89
0;"007367";"SAPATILHA MOLEKINHO 2617-100 LYCRA ROBO";"16261 MULTI/MARINHO";5,000;69,90;31,98;"2617-100 LYCRA ROBO";/  /;118,57
0;"009773";"SAPATILHA RN MIMO FLEX 003.821";"021 DOURADO";1,000;49,99;21,41;"003.821";01/12/2025;133,49
0;"008124";"SLIME BRILHA NO ESCURO 110G GELELE SURPRESA ESPACI";"B/ESCURO CORES SURPRESA";6,000;15,99;6,55;"SURPRESA ESPACIAL";12/04/2024;144,12
0;"009127";"SLIME GELELE BALDE 1,5KG TRADICIONAL";"BIG TRAD. CORES VARIADAS";1,000;62,99;29,13;"BALDE 1,5KG TRADICIONAL";09/05/2025;116,24
0;"009673";"SLIME GELELE BARBIE 180G";"SORT BARBIE";4,000;22,99;9,55;"BARBIE 180G";09/05/2025;140,73
0;"009087";"SLIME GELELE GELELE SLIME COLOR 152G";"COLOR - GELELE SLIME";99,000;14,99;5,64;"GELELE SLIME COLOR 152G";/  /;165,78
0;"009674";"SLIME GELELE HOTWHEELS 180G";"SORT HOTWHEELS";50,000;22,99;8,18;"HOTWHEELS 180G";09/05/2025;181,05
0;"006765";"SLIME GELELE  KIT ATIVADOR MC JP";"CORES VARIADAS MC/JP";1,000;39,90;19,13;"KIT ATIVADOR MC JP";05/02/2026;108,57
0;"009039";"SLIME GELELE MARIA CLARA E JP 180G";"CORES DIVERSAS-MC/JP";17,000;14,99;7,74;"MARIA CLARA E JP 180G";05/02/2026;93,67
0;"006101";"SLIME GELELE OVO E BOLINHA";"OVO MIX +BOLINHA SORTIDO";8,000;13,90;6,36;"OVO E BOLINHA";10/11/2023;118,55
0;"006100";"SLIME GELELE OVO SURPRESA UNICORNIO";"UNICORNIO SORTIDO";23,000;14,99;7,02;"OVO SURPRESA UNICORNIO";05/02/2026;113,53
0;"009325";"SLIME GELELE SONIC DISCO SURPRESA";"GELELE SONIC VARIADOS";37,000;19,90;9,55;"SONIC DISCO SURPRESA";29/11/2024;108,38
0;"006098";"SLIME GELELE TIE DYE SUP 2 PT78G+3FR15G+2 PTG UND";"SORTIDO";1,000;46,90;25,13;"";/  /;86,63
0;"009123";"SLIME GELELE TORRE GLITTER 196G";"TORRE/SLIM/VARIAS CORES";5,000;22,00;9,75;"TORRE GLITTER 196G";/  /;125,64
0;"006666";"SLIME GLITTER GELELE POTE GLITTER";"GLITTER P.CORES VARIADAS";23,000;12,90;6,01;"POTE GLITTER";10/11/2023;114,64
0;"010408";"SLIME MIX SURPRESA GELELE 153G CAPIVARA";"SORTIDO MIX CAPR";7,000;24,99;9,72;"153G CAPIVARA";05/02/2026;157,10
0;"010407";"SLIME TORRE GELELE 330 G DOS ROSA";"SORTIDO   DOS ROSA";3,000;29,99;13,53;"330 G DOS ROSA";05/02/2026;121,66
0;"003932";"SLIP ON MODARE 7381.101 TC TAIWAN PRETO /DOURADO";"MODARE SLP PRETO/DOURADO";4,000;159,90;64,78;"7381.101";/  /;146,84
0;"008121";"STIICA E PULA GELELE LOOK MONSTER 14G";"MONSTER CORES VARIADAS";8,000;15,99;6,97;"LOOK MONSTER 14G";09/05/2025;129,41
0;"008120";"STIICA E PULA GELELE TRADICIONAL 20G";"TRADICIONAL CORES VARIADA";25,000;15,99;6,70;"TRADICIONAL 20G";04/06/2024;138,66
0;"010555";"TAMANCO ANABELA MODARE 7151.115 LEAZ/ PARIS";"95373 CAMEL L";12,000;144,99;68,49;"7251.115 LEAZ/ PARIS";05/05/2026;111,70
0;"008986";"TAMANCO ANABELA MODARE 7151.115 LEAZ/ PARIS";" 015745T PRETO LEA";27,000;144,99;68,49;"7251.115 LEAZ/ PARIS";05/05/2026;111,70
0;"010606";"TAMANCO ANABELA MOLECA 5579.101 EVA";"15745 PRETO A1";2,000;104,99;49,06;"5579.101 EVA";21/05/2026;114,00
0;"010607";"TAMANCO ANABELA MOLECA 5579.101 EVA";"35312 BRANCO OFF A1";2,000;104,99;49,06;"5579.101 EVA";21/05/2026;114,00
0;"010609";"TAMANCO ANABELA SLIDE MOLECA 5577.100 EVA";"15745 PRETO A2";10,000;104,99;49,06;"5577.100 EVA";21/05/2026;114,00
0;"010608";"TAMANCO ANABELA SLIDE MOLECA 5577.100 EVA";"101321 CHOCOLATE A";4,000;104,99;49,06;"5577.100 EVA";04/08/2026;114,00
0;"006703";"TAMANCO AZALEIA 18836 LIA SOF CARE PRETO BEGE";"LS AS509 PRETO BEGE";1,000;99,90;52,31;"18836";/  /;90,98
0;"009559";"TAMANCO AZALEIA 18908 FABI LIGHT";"AZ804 COBRE/NUDE ESCURO";1,000;79,99;37,54;"18908 FABI LIGHT";26/03/2025;113,08
0;"009596";"TAMANCO AZALEIA 18908 FABI LIGHT";"18908 BEGE/MARROM MAKE";4,000;79,99;38,77;"18908 FABI LIGHT";18/12/2025;106,32
0;"010089";"TAMANCO AZALEIA 18908 FABI LIGHT";"MARROM CAFE";20,000;89,99;39,38;"18908 FABI LIGHT";05/05/2026;128,52
0;"006269";"TAMANCO AZALEIA 18908 FABI LIGHT PRETO";"FL AV596 PRETO";31,000;89,99;39,38;"18908 FABI LIGHT";05/05/2026;128,52
0;"009598";"TAMANCO AZALEIA 19180 MARIA";"BM643 VERDE SALVIA/BEGE";1,000;109,99;51,63;"19180 MARIA";03/04/2025;113,04
0;"010550";"TAMANCO AZALEIA 19383 MAIARA";"BX922 OFF WHIT MEDIO";17,000;119,99;54,16;"19383 MAIARA";24/04/2026;121,55
0;"010549";"TAMANCO AZALEIA 19383 MAIARA";"BX920 MARROM URSO";6,000;119,99;54,16;"19383 MAIARA";24/04/2026;121,55
0;"010219";"TAMANCO MODARE 7100.110 LUMY";"98321 PRETO/BLACK";3,000;174,99;84,17;"7100.110 LUMY";18/03/2026;107,90
0;"009235";"TAMANCO MODARE 7142.106 NP/SEN FLEX";"7142.106 - CAMEL 1165";51,000;99,90;49,06;"7142.106 NP/SEN FLEX";24/04/2026;103,63
0;"008208";"TAMANCO MODARE 7142.106 NP/SEN FLEX";"96783.NUDE 658/CAMEL1165";46,000;99,90;45,99;"7142.106 NP/SEN FLEX";16/04/2026;117,22
0;"009396";"TAMANCO MODARE 7142.106 NP/SEN FLEX";"102417 OLIVIA/CAMEL";23,000;99,90;49,70;"7142.106 NP/SEN FLEX";05/12/2025;101,01
0;"010505";"TAMANCO MODARE 7142.106 NP/SEN FLEX";"102465 AVELA/CAMEL T";33,000;99,90;45,99;"7142.106 NP/SEN FLEX";11/05/2026;117,22
0;"008204";"TAMANCO MODARE 7142.106 NP/SEN FLEX";"96782.PRETO 01/CAMEL 1165";48,000;99,90;49,06;"7142.106 NP/SEN FLEX";24/04/2026;103,63
0;"009856";"TAMANCO MODARE 7142.106 NP/SEN FLEX";"15745 PRETO";1,000;99,90;45,99;"7142.106 NP/SEN FLEX";11/05/2026;117,22
0;"008209";"TAMANCO MODARE 7142.106 TRESSE ALBA";"96781 NP/TAN 1080/CAMEL11";4,000;99,90;42,61;"7142.106 TRESSE ALBA";21/03/2025;134,45
0;"008210";"TAMANCO MODARE 7142.106 TRESSE ALBA";"96782.NP/PRETO 01/CAMEL11";6,000;99,90;40,20;"7142.106 TRESSE ALBA";17/11/2025;148,51
0;"003891";"TAMANCO MODARE 7142.127 TIRA PRONTA NAPA PRETO 01";"MDR TAMANCO PRETO";3,000;99,90;46,28;"7142.127";/  /;115,86
0;"006135";"TAMANCO MODARE 7142.129 PON NP P STRECH PRETO 01";"15745 PRETO 01 AZA";2,000;109,90;46,00;"7142.129";30/07/2025;138,91
0;"010224";"TAMANCO MODARE 7142.145 GASPEA LUMY";"PRETO BLACK DIAMOND";11,000;124,99;59,85;"7142.145 GASPEA LUMY";11/06/2026;108,84
0;"010460";"TAMANCO MODARE 7151.115 NP FLOAT NA";"14745 PRETO/NA";12,000;144,99;69,37;"7151.115 NP FLOAT NA";18/03/2026;109,01
0;"010203";"TAMANCO MODARE 7151.115 VENEZIA";"00031 BRONZE/DOURADO";2,000;144,99;69,37;"7151.115 VENEZIA";18/03/2026;109,01
0;"010321";"TAMANCO MODARE 7151.134 STREC";"NUDE DOURADO";21,000;119,90;59,85;"7151.134 STREC";05/12/2025;100,33
0;"010320";"TAMANCO MODARE 7151.134 STREC";"AVELA CAMEL";5,000;119,90;59,85;"7151.134 STREC";05/12/2025;100,33
0;"010247";"TAMANCO MODARE 7210.206 SUPREMA";"NUDE SUPREMA";1,000;149,90;70,99;"7210.206 SUPREMA";12/11/2025;111,16
0;"009881";"TAMANCO MODARE 7215.101 VENEZIA";"PRETO 01/ CAMEL 1165";10,000;149,90;69,37;"7215.101 VENEZIA";27/11/2025;116,09
0;"009882";"TAMANCO MODARE 7215.101 VENEZIA";"CAMEL 1165";3,000;149,90;68,49;"7215.101 VENEZIA";05/11/2025;118,86
0;"010310";"TAMANCO MOLECA 5554.103 PVC";"101321 CHOCOLATE PVC";2,000;99,90;49,06;"5554.103 PVC";05/12/2025;103,63
0;"010311";"TAMANCO MOLECA 5554.103 PVC";"15745 PRETO PVC";12,000;99,90;49,06;"5554.103 PVC";12/05/2026;103,63
0;"010745";"TAMANCO PLATAFORMA FEMININO MODARE 7226.101 NOB UL";"100196 AVELA  A";24,000;139,90;68,49;"7226.101 NOB ULTRA";07/07/2026;104,26
0;"010746";"TAMANCO PLATAFORMA FEMININO MODARE 7226.101 NOB UL";"15745 PRETO A11";24,000;149,90;73,08;"7226.101 NOB ULTRA";07/07/2026;105,12
0;"010744";"TAMANCO PLATAFORMA FEMININO MODARE 7226.102 ULTRA";"108352 ALECRIM A1";23,000;139,90;68,49;"7226.102 ULTRA SOFT";07/07/2026;104,26
0;"010743";"TAMANCO PLATAFORMA FEMININO MODARE 7226.102 ULTRA";"15745 PRETO A10";22,000;149,99;73,08;"7226.102 ULTRA SOFT";07/07/2026;105,24
0;"010643";"TAMANCO PLATAFORMA FEMININO MODARE 7227.101 SUPREM";"15745 PRETO NAPA A4";13,000;149,90;69,27;"7227.101 SUPREMA";02/06/2026;116,40
0;"010644";"TAMANCO PLATAFORMA FEMININO MODARE 7227.101 SUPREM";"1000196 AVELA";16,000;149,90;69,29;"7227.101 SUPREMA";02/06/2026;116,34
0;"010646";"TAMANCO PLATAFORMA SLIDE FEMININO MODARE 7227.102";"15745 PRETO A5";10,000;149,90;69,29;"7227.102 SUPREMA";02/06/2026;116,34
0;"010645";"TAMANCO PLATAFORMA SLIDE FEMININO MODARE 7227.102";"100196 AVELA A2";9,000;149,90;69,29;"7227.102 SUPREMA";02/06/2026;116,34
0;"009661";"TAMANCO SALTO MODARE 7187.110 STRECH/TIRA";"100196 AVELA";1,000;169,90;78,39;"7187.110 STRECH/TIRA";29/04/2025;116,74
0;"008206";"TAMANCO SLIDE MODARE 7142.101 CANELADO/EL";"96781.NP.TAN1080/CAMEL";9,000;109,90;52,82;"7142.101 CANELADO/EL";05/06/2025;108,07
0;"009554";"TAMANCO SLIDE MODARE 7142.101 CANELADO/EL";"102417 OLIVA/CAMEL CANEL";8,000;109,90;44,35;"7142.101 CANELADO/EL";21/03/2025;147,80
0;"009854";"TAMANCO SLIDE MODARE 7142.101 ELASTICO";"102465 AVELA/CAMEL";3,000;109,90;46,94;"7142.101 ELASTICO";25/06/2025;134,13
0;"010537";"TAMANCO SLIDE MODARE 7142.101 PELE STRECH";"96723 NUDE/CAMEL";17,000;109,90;49,06;"7142.101 PELE STRECH";24/04/2026;124,01
0;"010434";"TAMANCO SLIDE MODARE 7142.101 PELE STRECH";"15745 PRETO/PRETO X";22,000;109,90;49,06;"7142.101 PELE STRECH";24/04/2026;124,01
0;"010504";"TAMANCO SLIDE MODARE 7142.101 PELE STRECH";"106874 AVELA/MOCCA";12,000;109,90;45,99;"7142.101 PELE STRECH";16/04/2026;138,96
0;"010435";"TAMANCO SLIDE MODARE 7142.101 PELE STRECH";"15758 PRETO/PRETO XP";4,000;109,90;49,70;"7142.101 PELE STRECH";10/03/2026;121,13
0;"010436";"TAMANCO SLIDE MODARE 7142.106 TRES BERLIM";"102465 AVELA/CAMEL BER";1,000;104,99;49,70;"7142.106 TRES BERLIM";11/05/2026;111,25
0;"010675";"TAMANCO SLIDE MODARE 7142.147 LIORA";"110151 AVELA GRAFITE";14,000;139,90;69,37;"7142.147 LIORA";11/06/2026;101,67
0;"010674";"TAMANCO SLIDE MODARE 7142.147 LIORA";"108811 DOURADO";14,000;139,90;69,37;"7142.147 LIORA";11/06/2026;101,67
0;"010222";"TAMANCO SLIDE MODARE 7215.102 NOBUCK";"PRETO NOBUCK";5,000;159,90;78,29;"7215.102 NOBUCK";05/11/2025;104,24
0;"010223";"TAMANCO SLIDE MODARE 7215.102 NOBUCK";"NUDE NOBUCK";5,000;159,90;78,29;"7215.102 NOBUCK";05/11/2025;104,24
0;"009879";"TAMANCO SLIDE MODARE 7215.102 SUPREMA";"VERDE SALVIA";15,000;159,90;79,31;"7215.102 SUPREMA";30/05/2026;101,61
0;"009880";"TAMANCO SLIDE MODARE 7215.102 SUPREMA";"PRETO 01";15,000;159,90;79,31;"7215.102 SUPREMA";30/05/2026;101,61
0;"009424";"TENIS ACTVITTA 4202.554 FAV/NAP FLO";"15860 PRETO/PETO FLO";3,000;109,90;48,97;"4202.554 FAV/NAP FLO";19/02/2025;124,42
0;"009035";"TENIS ACTVITTA 4841.101 LOC OMEGA";"99378 - ROSA 1228";2,000;199,90;86,36;"4841.101 LOC OMEGA";07/08/2024;131,47
0;"009034";"TENIS ACTVITTA 4841.103 LOC SALEM";"15758 PRETO/BRANCO";41,000;199,90;78,43;"4841.103 LOC SALEM";22/06/2026;154,88
0;"010551";"TENIS ACTVITTA 4841.103 LOC SALEM";"16143 PRETO/PRETO/PRETO";39,000;199,90;78,43;"4841.103 LOC SALEM";22/06/2026;154,88
0;"010431";"TENIS ACTVITTA 4849.100 AUSTRALIA";"107312 PRETO/PRETO/PINK";3,000;214,99;99,32;"4849.100 AUSTRALIA";10/03/2026;116,46
0;"010432";"TENIS ACTVITTA 4849.307 XANG/AUSTRA";"108641 BRANCO OFF";17,000;254,99;116,66;"4849.307 XANG/AUSTRA";15/07/2026;118,58
0;"010358";"TENIS ACTVITTA 4849.500 XANGAI/AUST";"107082 PRETO CHUMBO";5,000;224,99;103,99;"4849.500 XANGAI/AUST";10/03/2026;116,36
0;"010357";"TENIS ACTVITTA 4849.502 ENERGY";"107038 BRANCO OFF";24,000;254,99;116,66;"4849.502 ENERGY";13/07/2026;118,58
0;"009877";"TENIS ACTVITTA 4853.100 AUSTRALIA";"PRETO/PRATA";3,000;145,99;69,37;"4853.100 AUSTRALIA";11/12/2025;110,45
0;"010149";"TENIS ACTVITTA 4853.100 AUSTRALIA";"PRETO";3,000;145,99;68,95;"4853.100 AUSTRALIA";04/03/2026;111,73
0;"009878";"TENIS ACTVITTA 4853.100 AUSTRALIA";"COBALTO ROSA";12,000;145,99;68,95;"4853.100 AUSTRALIA";04/03/2026;111,73
0;"009061";"TENIS ACTVITTA 4931.103 LOC OREGON";"83802 PRETO-PRETO/PRETO";26,000;199,90;82,49;"4931.103 LOC OREGON";22/06/2026;142,33
0;"009873";"TENIS ACTVITTA 4931.103 LOC OREGON";"4931.103 PRETO/PRETO/PRET";28,000;199,90;82,49;"4931.103 LOC OREGON";22/06/2026;142,33
0;"009898";"TENIS ACTVITTA 4938.101 XANGAI/AUS";"104972 PRETO/GRAF-CHUMBO";12,000;239,90;113,52;"4938.101 XANGAI/AUS";05/05/2026;111,33
0;"010334";"TENIS ACTVITTA 4938.101 XANGAI/AUS";"PRETO GRAFITE";8,000;239,90;113,52;"4938.101 XANGAI/AUS";05/05/2026;111,33
0;"009897";"TENIS ACTVITTA 4938.101 XANGAI/AUS";"104969 PETROLEO/JEANS/PRE";3,000;239,90;107,06;"4938.101 XANGAI/AUS";16/07/2025;124,08
0;"010335";"TENIS ACTVITTA 4945.201 XANGAI";"PRETO/PETROLEO";6,000;269,90;127,71;"4945.201 XANGAI";12/12/2025;111,34
0;"010768";"TENIS BABY MENINA CASUAL MOLEKINHA 2742.205 TURIM";"111425 BRANCO/ROSA CHARM";10,000;159,90;75,03;"2742.205 TURIM";13/07/2026;113,11
0;"010739";"TENIS BABY MENINA CASUAL MOLEKINHA 2750.101 NOBUCK";"35312 BRANCO OFF A4";10,000;99,90;49,06;"2750.101 NOBUCK";30/06/2026;103,63
0;"010740";"TENIS BABY MENINA CASUAL MOLEKINHA 2750.101 NOBUCK";"78276 ROSA A2";12,000;99,90;49,06;"2750.101 NOBUCK";30/06/2026;103,63
0;"010769";"TENIS BABY MENINA CASUAL MOLEKINHA 2750.103 NACY";"35499 DOURADO/BRANCO OFF";12,000;119,90;56,63;"2750.103 NACY";13/07/2026;111,73
0;"008953";"TENIS CASUAL ACTVITTA 4916.518 SORANO";"93249A/SOR AREIA 1137";9,000;179,90;84,05;"4916.518 SORANO";16/07/2026;114,04
0;"008952";"TENIS CASUAL ACTVITTA 4916.518 SORANO";"15745A/SOR PRETO 01";19,000;179,90;84,05;"4916.518 SORANO";16/07/2026;114,04
0;"010848";"TENIS CASUAL ACTVITTA AUSTRALIA 4841.100";"PRETO/CINZA 102156";12,000;209,90;98,06;"AUSTRALIA 4841.100";23/07/2026;114,05
0;"010849";"TENIS CASUAL ACTVITTA AUSTRALIA 4841.100";"CAMEL/NUDE 109494";8,000;209,90;98,06;"AUSTRALIA 4841.100";23/07/2026;114,05
0;"010934";"TENIS CASUAL BABY MOLEKINHO 2655.100 RUST";"PRETO/PRETO A";12,000;99,90;47,01;"2655.100 RUST";25/08/2026;112,51
0;"010933";"TENIS CASUAL BABY MOLEKINHO 2659.102 RUSTICO";"BRANCO/PRETO A";12,000;119,90;56,63;"2659.102 RUSTICO";25/08/2026;111,73
0;"010592";"TENIS CASUAL FEMININO MODARE 7358.238 PROTECTION";"100196 AVELA A";5,000;149,90;73,08;"7358.238 PROTECTION";12/05/2026;105,12
0;"010591";"TENIS CASUAL FEMININO MODARE 7358.238 PROTECTION";"15745 PRETO NEW";3,000;149,90;73,08;"7358.238 PROTECTION";12/05/2026;105,12
0;"010820";"TENIS CASUAL FEMININO MODARE SUPREMA 7417.101";"BRANCO/DOURADO 17165";10,000;279,90;135,73;"SUPREMA 7417.101";21/07/2026;106,22
0;"010821";"TENIS CASUAL FEMININO MODARE SUPREMA 7417.102";"BRANCO/BEGE 111601";12,000;279,90;135,73;"SUPREMA 7417.102";21/07/2026;106,22
0;"009602";"TENIS CASUAL MODARE 7401.103 SUPR/M LOND";"29574 BEGE/DOURADO LO";1,000;229,90;107,12;"7401.103 SUPR/M LOND";02/06/2025;114,62
0;"009872";"TENIS CASUAL MODARE 7405.103 FLOVENE";"105032 BRANCO OFF/MANTEIG";2,000;245,99;116,93;"7405.103 FLOVENE";16/09/2025;110,37
0;"010580";"TENIS CASUAL MODARE 7414.101 SUP/MET/LON";"35432 BRANCO OFF/DOURADO";3,000;245,99;116,93;"7414.101 SUP/MET/LON";09/05/2026;110,37
0;"010579";"TENIS CASUAL MODARE 7414.102 MET/LONDON";"17165 BRANCO/DOURADO LO";1,000;245,99;116,93;"7414.102 MET/LONDON";09/05/2026;110,37
0;"010614";"TENIS CASUAL MODARE 7416.100 SUPREMA";"16072 BRANCO A";14,000;199,90;90,98;"7416.100 SUPREMA";01/06/2026;119,72
0;"010613";"TENIS CASUAL MODARE 7416.202 LOND";"110623 BRANCO OFF/BEGE/PE";4,000;209,99;97,72;"7416.202 LOND";26/05/2026;114,89
0;"010465";"TENIS CASUAL MOLEKINHA 2118.592 NAPA TURIM";"17689 PRETO/BRANCO T";11,000;99,90;47,63;"2118.592 NAPA TURIM";18/03/2026;109,74
0;"010420";"TENIS CASUAL MOLEKINHA 2565.321 NAPA TURIM";"17689 PRETO/BRANCO99";2,000;139,90;65,64;"2565.321 NAPA TURIM";04/03/2026;113,13
0;"010421";"TENIS CASUAL MOLEKINHA 2565.321 NAPA TURIM";"93824 BRANCO/PINK";2,000;139,90;65,64;"2565.321 NAPA TURIM";04/03/2026;113,13
0;"010482";"TENIS CASUAL MOLEKINHA 2582.102 MADRI";"17689 PRETO/BRANCO TU";12,000;114,99;52,69;"2582.102 MADRI";27/03/2026;118,24
0;"010400";"TENIS CASUAL MOLEKINHA 2582.110 ITALIA";"BRANCO/NUDE/DOURADO";1,000;139,90;65,64;"2582.110 ITALIA";04/02/2026;113,13
0;"010399";"TENIS CASUAL MOLEKINHA 2582.111 GLAMOUR";"BRANCO/PRETO/DOURADO";12,000;139,90;65,64;"2582.111 GLAMOUR";17/07/2026;113,13
0;"010807";"TENIS CASUAL MOLEKINHA 2582.114 TURIM";"108331 BRANCO/ROSE";12,000;139,90;65,64;"2582.114 TURIM";17/07/2026;113,13
0;"010466";"TENIS CASUAL MOLEKINHA 2723.221 LONDON";"15745 PRETOGL";10,000;119,90;57,36;"2723.221 LONDON";18/03/2026;109,03
0;"010467";"TENIS CASUAL MOLEKINHA 2723.222 NYLON FLAT";"79486 ROSA/ROSA G";5,000;129,90;61,82;"2723.222 NYLON FLAT";18/03/2026;110,13
0;"009851";"TENIS CASUAL MOLEKINHA 2740.203 NAPA TURIM";"15745 PRETO";1,000;109,90;51,02;"2740.203 NAPA TURIM";21/06/2025;115,41
0;"010726";"TENIS CASUAL MOLEKINHO 2631.122 PORTO LUIS";"17689 PRETO/BRANCO A";7,000;119,90;59,08;"2631.122 PORTO LUIS";25/06/2026;102,95
0;"010727";"TENIS CASUAL MOLEKINHO 2631.223 MILAN";"96412 BRANFO OFF/CAMEL";9,000;129,90;63,68;"2631.223 MILAN";25/06/2026;103,99
0;"010164";"TENIS CORRIDA ACTVITTA 4849.104 XANGAI";"105855 PRETO PINK N";1,000;239,90;112,06;"4849.104 XANGAI";10/10/2025;114,08
0;"010163";"TENIS CORRIDA ACTVITTA 4849.104 XANGAI";"105852 AZUL N";5,000;239,90;112,06;"4849.104 XANGAI";10/10/2025;114,08
0;"010428";"TENIS CORRIDA ACTVITTA 4859.100 AUSTRALIA";"PRETO/COBAL/PRETO AZUL";6,000;274,99;127,71;"4859.100 AUSTRALIA";04/03/2026;115,32
0;"010427";"TENIS CORRIDA ACTVITTA 4859.101 AUSTRALIA";"BRANCO/AZUL CLARO/PINK";10,000;284,99;132,37;"4859.101 AUSTRALIA";04/03/2026;115,30
0;"010426";"TENIS CORRIDA ACTVITTA 4859.202 CAPRI/TEC";"PETALA/LIME/PRETO LIME";8,000;294,99;136,84;"4859.202 CAPRI/TEC";04/03/2026;115,57
0;"010158";"TENIS CORRIDA ACTVITTA 4938.104 DUALA";"105913 PRETO/CHUMBO N";1,000;259,90;121,07;"4938.104 DUALA";07/10/2025;114,67
0;"010157";"TENIS CORRIDA ACTVITTA 4938.104 DUALA";"105910 ROYAL N";6,000;259,90;121,07;"4938.104 DUALA";07/10/2025;114,67
0;"010425";"TENIS CORRIDA ACTVITTA 4947.100 AUSTRALIA";"PRETO/RON/CINZA CLARO PET";4,000;294,99;136,84;"4947.100 AUSTRALIA";04/03/2026;115,57
0;"010424";"TENIS CORRIDA ACTVITTA 4947.202 OXY/TEC";"ROYAL/TURQUESA/PRETO LIME";6,000;324,99;151,02;"4947.202 OXY/TEC";11/05/2026;115,20
0;"010844";"TENIS ESPORTIVO ACTVITTA AUSTRALIA 4952.201";"VEMELHO INT/BRANCO 110423";15,000;389,90;181,11;"AUSTRALIA 4952.201";23/07/2026;115,28
0;"010825";"TENIS ESPORTIVO ACTVITTA KANSAS 4952.400";"PRETO/BRANCO/CHUMBO";13,000;379,90;176,71;"KANSAS 4952.400";21/07/2026;114,99
0;"010690";"TENIS INFANTIL CASUAL MOLEKINHO 2847.119 MICHIGAN";"111778 CAFE/AREIA";12,000;159,90;78,29;"2847.119 MICHIGAN";18/06/2026;104,24
0;"010691";"TENIS INFANTIL CASUAL MOLEKINHO 2847.119 MICHIGAN";"111777 MARINHO/CINZA/CARA";16,000;159,90;78,29;"2847.119 MICHIGAN";18/06/2026;104,24
0;"010937";"TENIS INFANTIL CASUAL MOLEKINHO 2879.102 PORTO";"PRETO/BRANCO/CINZA A";16,000;189,90;89,05;"2879.102 PORTO";25/08/2026;113,25
0;"010890";"TENIS INFANTIL SPORT MOLEKINHO 2866.114 RUSTICO";"112137 CINZA/AREIA/PRETO";16,000;189,90;89,05;"2866.114 RUSTICO";13/08/2026;113,25
0;"010764";"TENIS INFANTIL SPORT MOLEKINHO 2879.100 NEO";"15745 PRETO LARANJA";24,000;169,90;83,09;"2879.100 NEO";13/07/2026;104,48
0;"010763";"TENIS INFANTIL SPORT MOLEKINHO 2879.103 NEO";"15745 PRETO B2";23,000;159,90;78,29;"2879.103 NEO";13/07/2026;104,24
0;"009831";"TENIS KIDS CASUAL MOLEKINHA 2575.114 NAPA TURIM";"21007 BRANCO/PRETO";2,000;149,90;68,69;"2575.114 NAPA TURIM";18/06/2025;118,23
0;"009832";"TENIS KIDS CASUAL MOLEKINHA 2575.114 NAPA TURIM";"52987 BRANCO OFF/NUDE";3,000;149,90;68,69;"2575.114 NAPA TURIM";18/06/2025;118,23
0;"010077";"TENIS KIDS CASUAL MOLEKINHA 2582.103 NAPA ESTRELAR";"106053 CHOCOLATE/GLITTER";1,000;119,90;55,89;"2582.103 NAPA ESTRELAR";23/09/2025;114,53
0;"009830";"TENIS KIDS CASUAL MOLEKINHA 2582.107 MET PREMIUM";"17165 BRANCO/DOURADO";4,000;129,90;57,60;"2582.107 MET PREMIUM";17/11/2025;125,52
0;"009775";"TENIS KIDS MIMO FLEX 006.019";"045 MARINHO/CINZA";5,000;69,99;28,29;"006.019";04/12/2025;147,40
0;"009774";"TENIS KIDS MIMO FLEX 006.019";"039 PRETO/GRAFITE";3,000;69,99;28,29;"006.019";04/12/2025;147,40
0;"010723";"TENIS KIDS MOLEKINHA 25005.203 PITON SAAR";"44610 BRANCO OFF/DOURADO";4,000;159,90;78,29;"25005.203 PITON SAAR";25/06/2026;104,24
0;"010088";"TENIS KIDS MOLEKINHA 2574.120 GP NYL";"85705 BRANCO OFF DOURA N";1,000;149,90;69,13;"2574.120 GP NYL";25/09/2025;116,84
0;"010075";"TENIS KIDS MOLEKINHA 2580.100 MUMBAI";"40000 GRAFITE/PRETO N";1,000;149,90;69,13;"2580.100 MUMBAI";23/09/2025;116,84
0;"010076";"TENIS KIDS MOLEKINHA 2580.109 GLAMOUR";"104578 GLITTER PRATA N";5,000;179,90;82,96;"2580.109 GLAMOUR";23/09/2025;116,85
0;"010084";"TENIS KIDS MOLEKINHO 2831.113 MESH DAV";"PRETO M DAVE";2,000;129,90;60,24;"2831.113 MESH DAV";25/09/2025;115,64
0;"010083";"TENIS KIDS MOLEKINHO 2831.141 RU NE";"PRETO NE";9,000;119,90;55,90;"2831.141 RU NE";25/09/2025;114,49
0;"009804";"TENIS KIDS MOLEKINHO 2831.240 FL RUS NE";"15745 PRETO";2,000;149,90;68,69;"2831.240 FL RUS NE";17/06/2025;118,23
0;"009805";"TENIS KIDS MOLEKINHO 2831.240 FL RUS NE";"94264 MARINHO/MARINHO";1,000;149,90;68,69;"2831.240 FL RUS NE";17/06/2025;118,23
0;"010471";"TENIS KIDS MOLEKINHO 2850.420 RU NE";"1860 PRETO/PRETO FU";12,000;144,90;66,48;"2850.420 RU NE";20/03/2026;117,96
0;"010116";"TENIS KIDS MOLEKINHO 2861.117 PORTO LUIS";"BRANCO OFF PORTO";7,000;129,90;61,82;"2861.117 PORTO LUIS";27/01/2026;110,13
0;"010115";"TENIS KIDS MOLEKINHO 2861.117 PORTO LUIS";"BRANCO CINZA PORTO";2,000;129,90;60,24;"2861.117 PORTO LUIS";22/05/2026;115,64
0;"010472";"TENIS KIDS MOLEKINHO 2864.112 NYLON SLEEK";"15745 PRETO/BRANCO R";6,000;144,90;66,48;"2864.112 NYLON SLEEK";20/03/2026;117,96
0;"010082";"TENIS KIDS MOLEKINHO 2866.101 NP RUSTICO";"PRETO RUSTICO";3,000;169,90;78,61;"2866.101 NP RUSTICO";25/09/2025;116,13
0;"009229";"TENIS KIDS MOLEKINHO 2866.101 NP RUSTICO";"MARINHO RUSTICO";5,000;169,90;74,16;"2866.101 NP RUSTICO";25/09/2025;129,10
0;"010462";"TENIS KIDS MOLEKINHO 2866.113 LUIS/GUINE";"15745 PRETO GU";7,000;179,90;85,14;"2866.113 LUIS/GUINE";18/03/2026;111,30
0;"010131";"TENIS KIDS MOLEKINHO 2869.101 NYL MESH";"PRETO BRANCO";6,000;169,90;78,61;"2869.101 NYL MESH";30/09/2025;116,13
0;"010132";"TENIS KIDS MOLEKINHO 2869.105 NYLON FREE";"PRETO FREE";5,000;159,90;74,06;"2869.105 NYLON FREE";30/09/2025;115,91
0;"009802";"TENIS KIDS MOLEKINHO 2872.101 MESH DAVE";"104626 PRETO/PRET/GELO";15,000;139,90;64,79;"2872.101 MESH DAVE";25/09/2025;115,93
0;"009803";"TENIS KIDS MOLEKINHO 2872.101 MESH DAVE";"40589 MARINHO/MARINHO";9,000;139,90;64,37;"2872.101 MESH DAVE";17/06/2025;117,34
0;"010081";"TENIS KIDS MOLEKINHO 2872.101 MESH DAVE";"PRETO DAVE";9,000;139,90;64,79;"2872.101 MESH DAVE";25/09/2025;115,93
0;"008086";"TENIS KLIN 199.079 NEW SPORT BABY";"1099 MARINHO/VERMELHO";1,000;119,90;54,13;"199.079 NEW SPORT BABY";/  /;121,50
0;"007686";"TENIS KLIN 260.076 MINI STYLE";"2996 PRETO/CIANO/LARANJA";3,000;184,90;83,29;"260.076 MINI STYLE";/  /;122,00
0;"006143";"TENIS KLIN 453.106 WALK BABY";"WALK BRANCO/MARINHO/VERME";2,000;127,90;57,68;"453.106 WALK BABY";/  /;121,74
0;"007734";"TENIS KLIN 453.108 WALK BABY";"3428 MARINHO/ROSA";2,000;136,90;61,81;"453.108 WALK BABY";/  /;121,49
0;"006381";"TENIS LED MOLEKINHA 2731.203 TECIDO LED";"5895 ROSA";3,000;159,90;71,40;"2731.203 TECIDO LED";01/12/2025;123,95
0;"009848";"TENIS LED MOLEKINHA 2742.201 MUMBAI/NP T";"84095 ROSA/PRATA/ROSA";1,000;129,90;59,86;"2742.201 MUMBAI/NP T";01/12/2025;117,01
0;"010120";"TENIS LED MOLEKINHA 2742.203 CAMURCAO";"106076 BRANCO ROSA N";2,000;139,90;64,79;"2742.203 CAMURCAO";30/09/2025;115,93
0;"010121";"TENIS LED MOLEKINHA 2742.204 GLAMOUR";"99740 BRANCO PRATA N";5,000;149,90;69,13;"2742.204 GLAMOUR";30/09/2025;116,84
0;"010468";"TENIS LED MOLEKINHO 2620.103 NEOPLEX";"003 PRETO LE";13,000;134,99;61,82;"2620.103 NEOPLEX";20/03/2026;118,36
0;"010469";"TENIS LED MOLEKINHO 2620.125 BOSTON";"83463 PRETO/LARANJA";11,000;149,90;70,94;"2620.125 BOSTON";20/03/2026;111,31
0;"010724";"TENIS LED MOLEKINHO 2632.217 VELOZ";"111762 VERMELHO/PRETO";12,000;169,90;83,09;"2632.217 VELOZ";25/06/2026;104,48
0;"010725";"TENIS LED MOLEKINHO 2632.217 VELOZ";"82551 PRETO/CINZA";9,000;169,90;83,09;"2632.217 VELOZ";25/06/2026;104,48
0;"010470";"TENIS LED MOLEKINHO 2634.116 FL RU NE";"15860 PRETO/PRETO VE";15,000;134,99;61,82;"2634.116 FL RU NE";20/03/2026;118,36
0;"006138";"TENIS MODARE 7378.109 GASP KNIT MOJAVE NUDE 658";"NUDE 658";1,000;159,90;72,45;"7378.109";/  /;120,70
0;"007834";"TENIS MODARE 7389.103 ALLENDE /LYCRA";"PRETO 01 ALLENDE";1,000;239,90;108,20;"7389.103 ALLENDE /LYCRA";/  /;121,72
0;"009401";"TENIS MODARE 7401.102 LONDON";"BRANCO OFF/ VERDE LONDON";1,000;224,99;107,12;"7401.102 LONDON";19/11/2025;110,04
0;"007949";"TENIS MOLECA 5667.322 SIDER FEM";"15758-PRETO/PRETO";2,000;129,90;60,08;"5667.322 SIDER FEM";/  /;116,21
0;"010122";"TENIS MOLEKINHA 2118.591 NAPA TURIM";"105233 PRETO ROSA N";2,000;89,90;42,06;"2118.591 NAPA TURIM";30/09/2025;113,74
0;"010123";"TENIS MOLEKINHA 2118.592 ITALIA";"105272 BRANCO DOURADO N";2,000;99,90;46,41;"2118.592 ITALIA";30/09/2025;115,26
0;"007803";"TENIS MOLEKINHA 2131.625 VERNIZ GLOW";"5738 BRANCO";2,000;109,90;49,18;"2131.625 VERNIZ GLOW";01/12/2025;123,46
0;"010499";"TENIS MOLEKINHA 25005.203 PITON SAAR";"18323 PRETO/PRETA/PRETO";6,000;159,90;76,00;"25005.203 PITON SAAR";09/04/2026;110,39
0;"007592";"TENIS MOLEKINHA 2554.110 SARDENHA";"7827 ROSA/BRANCO";1,000;99,90;45,69;"2554.110 SARDENHA";16/07/2025;118,65
0;"007564";"TENIS MOLEKINHA 2565.102 LONA GLITER";"9333 ROSA/NIQUEL";4,000;159,90;69,62;"2565.102 LONA GLITER";/  /;129,68
0;"008039";"TENIS MOLEKINHA 2565.102 LONA GLITER";"1990 PRETO/GLITTER";2,000;159,90;69,62;"2565.102 LONA GLITER";/  /;129,68
0;"009748";"TENIS MOLEKINHA 2574.116 NAPA TURIM";"BRANCO/PRETO";3,000;129,90;58,48;"2574.116 NAPA TURIM";17/11/2025;122,13
0;"010398";"TENIS MOLEKINHA 2580.111 PARIS METAL";"BRANCO OFF/GLITER PRATA";6,000;189,90;94,12;"2580.111 PARIS METAL";02/06/2026;101,76
0;"010397";"TENIS MOLEKINHA 2580.200 VELVET";"PRETO/ROSA VET";19,000;169,90;84,17;"2580.200 VELVET";02/06/2026;101,85
0;"009846";"TENIS MOLEKINHA 2584.105 NAPA TURIM";"98954 BRANCO/ROSA";3,000;149,90;68,69;"2584.105 NAPA TURIM";21/06/2025;118,23
0;"009845";"TENIS MOLEKINHA 2584.105 NAPA TURIM";"99202 ROSA";1,000;149,90;68,69;"2584.105 NAPA TURIM";21/06/2025;118,23
0;"009828";"TENIS MOLEKINHA 2588.104 NAPA TURIM";"104923 BRANCO/ROSA/AZUL S";2,000;159,90;72,23;"2588.104 NAPA TURIM";18/06/2025;121,38
0;"006683";"TENIS MOLEKINHA 2723.100 COMFY";"2173 ROSA";2,000;89,90;40,23;"2723.100 COMFY";01/12/2025;123,47
0;"007800";"TENIS MOLEKINHA 2723.100 SUICA FEMI";"5805 PINK/PRETO";1,000;89,90;39,43;"2723.100 SUICA FEMI";01/12/2025;128,00
0;"008783";"TENIS MOLEKINHA 2723.119 NYLON FLAT";"79486 BM ROSA 871/ROSA942";1,000;109,90;51,02;"2723.119 NYLON FLAT";01/12/2025;115,41
0;"008784";"TENIS MOLEKINHA 2732.203 NP METALIZA";"17131BM PRETO 01/PRATA";2,000;99,90;46,12;"2732.203 NP METALIZA";01/12/2025;116,61
0;"009535";"TENIS MOLEKINHA 2736.100 LOVE TIGRE";"90823PRETO\PRETO TIG";5,000;89,90;41,08;"2736.100 LOVE TIGRE";03/06/2025;118,84
0;"009534";"TENIS MOLEKINHA 2736.100 LOVE TIGRE";"90448MARINHO\MARINHO";3,000;89,90;41,08;"2736.100 LOVE TIGRE";13/03/2025;118,84
0;"009201";"TENIS MOLEKINHA 2736.102 LYCRA PEROL";"100081 MARINHO/ROSA";2,000;99,90;45,40;"2736.102 LYCRA PEROL";01/12/2025;120,04
0;"009849";"TENIS MOLEKINHA 2738.100 LYCRA PEROL";"15745 PRETO";3,000;119,90;55,53;"2738.100 LYCRA PEROL";21/06/2025;115,92
0;"009850";"TENIS MOLEKINHA 2738.103 TOQUIO";"78276 ROSA";4,000;139,90;64,37;"2738.103 TOQUIO";21/06/2025;117,34
0;"010119";"TENIS MOLEKINHA 2738.104 NAPA TURIM";"78276 ROSA 942 N";6,000;149,90;69,13;"2738.104 NAPA TURIM";30/09/2025;116,84
0;"007337";"TENIS MOLEKINHO 2147-113 NAPA FLOTER";"90448 RUSTICO/NEON";2,000;89,90;39,60;"2147-113 NAPA FLOTER";/  /;127,02
0;"007338";"TENIS MOLEKINHO 2147-113 NAPA FLOTER";"16805 PRETO/BABY";1,000;89,90;38,03;"2147-113 NAPA FLOTER";/  /;136,39
0;"007368";"TENIS MOLEKINHO 2147-138 NEOP MASC";"40915 BABY/MARINHO";5,000;109,90;48,17;"2147-138 NEOP MASC";/  /;128,15
0;"007393";"TENIS MOLEKINHO 2617-103 SIDER MASC";"90823 PRETO";3,000;79,90;35,79;"2617-103 SIDER MASC";/  /;123,25
0;"009318";"TENIS MOLEKINHO 2631.110 NP RUSTICO";"2631.110 BRANCO/CINZA";3,000;109,90;50,23;"2631.110 NP RUSTICO";28/11/2024;118,79
0;"009319";"TENIS MOLEKINHO 2631.110 NP RUSTICO";"2631.110 AREIA/PRETO";9,000;119,90;57,36;"2631.110 NP RUSTICO";28/01/2026;109,03
0;"010134";"TENIS MOLEKINHO 2631.117 PORTO LUIS";"BRANCO OFF AREIA LUIS";2,000;119,90;55,89;"2631.117 PORTO LUIS";30/09/2025;114,53
0;"010133";"TENIS MOLEKINHO 2631.117 PORTO LUIS";"BRANCO CINZA LUIS";2,000;119,90;55,89;"2631.117 PORTO LUIS";30/09/2025;114,53
0;"007395";"TENIS MOLEKINHO 2632102 RUN FLOTER NEO";"01 PRETO/LED";4,000;139,90;62,05;"2632102 RUN FLOTER NEO";01/12/2025;125,46
0;"009176";"TENIS MOLEKINHO 2638.100 NEOPLEX";"15860 PRETO/PRETO";1,000;99,90;45,40;"2638.100 NEOPLEX";11/10/2024;120,04
0;"009175";"TENIS MOLEKINHO 2638.103 NEO/CAMURCA";"72828 PRETO/CARAMELO";1,000;129,90;57,57;"2638.103 NEO/CAMURCA";17/11/2025;125,64
0;"009810";"TENIS MOLEKINHO 2641.105 RUSTICO NEO";"72736 CARAMELO";1,000;149,90;68,69;"2641.105 RUSTICO NEO";18/06/2025;118,23
0;"010135";"TENIS MOLEKINHO 2641.105 RUSTICO NEO";"CARAMELO NEO";6,000;149,90;69,13;"2641.105 RUSTICO NEO";30/09/2025;116,84
0;"009811";"TENIS MOLEKINHO 2641.105 RUSTICO NEO";"10396 BRANCO OFF/DENIM";15,000;149,90;69,13;"2641.105 RUSTICO NEO";30/09/2025;116,84
0;"009809";"TENIS MOLEKINHO 2645.200 LED RUST NE";"40589 MARINHO/MARINHO";8,000;139,90;64,37;"2645.200 LED RUST NE";18/06/2025;117,34
0;"009807";"TENIS MOLEKINHO 2645.201 LED RUST NE";"97360 GELO/CINZA";4,000;169,90;78,11;"2645.201 LED RUST NE";18/06/2025;117,51
0;"009808";"TENIS MOLEKINHO 2645.201 LED RUST NE";"33300 MARINHO";5,000;169,90;78,11;"2645.201 LED RUST NE";18/06/2025;117,51
0;"007444";"TENIS MOLEKINHO 2831.104 RUST NEO";"15860 PRETO/PRETO L";24,000;109,90;52,69;"2831.104 RUST NEO";23/01/2026;108,58
0;"008701";"TENIS MOLEKINHO 2850.310 NYLON/FREE";"27981-PRETO/PRETO/CINZA";4,000;129,90;60,24;"2850.310 NYLON/FREE";30/09/2025;115,64
0;"009536";"TENIS MOLEKINHO 2850.310 NYLON/FREE";"15787PRETO01\PRETO FREE";7,000;129,90;60,24;"2850.310 NYLON/FREE";30/09/2025;115,64
0;"009323";"TENIS MOLEKINHO 2852.102 VERMONT NEO";"2852.102 BRANCO-OFF/CARAM";3,000;139,90;64,79;"2852.102 VERMONT NEO";25/09/2025;115,93
0;"010375";"TENIS MOLEKINHO 2866.314 NEO/GUINE";"15745 PRETO/GUI";7,000;189,90;90,20;"2866.314 NEO/GUINE";23/01/2026;110,53
0;"009769";"TENIS RN MIMO FLEX 003.505";"008 MARFIM";1,000;49,99;21,41;"003.505";01/12/2025;133,49
0;"009768";"TENIS RN MIMO FLEX 003.505";"004 ROSA";1,000;49,99;21,41;"003.505";16/06/2025;133,49
0;"009771";"TENIS RN MIMO FLEX 003.513";"0051 PRETO/PINK";1,000;49,99;21,41;"003.513";01/12/2025;133,49
0;"010766";"TENIS SPORT ACTVITTA 4849.202 AUSTRALIA";"104809 PRETO/PINK";14,000;249,90;116,66;"4849.202 AUSTRALIA";13/07/2026;114,21
0;"010557";"TENIS SPORT ACTVITTA 4849.302 AUSTRALIA";"110124 CAMEL/BRANCO OFF";1,000;254,99;118,18;"4849.302 AUSTRALIA";05/05/2026;115,76
0;"010850";"TENIS SPORT ACTVITTA AUSTRALIA 4863.302";"PRETO/HIBISCO 110463";14,000;369,90;172,11;"AUSTRALIA 4863.302";23/07/2026;114,92
0;"010817";"TENIS SPORT ACTVITTA NY KANSAS 4863.400";"111367 BRANCO /CAMEL/LIME";12,000;359,90;167,70;"NY KANSAS 4863.400";19/07/2026;114,61
0;"010932";"TENIS SPORT INFANTIL MOLEKINHA 25005.203 KANSAS";"PRETO/PRATA/ROSA";16,000;159,90;75,03;"25005.203 KANSAS";25/08/2026;113,11
0;"010648";"TENIS SPORT INFANTIL MOLEKINHA 2580.100 VELVET";"110324 PRETO/GRAF/ROSA BA";12,000;149,90;74,02;"2580.100 VELVET";02/06/2026;102,51
0;"010925";"TENIS SPORT INFANTIL MOLEKINHA 2584.214 KANSAS";"BRANCO/ROSA CHAM/MENTA";16,000;169,90;79,64;"2584.214 KANSAS";25/08/2026;113,34
0;"010926";"TENIS SPORT INFANTIL MOLEKINHA 2584.214 KANSAS";"PRETO/PINK GLAM";14,000;169,90;79,64;"2584.214 KANSAS";25/08/2026;113,34
0;"010615";"TENIS SPORT MODARE 4849.306 KANSAS AUST";"109777 CAMEL/NUDE";11,000;254,99;121,07;"4849.306 KANSAS AUST";15/07/2026;110,61
0;"004063";"TENIS VIZZANO 1389.101 PELICA BRANCO 99";"1389.101";2,000;159,90;76,94;"7909823574664";/  /;107,82
0;"009287";"TENIS WBOYS 360.001 VOLTAS AULAS";"327 MARINHO";2,000;89,90;41,63;"360.001 VOLTAS AULAS";01/08/2025;115,95
0;"005918";"TOTE";"DIVERSOS";6,000;44,90;4,13;"48764";/  /;987,17
