codigo,descricao,qtde,preco,custo,ult_aquisicao,markup
006032,1357 MOCHILA DIVERSOS,3,131.9,29.04,/  /,354.2
005930,1678 SACOLA DE VIAGEM DIVERSOS,1,57.94,28.97,/  /,100.0
005946,2231 MOCHILA DIVERSOS,1,77.48,38.74,/  /,100.0
001165,BABUCHE BOA ONDA 1716 JOHN 100-05,6,119.9,56.04,11/05/26,113.95
009937,BABUCHE BOAONDA 1716 JOHN 011 CLASSIC,3,119.9,56.04,11/05/26,113.95
007897,BABUCHE BOAONDA 1944.208 BRAVE 0993 BLUE/PITANGA,1,149.9,68.38,11/04/25,119.22
008439,BABUCHE BOAONDA 1944.208 BRAVE 001 BRAVE,8,149.9,70.07,26/05/26,113.93
008438,BABUCHE BOAONDA 1944.208 BRAVE 006 BRAVE,10,149.9,70.07,26/05/26,113.93
009730,BABUCHE BOAONDA 2402-110 EASY 002 CLASSIC BLUE,1,59.99,27.99,04/12/25,114.33
009731,BABUCHE BOAONDA 2402-110 EASY 004 GOIABA EASY,5,59.99,27.99,04/12/25,114.33
009732,BABUCHE BOAONDA 2402-110 EASY 005 ROSE NUDE,4,59.99,27.99,04/12/25,114.33
009728,BABUCHE BOAONDA 2402-211 EASY 001 LILAS/ROSE,2,79.99,37.34,04/12/25,114.22
009738,BABUCHE BOAONDA 2402-212 EASY 002 ROSE NUDE/SKY,2,89.9,42.01,04/12/25,114.0
009740,BABUCHE BOAONDA 2402-213 EASY M 002,5,89.9,42.01,04/12/25,114.0
009739,BABUCHE BOAONDA 2402-213 EASY M 001 BRANCO/PRETO,1,89.9,42.01,04/12/25,114.0
009071,BABUCHE BOAONDA 2402 CLASSIC 110/004 GOIABA,1,69.9,27.44,01/12/25,154.74
009736,BABUCHE BOAONDA 2439-110 STAR M 002 CALISSIC,3,129.9,60.72,09/06/25,113.93
007862,BABUCHE BOAONDA 3539.1317 TR 4133 ACAI,2,89.9,28.62,/  /,214.12
007874,BABUCHE BOAONDA 4178.1317 2431 ROSE,5,89.9,30.82,/  /,191.69
002360,BABUCHE CLEAR LED WBOYS WORD BABUCHE,1,89.99,39.9,/  /,125.54
009938,BABUCHE EVA BOAONDA 2422.101 001 PRETO/PRETO,1,134.9,51.37,04/08/25,162.6
009939,BABUCHE EVA BOAONDA 2422.211 001 PRETO/CREPE,1,134.9,62.13,11/05/26,117.13
010395,BABUCHE EVA BOAONDA 2422.211 002 SELVA/CREPE,25,134.9,60.72,26/05/26,122.17
010626,BABUCHE EVA YVATE 1816 FAIXA F FAI BEGE,16,69.9,29.5,29/05/26,136.95
010627,BABUCHE EVA YVATE 1816 FAIXA M FAI PRETO,24,69.9,29.5,29/05/26,136.95
008894,BABUCHE KEMO 10/02 BABY MENINO 10/02K/BAB PRETO,4,59.99,27.88,15/07/25,115.17
010401,BABUCHE LED MOLEKINHA 2591.113 PRETO LED,3,134.9,61.02,04/02/26,121.08
010402,BABUCHE LED MOLEKINHA 2591.113 ROSA EVA,5,134.9,61.02,04/02/26,121.08
010456,BABUCHE LED MOLEKINHO 2874.407 105739,76,134.9,58.59,22/06/26,130.24
010457,BABUCHE LED MOLEKINHO 2874.407 102997,77,134.9,58.59,22/06/26,130.24
010248,BABUCHE MOLECA 5832.100 PVC BAB BRANCO OFF,16,89.9,43.54,14/11/25,106.48
010249,BABUCHE MOLECA 5832.100 PVC BAB PRETO 01,22,89.9,38.84,16/04/26,131.46
010250,BABUCHE MOLECA 5832.100 PVC BAB CHOCOLATE,11,89.9,43.54,14/11/25,106.48
010405,BABUCHE MOLEKINHA 22591.408 ARCO CREME/MULTICOLOR/,94,129.9,54.16,22/06/26,139.84
009942,BABUCHE MOLEKINHA 2591.100 INJET 78276 PINK 1126,2,79.9,38.9,17/11/25,105.4
009943,BABUCHE MOLEKINHA 2591.103 INJT 15745 PRETO 01,112,99.9,40.77,22/06/26,145.03
009944,BABUCHE MOLEKINHA 2591.103 INJT 78276 ROSA 942,9,99.9,43.54,27/03/26,129.44
010251,BABUCHE MOLEKINHA 2591.103 INJT BAB CREME 985,120,99.9,45.04,22/06/26,121.8
010677,BABUCHE MOLEKINHA 2591.116 EVA 2591.116 PRETO,23,124.9,49.7,11/06/26,151.31
010483,BABUCHE MOLEKINHA 2591.200 84095,1,79.99,34.33,27/03/26,133.0
010403,BABUCHE MOLEKINHA 2591.207 EVA PRETO/PRATA/PRETO,12,129.9,59.85,11/06/26,117.04
010404,BABUCHE MOLEKINHA 2591.207 EVA ROSA/PRATA/ROSA,3,129.9,56.62,04/02/26,129.42
010676,BABUCHE MOLEKINHA 2591.316 EVA 84109,10,124.9,59.85,11/06/26,108.69
010679,BABUCHE MOLEKINHA 2749.101 EVA 78276 ROSA A1,10,94.9,45.04,11/06/26,110.7
010680,BABUCHE MOLEKINHA 2749.101 EVA 83517 CREME A2,12,94.9,45.04,11/06/26,110.7
010678,BABUCHE MOLEKINHA 2749.300 88795,10,94.99,45.04,11/06/26,110.9
010577,BABUCHE MOLEKINHA BABY 2749.200 83821 ROSA/PRATA,11,69.99,34.33,09/05/26,103.87
010578,BABUCHE MOLEKINHA BABY 2749.200 34224 PRETO/PRATA,2,69.99,34.33,09/05/26,103.87
010503,BABUCHE MOLEKINHO 2653.100 EVA 17745 PRETO EB,16,69.99,34.33,16/04/26,103.87
010502,BABUCHE MOLEKINHO 2653.101 64823,6,89.99,43.54,16/04/26,106.68
010501,BABUCHE MOLEKINHO 2653.103 EVA 15745 PRETO B,8,89.9,43.54,16/04/26,106.48
010264,BABUCHE MOLEKINHO 2874.100 INJET AREIA 1137,28,79.9,39.67,11/05/26,101.41
009945,BABUCHE MOLEKINHO 2874.100 INJET 158745 PRETO 01,12,79.9,34.05,14/01/26,134.65
010263,BABUCHE MOLEKINHO 2874.202 MARINHO LARANJA,109,99.9,42.61,22/06/26,134.45
010262,BABUCHE MOLEKINHO 2874.202 PRETO AMARELO,125,89.9,44.47,22/06/26,102.16
010368,BABUCHE MOLEKINHO 2874.204 102997PRETO/AMARE,23,109.9,54.28,18/06/26,102.47
010369,BABUCHE MOLEKINHO 2874.204 105739,13,109.9,52.69,14/01/26,108.58
010689,BABUCHE MOLEKINHO 2874.208 EVA 110341,10,109.9,54.28,18/06/26,102.47
006454,BABUCHE MUNDO BITA 22967 SPACE AT017 ROSA/ROXO,1,49.9,25.37,/  /,96.69
009982,BABUCHE NUVEM KIDS PRETO,1,69.9,24.64,29/08/25,183.69
009981,BABUCHE NUVEM KIDS PINK,1,69.9,24.64,29/08/25,183.69
009979,BABUCHE NUVEM KIDS AZUL NUVEM,1,69.9,24.64,29/08/25,183.69
010624,BABUCHE PLATAFORMA YVATE 2502 IVA BEGE,17,89.9,37.9,29/05/26,137.2
010625,BABUCHE PLATAFORMA YVATE 2502 IVA PRETO,15,89.9,37.9,29/05/26,137.2
005935,BABUCHE RIDER 12324 FIT INF DIVERSOS,2,59.99,31.91,/  /,88.0
004885,BABUCHE WORLDCOLORS 125.070 125.070,1,89.9,42.39,/  /,112.08
006187,BABUCHE WORLDCOLORS 125.072 3202 PINK/GLITER,1,97.9,41.87,08/07/25,133.82
007765,BABUCHE WORLDCOLORS 125.073 3756.PINK/VERDE,2,97.9,41.87,/  /,133.82
007758,BABUCHE WORLDCOLORS 126.061 1792/PRETO/ROYAL/,2,86.99,38.97,/  /,123.22
007732,BABUCHE WORLDCOLORS 126.062 423,4,78.9,35.14,/  /,124.53
007730,BABUCHE WORLDCOLORS 126.062 1792 PRETO/ROYAL,1,78.9,35.14,18/07/25,124.53
007779,BABUCHE WORLDCOLORS 126.063 1526-MARINHO/VERM,1,78.9,35.31,/  /,123.45
007744,BABUCHE WORLDCOLORS 126.066 1526,3,86.9,37.4,18/07/25,132.35
006199,BABUCHE WORLDCOLORS 3433-PRETO/VERDE,1,97.9,41.87,/  /,133.82
007755,BABUCHE WORLDCOLORS 127.064 3510,1,97.9,41.87,/  /,133.82
007741,BABUCHE WORLDCOLORS 300.001 MARINHO/VERDE,2,115.9,53.87,/  /,115.15
009457,BABUCHE YVATE  BABY LISO PRETO BABY,1,62.9,29.9,/  /,110.37
009455,BABUCHE YVATE BABY LISO ROSA ESCURO BABY,1,62.9,29.9,/  /,110.37
009134,BABUCHE YVATE CROCS AZUL MARINHO,4,89.9,32.0,01/12/25,180.94
009378,BABUCHE YVATE CROCS KIDS YVATE KIDS ROSA,1,69.9,32.9,01/12/25,112.46
009445,BABUCHE YVATE KIDS LISO PRETO LISO YVATE,2,69.9,32.9,/  /,112.46
009446,BABUCHE YVATE KIDS LISO ROSA ESCURO KIDS,1,69.9,32.9,/  /,112.46
009908,BABUCHE YVATE TRADICIONAL LISO BEGE YVATE,2,79.9,36.9,01/12/25,116.53
010360,BABUCHE ZAXY 19430 JOY BY259 OFF WHITE,4,89.9,39.38,05/05/26,128.29
010359,BABUCHE ZAXY 19430 JOY BY258 PRETO,4,89.9,39.38,05/05/26,128.29
010361,BABUCHE ZAXY 19430 JOY BY260 MARROM,4,89.9,41.1,29/12/25,118.73
009434,BALDE GELELE BALDE COLOR SLIME MESCLA BALD GELE,6,29.9,13.24,20/02/25,125.83
009697,BALDE PIPOCA HAVAIANAS DINOSSAURO,11,20.0,6.64,02/06/25,201.2
010490,BALDE PIPOCA PUKET DINO/TUBA DINO/TUBA,4,25.0,7.29,01/04/26,242.94
009696,BALDE PIPOCA PUKET UNICORNIO UNICORNIO,14,20.0,6.64,02/06/25,201.2
010489,BALDE PIPOCA PUKET VACA VACA,6,25.0,7.29,01/04/26,242.94
009326,BOLA QUEBRA-CABEÇA GELELE SONIC BOLA SONIC,11,29.9,12.17,29/11/24,145.69
005916,BOLSA DE PRAIA CLIO STYLE MF3545 DIVERSOS,21,44.9,13.04,/  /,244.33
005913,BOLSA DE PRAIA TOTE BAG MF3495 ROXO 3495,5,44.9,4.13,/  /,987.17
005914,BOLSA DE PRAIA TOTE BAG MF3495 LARANJA 3495,3,44.9,4.13,/  /,987.17
010314,BOLSA MOLECA 50007.1 GORGURÃO BOLSA CHOCOLATE,3,109.9,47.95,10/02/26,129.2
009145,BOLSA MOLECA 50007.1 GORGURÃO 95373 CAMEL 1165,7,109.9,47.95,10/02/26,129.2
008915,BOLSA MOLECA 50007.1 GORGURÃO 52531 NUDE/ GOR/,2,109.9,41.39,08/10/24,165.52
009065,BOLSA MOLECA 50007.1 GORGURÃO 15787- PRETO 01/,4,109.9,45.18,10/02/26,143.25
009147,BOLSA MOLECA 50048.3 NEO 99533B/MC,3,129.9,56.04,08/04/26,131.8
009149,BOLSA MOLECA 50048.3 NEO 98768B/MC,3,129.9,59.2,08/04/26,119.43
009150,BOLSA MOLECA 50048.3 NEO 98407B/MC,5,129.9,56.04,11/05/26,131.8
004154,BOLSA MOLEKINHA 20019.2 LUREX PRETO,1,109.9,48.61,29/01/26,126.09
010142,BOLSA MOLEKINHA 20070.1 CORDAO PINK,1,99.9,46.11,01/10/25,116.66
008923,BOLSA PRAIA TOTE BAG CLIO STYLE MF23072 LILAS,1,44.9,19.9,/  /,125.63
008922,BOLSA PRAIA TOTE BAG CLIO STYLE MF23072 VERMELHO,4,44.9,19.9,/  /,125.63
004797,BOLSA PRAIA TOTE BAG MF 3019 319 BABY ROSA,3,49.9,5.43,/  /,818.97
005920,BOLSA PRAIA TOTE BAG MF3492 VERDE AGUA 3492,4,44.9,4.13,/  /,987.17
005912,BOLSA  PRAIA TOTE BAG MF3545 ROSA CLARO 3545,20,44.9,13.04,/  /,244.33
005917,BOLSA PRAIA TOTE BAG  MF9178 ROSA LISTRAS 9178,1,44.9,4.13,/  /,987.17
009919,BOLSAS MOLECA 50063.1 PVC CHOCOLATE DOURADO,1,139.9,61.83,23/07/25,126.27
009920,BOLSAS MOLECA 50063.1 PVC PRETO DOURADO,3,139.9,61.83,23/07/25,126.27
007492,BOLSA TRANSVERSAL COCA COLA COCA COLA/VERDE,1,109.9,47.95,/  /,129.2
007345,BOLSA TRANSVERSAL COCA COLA COCA COLA /,1,119.9,50.65,30/01/24,136.72
007500,BOLSA TRANSVERSAL COCA COLA 0532 PRETO //,3,119.9,47.95,/  /,150.05
010387,BOLSA TRANSVERSAL MOLEKINHA ROSA TRADICIONAL,1,129.9,60.09,29/01/26,116.18
010388,BOLSA TRANSVERSAL MOLEKINHA ROSA BALLETE,1,129.9,60.09,29/01/26,116.18
010379,BONECA DOCE BRINQUEDO POLY ROSA POL,1,22.0,11.98,28/01/26,83.64
006744,BOTA COTURNO BEIRA RIO 9077.202 BNF PRETO 01,2,239.9,114.32,17/07/25,109.85
008337,BOTA COTURNO MOLEKINHA 2164.136 15745,1,189.9,82.4,18/07/25,130.46
007902,BOTA COTURNO VIA MARTE 004.001 MARTE 01 PRETO,1,229.9,103.99,18/07/25,121.08
008312,BOTA MODARE 7078.107 ITALIA NAPA 15745.MOD/PRETO,1,239.9,113.9,18/07/25,110.62
007904,BOTA MOLECA 5338.103 BERLIM ELA 1034 PRETO,1,229.9,105.72,18/07/25,117.46
009489,BOTA MOLECA 5349.101 NP GENEBRA CACAU 1249,1,219.9,96.85,18/07/25,127.05
008064,BOTA MOLEKINHA 2126.522 NP 15745 BTA  PRETO,2,139.9,62.45,18/07/25,124.02
009544,BOTA MOLEKINHA 2126.526 BERLIM 100196 AVELA 1248,3,119.9,53.04,18/07/25,126.06
010547,BOTA MOLEKINHA 2126.534 MILANO 15745 PRETO BB,6,139.9,65.63,24/04/26,113.16
008191,BOTA MOLEKINHA 2164.132 MAX GLIT 15787 BTM PRETO,1,199.9,93.61,18/07/25,113.55
008336,BOTA MOLEKINHA 2164.137 B/MX 15787 MG/PRETO,2,179.9,77.77,18/07/25,131.32
010548,BOTA MOLEKINHA 2164.142 15745 PRETO MIL,5,179.99,85.14,24/04/26,111.4
008030,BOTA MOLEKINHA 2179.201 STRECH 9560 PRETO,1,199.9,92.65,/  /,115.76
009547,BOTA MOLEKINHA 2183.200 BERLIM K 100196 BER AVELA,4,159.9,70.98,18/07/25,125.27
009548,BOTA MOLEKINHA 2183.2012 BERLIM 15745 BER/C PRETO,10,179.9,80.04,18/07/25,124.76
009549,BOTA MOLEKINHA 2183.202 BELIM 15745BER/PRETO,3,179.9,81.01,18/07/25,122.07
009545,BOTA MOLEKINHA 2184.103BER/MILA 15745 PRETO BOT,3,139.9,62.29,18/07/25,124.59
010546,BOTA MOLEKINHA 2184.105 BELIM 83802 PRETO/PRETO,7,139.99,65.63,24/04/26,113.3
009415,CADARÇO TENIS OLIVER BRANCO CADARÇO BRANCO,16,7.99,3.0,17/12/25,166.33
009413,CADARÇO TENIS OLIVER PRETO CADARÇO PRETO,7,7.99,3.5,18/02/25,128.29
009414,CALCANHEIRA OLIVER ANTI IMPACTO SILICONE ALTO,14,35.99,16.9,17/12/25,112.96
009408,CALCANHEIRA OLIVER ANTI IMPACTO SILICONE ANTI,8,27.99,12.9,18/02/25,116.98
009420,CALCANHEIRA OLIVER ANTI IMPACTO SILICONE AN,6,27.99,12.9,/  /,116.98
010343,CARDAÇO TENIS OLIVER CADARÇO CADARÇO,8,7.99,3.5,17/12/25,128.29
006134,CARRINHO MAISTO UND MAISTO SORTIDO,152,18.0,8.94,16/12/25,101.34
006092,CARRO HOT WHEELS SORTIDO UND SORTIDO HOTWHEELS,558,22.0,14.72,28/01/26,49.46
010370,CARROS HOTWHEELS SORTIDOS SORTIDO DUO,12,42.0,26.89,15/01/26,56.19
010228,CARTEIRA LA COURO 2004C2P 2004C2P CAFE,2,99.9,42.9,06/11/25,132.87
010229,CARTEIRA LA COURO 2004C2P 2004C2P PRETO,3,99.9,42.9,06/11/25,132.87
009221,CARTEIRA LA COURO 2005 CONFORT 2005 PRETO,1,109.9,47.5,/  /,131.37
009206,CARTEIRA LA COURO 2005 FÓSSIL 2005 HAVANA,2,109.9,47.5,26/10/24,131.37
010230,CARTEIRA LA COURO 2503 CONFORT 2503 CAFE,2,99.9,42.9,06/11/25,132.87
010231,CARTEIRA LA COURO 2503 CONFORT 2503 PRETO,3,99.9,42.9,06/11/25,132.87
010234,CARTEIRA LA COURO 3052 CONFORT 3052 PRETO,3,99.9,39.9,06/11/25,150.38
010232,CARTEIRA LA COURO 3052 FOSSIL 3052 CARAMELO,3,99.9,39.9,06/11/25,150.38
010233,CARTEIRA LA COURO 3052 FOSSIL 3052 CAFE,2,99.9,39.9,06/11/25,150.38
010235,CARTEIRA LA COURO 3061A CONFORT 3061A CAFE,3,119.9,55.9,06/11/25,114.49
010237,CARTEIRA LA COURO 3061A CONFORT 3061A PRETO,3,119.9,55.9,06/11/25,114.49
006016,CARTEIRA LA COURO 3061 CONFORT 3061 PRETO,1,109.9,49.0,/  /,124.29
009214,CARTEIRA LA COURO 3061 FÓSSIL 3061 WHISKY,1,109.9,49.5,/  /,122.02
009208,CARTEIRA LA COURO 3064Z FÓSSIL 3064Z HAVANA,2,109.9,49.5,26/10/24,122.02
009213,CARTEIRA LA COURO 3064Z FÓSSIL 3064Z WHISKY,1,109.9,49.5,/  /,122.02
010240,CARTEIRA LA COURO 3073 CONFORT 3073 CAFE CONF,1,119.9,55.9,06/11/25,114.49
010239,CARTEIRA LA COURO 3073 CONFORT 3073 PRETO,2,119.9,55.9,06/11/25,114.49
010238,CARTEIRA LA COURO 3073 FOSSIL 3073 CAFE,3,119.9,55.9,06/11/25,114.49
010241,CARTEIRA LA COURO 3074 FOSSIL 3074 CAFE,2,119.9,56.9,06/11/25,110.72
010254,CARTEIRA PEGADA 3726-42 ZIPER ANILINA SOFT,13,159.99,76.72,17/11/25,108.54
010255,CARTEIRA PEGADA 3728-03 ZIPER FLOTHER PRETO,11,159.99,66.82,17/11/25,139.43
004820,CHAVEIRO MOLECA 59000.2 CORRENTE 59000.2,5,26.9,17.12,/  /,57.13
010576,CHINELO BABY DEDO HAVAIANAS BLG CORAL/ROSA,11,49.99,20.99,08/05/26,138.16
010574,CHINELO BABY DEDO HAVAIANAS BLOG,3,49.99,20.99,08/05/26,138.16
010575,CHINELO BABY DEDO HAVAIANAS BLG AZUL NAVAL,6,49.99,20.99,08/05/26,138.16
010561,CHINELO BABY DEDO IPANEMA 27046 AL738 AZUL/BRANCO,17,34.99,14.77,05/05/26,136.9
010562,CHINELO BABY DEDO IPANEMA 27046 CB200 ROSA CLARO,20,34.99,14.77,05/05/26,136.9
010563,CHINELO BABY DEDO IPANEMA 27247 CC568 AZUL/MARROM,42,39.99,17.23,05/05/26,132.1
009460,CHINELO BOAONDA 1319.1000 LILLY 001PRETO/PRETO131,29,89.9,42.01,26/05/26,114.0
010612,CHINELO BOAONDA 1319.1000 LILY 018,8,89.9,42.01,26/05/26,114.0
010394,CHINELO BOAONDA 1319.1000 LILY 004,8,89.9,41.4,03/02/26,117.15
009078,CHINELO BOAONDA 1319 LILLY  250-002,17,99.9,46.58,03/02/26,114.47
009188,CHINELO BOAONDA 1319 LILLY 250-001,28,99.9,46.58,03/02/26,114.47
009052,CHINELO BOAONDA 1319 LILY / 002 - ACAI,1,79.9,35.23,/  /,126.8
010218,CHINELO BOAONDA 1319 LILY FLORAL 003 CALENA/FLORAL,5,99.9,46.58,03/02/26,114.47
010217,CHINELO BOAONDA 1319 LILY  002,2,99.9,42.01,03/11/25,137.8
001636,CHINELO BOAONDA LILY MASCULINO 1319 LIL,2,79.99,35.23,/  /,127.05
008448,CHINELO CARTAGO 10738 DAKAR A0575 DAK,19,42.99,19.17,08/05/24,124.26
006897,CHINELO CARTAGO 11729 MONTREAL AY674 PRETO/PRETO,1,52.99,30.25,19/04/24,75.17
008847,CHINELO CARTAGO 11840 ATLANTA AJ521C/ATL,44,44.99,19.69,18/05/26,128.49
008848,CHINELO CARTAGO 11840 ATLANTA AS401C/ATL,52,44.99,19.38,19/12/25,132.15
009843,CHINELO CARTAGO 11859 ALABAMA 1 BI911,58,69.99,29.53,05/05/26,137.01
009631,CHINELO CARTAGO 11859 ALABAMA 1 PRETO/CASTO,30,69.99,29.53,05/05/26,137.01
008689,CHINELO CARTAGO 11903 MAIORCA BC149 CINZA/PRETO,2,49.99,23.96,02/09/24,108.64
010273,CHINELO CARTAGO 12339 NAPOLES IV BS187 CINZA/AZUL,3,109.99,51.38,25/11/25,114.07
009790,CHINELO CARTAGO 12516 ASPEN BN921,35,59.99,29.69,17/06/25,102.05
009789,CHINELO CARTAGO 12516 ASPEN BN920,9,59.99,29.69,17/06/25,102.05
010532,CHINELO CARTAGO 12612 BELGRADO BW139 PRETO/PRETO,38,79.9,34.46,23/04/26,131.86
010531,CHINELO CARTAGO 12612 BELGRADO BW135,46,79.9,34.46,23/04/26,131.86
010355,CHINELO CARTAGO 12620 MALTA VII BW847,22,89.99,39.38,18/05/26,128.52
010446,CHINELO CARTAGO 12625 PALERMO BX804 PRETO/PRETO,137,52.99,24.61,23/04/26,115.32
010529,CHINELO CARTAGO 12640 DURBAN BY989,36,56.9,24.61,23/04/26,131.21
010528,CHINELO CARTAGO 12640 DURBAN BY985 PRETO/BEGE,23,56.99,24.61,23/04/26,131.57
010514,CHINELO CARTAGO 12643 MONTERREY BY991,18,46.9,19.69,11/05/26,138.19
010515,CHINELO CARTAGO 12643 MONTERREY BY992 PRETO/PRETO,15,46.9,19.69,23/04/26,138.19
008335,CHINELO COURO PEGADA 130641 641-02 ANILINA,6,149.9,67.42,16/08/25,122.34
008350,CHINELO COURO PEGADA 131221 221-01 ANILINA,1,129.9,62.01,25/06/25,109.48
008324,CHINELO COURO PEGADA 131663 663-03 ANILINA,34,179.99,86.28,19/06/26,108.61
008331,CHINELO COURO PEGADA 132232 232-01 ANILINA,5,149.9,66.78,16/08/25,124.47
008322,CHINELO COURO PEGADA 133155 155-02 ANILINA,1,179.9,81.51,26/06/25,120.71
009863,CHINELO COURO PEGADA 134501 03 PRETO,2,179.9,81.83,26/06/25,119.85
009681,CHINELO COURO PEGADA 134501 134501-02 CRAVO,5,179.9,76.04,12/05/25,136.59
009271,CHINELO COURO PEGADA 134501 134501-01 PINHAO,4,179.9,81.83,26/06/25,119.85
008362,CHINELO COURO PLUS SIZE PEGADA 641-04 ANILINA,1,229.9,89.7,/  /,156.3
008363,CHINELO COURO PLUS SIZE PEGADA 641-02 ANILINA,4,229.9,110.24,15/08/25,108.54
010332,CHINELO COURO PLUS SIZE PEGADA CRAVO,13,199.9,100.17,11/12/25,99.56
010333,CHINELO COURO PLUS SIZE PEGADA CRAVO 24L,18,169.99,81.51,11/12/25,108.55
010686,CHINELO CUSTOMIZADO HAVAIANAS PRETO PIERC,26,73.99,30.58,/  /,141.96
010668,CHINELO CUSTOMIZADO HAVAIANAS 0001 BRANCO,32,73.99,30.58,/  /,141.96
010667,CHINELO CUSTOMIZADO HAVAIANAS CUST ROSE GOLD,26,73.99,30.58,/  /,141.96
010669,CHINELO CUSTOMIZADO HAVAIANAS 36457  AMARELO,25,73.99,30.58,/  /,141.96
010670,CHINELO CUSTOMIZADO HAVAIANAS 2711 AZUL NAVAL,32,73.99,30.58,/  /,141.96
010672,CHINELO CUSTOMIZADO HAVAIANAS 9999 PRETO PIERC,32,73.99,30.58,/  /,141.96
010671,CHINELO CUSTOMIZADO HAVAIANAS 0727 CAFE PIERC,26,73.99,30.58,/  /,141.96
010582,CHINELO DEDO BEIRA RIO 8449.326 78313 AZUL,12,42.99,20.28,09/05/26,111.98
010581,CHINELO DEDO BEIRA RIO 8449.326 109885,11,42.99,20.28,09/05/26,111.98
007899,CHINELO DEDO BOAONDA 6720.1319 7342,2,89.9,42.01,/  /,114.0
006557,CHINELO DEDO CARTAGO 10954 21838 M,13,104.99,51.38,04/12/25,104.34
006633,CHINELO DEDO CARTAGO 11591 PARIS 21929 CP,6,64.9,32.3,07/12/23,100.93
009375,CHINELO DEDO CARTAGO 11729 BI162,14,52.99,25.68,26/11/25,106.35
009376,CHINELO DEDO CARTAGO 11729 BI163 PRETO/PRETO,9,52.99,25.68,26/11/25,106.35
009654,CHINELO DEDO CARTAGO 12158 BM371,6,74.99,35.96,19/12/25,108.54
010352,CHINELO DEDO CARTAGO 12158 BS786,18,79.99,34.46,05/05/26,132.12
009653,CHINELO DEDO CARTAGO 12158 BM370 BEGE/MARROM,63,79.99,34.46,05/05/26,132.12
009883,CHINELO DEDO CARTAGO 12308 BO974,5,84.99,41.97,11/05/26,102.5
009344,CHINELO DEDO CARTAGO 12390 BD152,4,94.99,45.72,01/12/25,107.76
009373,CHINELO DEDO CARTAGO 12397 BE705,1,54.99,26.36,08/04/25,108.61
009374,CHINELO DEDO CARTAGO 12397 BE706 CINZA/AZUL,7,55.99,27.94,08/04/25,100.39
009316,CHINELO DEDO CARTAGO 12432 AY837 PRETO/BEGE,38,42.99,20.98,17/06/25,104.91
009791,CHINELO DEDO CARTAGO 12432 AY832 MARROM/BEGE,67,42.99,19.79,17/06/25,117.23
009797,CHINELO DEDO CARTAGO 12525 FIJI BQ134 MARROM,6,99.9,51.38,12/09/25,94.43
010558,CHINELO DEDO CARTAGO 12632 BZ375 VERDE/BEGE,55,109.9,49.24,05/05/26,123.19
010559,CHINELO DEDO CARTAGO 12632 CB153 BEGE/MARROM,55,109.9,49.24,05/05/26,123.19
010713,CHINELO DEDO FEMININO HAVAIANAS 1069 PRETO/PRETO,24,79.99,36.72,24/06/26,117.84
010710,CHINELO DEDO FEMININO HAVAIANAS 4252 CAFE/FOGO,12,83.99,41.87,24/06/26,100.6
010716,CHINELO DEDO FEMININO HAVAIANAS 76 ROSA BALLET,12,76.99,36.63,24/06/26,110.18
010717,CHINELO DEDO FEMININO HAVAIANAS 154 AREIA,12,79.9,36.63,24/06/26,118.13
010708,CHINELO DEDO FEMININO HAVAIANAS 8342 BEGE/ROSA,12,54.99,26.17,24/06/26,110.13
009837,CHINELO DEDO HAVAIANAS BABY B. BUTTERCREAM,2,54.99,30.8,16/12/25,78.54
009836,CHINELO DEDO HAVAIANAS BABY AZUL/AZUL,10,54.99,23.99,08/05/26,129.22
010673,CHINELO DEDO HAVAIANAS BRASIL 1288 AMARELO POP,89,64.99,30.17,11/06/26,115.41
010367,CHINELO DEDO HAVAIANAS BRASIL MARINHO BR,58,64.99,27.99,28/05/26,132.19
008658,CHINELO DEDO HAVAIANAS DUAL VERDE,1,83.99,36.63,11/03/25,129.29
006399,CHINELO DEDO HAVAIANAS DUAL DUAL PRETO/CINZA,13,83.99,36.63,11/03/25,129.29
006395,CHINELO DEDO HAVAIANAS DUAL DUAL BRANCO CINZA,28,83.99,41.97,10/03/26,100.12
010037,CHINELO DEDO HAVAIANAS DUAL VERDE OLIVE/VERDE,22,83.99,43.03,09/04/26,95.19
010036,CHINELO DEDO HAVAIANAS DUAL MARINHO/ CINZA,59,83.99,43.91,25/03/26,91.28
008846,CHINELO DEDO HAVAIANAS ELEGANCE EL/LIS ROSA,3,32.99,15.7,01/12/25,110.13
006293,CHINELO DEDO HAVAIANAS ELEGANCE ELEGANCE LISO,14,32.99,14.81,01/12/25,122.75
009841,CHINELO DEDO HAVAIANAS FANTASIA FANT ROSA BALLET,16,34.99,15.99,08/05/26,118.82
009842,CHINELO DEDO HAVAIANAS FANTASIA FANT BEGE PALHA,30,34.99,15.99,08/05/26,118.82
006373,CHINELO DEDO HAVAIANAS FLAT LISO  FLAT LISO/PAU,2,27.99,12.65,15/07/25,121.26
007699,CHINELO DEDO HAVAIANAS H.KT H.KT/,1,59.9,32.58,21/05/24,83.86
009104,CHINELO DEDO HAVAIANAS H.STAR STAR-BRANCO/PRETO,7,79.99,40.27,14/04/25,98.63
009859,CHINELO DEDO HAVAIANAS KIDS ATH AZUL/AZUL,4,49.99,18.97,10/03/26,163.52
009870,CHINELO DEDO HAVAIANAS KIDS ATHL CINZA ACO,11,49.99,18.22,22/04/26,174.37
010620,CHINELO DEDO HAVAIANAS MARVEL II MARV MARINHO,36,74.99,25.51,28/05/26,193.96
006388,CHINELO DEDO HAVAIANAS POWER 2.0 POWER 2.0 PRETO,14,98.9,41.87,16/05/25,136.21
009905,CHINELO DEDO HAVAIANAS POWER 2.0 CINZA ACO/GRAFITE,15,98.9,43.44,26/11/25,127.67
009031,CHINELO DEDO HAVAIANAS POWER 2.0 POWER,17,98.9,41.87,11/03/25,136.21
010038,CHINELO DEDO HAVAIANAS POWER 2.0 PRETO/AZUL INDIGO,24,98.9,43.44,14/01/26,127.67
006387,CHINELO DEDO HAVAIANAS POWER 2.0 POWER 2.0,29,98.9,39.5,16/05/25,150.38
010709,CHINELO DEDO HAVAIANAS POWER 2.0 6803 PRETO,12,98.9,47.11,24/06/26,109.93
010638,CHINELO DEDO HAVAIANAS POWER 2.0 3140 VERDE SAO,12,98.9,47.11,02/06/26,109.93
010639,CHINELO DEDO HAVAIANAS POWER 2.0 3180 VERMELHO,12,98.9,47.11,02/06/26,109.93
010619,CHINELO DEDO HAVAIANAS SIMPSONS SIMP AZUL,30,79.99,23.55,28/05/26,239.66
009762,CHINELO DEDO HAVAIANAS SLIM SLIM/GLITTER,24,79.99,40.51,22/12/25,97.46
007664,CHINELO DEDO HAVAIANAS SLIM SLIM/GLITTER II,15,79.99,36.72,20/02/26,117.84
009952,CHINELO DEDO HAVAIANAS SLIM SLIM/GLITTER CAFE,16,79.99,36.72,07/04/26,117.84
008505,CHINELO DEDO HAVAIANAS SLIM LISO SLIM LISO VERDE,4,46.9,19.75,27/02/25,137.47
006298,CHINELO DEDO HAVAIANAS SLIM LISO SL PRETO,35,46.9,22.5,19/01/26,108.44
009686,CHINELO DEDO HAVAIANAS SLIM LISO ROSA CHIFFON SL,22,46.9,25.8,22/04/26,81.78
009751,CHINELO DEDO HAVAIANAS SLIM LISO WILD LIME,29,46.9,24.52,10/03/26,91.27
006286,CHINELO DEDO HAVAIANAS SLIM LISO SL AREIA/DOURADO,15,46.9,23.99,08/05/26,95.5
006287,CHINELO DEDO HAVAIANAS SLIM LISO SL BRANCO,38,46.9,23.99,08/05/26,95.5
006300,CHINELO DEDO HAVAIANAS SLIM LISO SL ROSA BALLET,26,46.9,24.52,10/03/26,91.27
008503,CHINELO DEDO HAVAIANAS SLIM LISO SLIM LISO PESSEGO,1,46.9,24.61,27/02/25,90.57
009684,CHINELO DEDO HAVAIANAS SLIM LISO LARANJA SUNSET,17,46.9,26.86,30/09/25,74.61
006306,CHINELO DEDO HAVAIANAS SLIM LISO SL ROSE GOLD,24,46.9,27.15,17/06/26,72.74
009750,CHINELO DEDO HAVAIANAS SLIM LISO SL LIS AZUL,4,46.9,28.16,21/11/25,66.55
006297,CHINELO DEDO HAVAIANAS SLIM LISO SL PINK FEVER,40,46.9,19.75,11/03/25,137.47
009685,CHINELO DEDO HAVAIANAS SLIM LISO ROSA GUM/ROSA GUM,35,46.9,22.5,19/01/26,108.44
008506,CHINELO DEDO HAVAIANAS SLIM LISO SLIM LISO LILAS,1,46.9,19.75,27/02/25,137.47
006285,CHINELO DEDO HAVAIANAS SLIM LISO SL AMARELO POP,2,46.9,19.75,17/04/24,137.47
009753,CHINELO DEDO HAVAIANAS SLIM ORG,23,59.99,28.16,09/04/26,113.03
006354,CHINELO DEDO HAVAIANAS SLIM PETS PETS/,3,54.99,26.17,01/12/25,110.13
009996,CHINELO DEDO HAVAIANAS SLIM PETS DOURADO/PRETO,8,59.99,27.26,09/04/26,120.07
009755,CHINELO DEDO HAVAIANAS SLIM PETS PETS ROSA CHIFFON,9,59.99,26.15,08/05/26,129.41
009758,CHINELO DEDO HAVAIANAS SLIM POINT CINZA ACO,8,79.99,45.17,12/05/26,77.09
009760,CHINELO DEDO HAVAIANAS SLIM POINT ROSA,9,79.99,45.17,12/05/26,77.09
009759,CHINELO DEDO HAVAIANAS SLIM POINT,17,79.99,45.17,12/05/26,77.09
010168,CHINELO DEDO HAVAIANAS SLIM AMARANTO/AMARELO,14,79.99,45.17,12/05/26,77.09
009757,CHINELO DEDO HAVAIANAS SLIM POINT ROSE,14,79.99,45.17,12/05/26,77.09
006367,CHINELO DEDO HAVAIANAS SLIM SQE BRANCO/BRANCO,52,49.99,26.17,24/06/26,91.02
009839,CHINELO DEDO HAVAIANAS SLIM SQU CAFE,53,49.99,25.99,17/06/26,92.34
010034,CHINELO DEDO HAVAIANAS SLIM SMOKE GREEN,47,49.99,25.99,17/06/26,92.34
006369,CHINELO DEDO HAVAIANAS SLIM SQUARE PRETO,31,49.99,27.55,17/06/26,81.45
010033,CHINELO DEDO HAVAIANAS SLIM CANYON CLAY N,22,49.99,28.16,28/05/26,77.52
010035,CHINELO DEDO HAVAIANAS SLIM AMARELO CAJA,7,79.99,36.63,15/01/26,118.37
009858,CHINELO DEDO HAVAIANAS SLIM TROP AZUL/AZUL,37,79.99,36.63,15/01/26,118.37
009349,CHINELO DEDO HAVAIANAS SLIM SLIM CORAL,2,72.99,34.56,29/01/25,111.2
009350,CHINELO DEDO HAVAIANAS SLIM SLIM TROPICAL,2,72.99,36.63,29/01/25,99.26
009060,CHINELO DEDO HAVAIANAS SQUARE BEGE PALHA / AZUL,7,79.99,36.63,02/12/25,118.37
009059,CHINELO DEDO HAVAIANAS SQUARE BEGE/VERDE,20,79.99,34.56,01/12/25,131.45
009840,CHINELO DEDO HAVAIANAS T/DISN T.DISN,5,74.99,39.32,10/03/26,90.72
009835,CHINELO DEDO HAVAIANAS TOP BASIC T/BASIC,36,56.99,26.65,09/04/26,113.85
009834,CHINELO DEDO HAVAIANAS TOP BASIC T/BASIC,36,56.99,26.65,09/04/26,113.85
009568,CHINELO DEDO HAVAIANAS TOP T/D CLASS,10,79.99,32.09,11/05/26,149.27
009951,CHINELO DEDO HAVAIANAS TOP PESSEGO/ROSA,10,69.99,34.4,08/01/26,103.46
009752,CHINELO DEDO HAVAIANAS TOP FASH AMARELO CAJA,11,69.99,34.4,08/01/26,103.46
010212,CHINELO DEDO HAVAIANAS TOP HEROIS,71,74.99,27.48,28/05/26,172.89
009683,CHINELO DEDO HAVAIANAS TOP LISO VERMELHO APACHE,20,39.99,18.99,17/06/26,110.58
006307,CHINELO DEDO HAVAIANAS TOP LISO TOP L AMARELO POP,31,39.99,18.99,17/06/26,110.58
008502,CHINELO DEDO HAVAIANAS TOP LISO TOP LISO CINZA,2,39.99,20.39,03/05/25,96.13
006310,CHINELO DEDO HAVAIANAS TOP LISO TOP L BRANCO,163,39.99,18.99,17/06/26,110.58
006309,CHINELO DEDO HAVAIANAS TOP LISO TOP L AZUL NAVAL,41,39.99,18.99,17/06/26,110.58
006308,CHINELO DEDO HAVAIANAS TOP LISO TOP L MARINHO,43,39.99,18.99,17/06/26,110.58
006322,CHINELO DEDO HAVAIANAS TOP LISO TOP L PRETO,128,39.99,18.99,17/06/26,110.58
009838,CHINELO DEDO HAVAIANAS TOP LOGO AZUL,21,65.99,29.99,09/04/26,120.04
010715,CHINELO DEDO HAVAIANAS TOP 3154 VERDE,24,39.99,20.94,24/06/26,90.97
006330,CHINELO DEDO HAVAIANAS HAV TRAD AZUL,80,29.99,14.81,03/06/25,102.5
007205,CHINELO DEDO IPANEMA 27065 AN879,6,34.99,14.91,/  /,134.67
009796,CHINELO DEDO IPANEMA 27311 BABY BP219 AZUL/AZUL,28,27.99,14.68,23/03/26,90.67
009385,CHINELO DEDO IPANEMA 27311 BABY BF676 AZUL/AZUL,1,27.99,11.73,15/08/25,138.62
009889,CHINELO DEDO IPANEMA 27323 BR269 AZUL/AZUL,1,36.99,18.36,16/07/25,101.47
009888,CHINELO DEDO IPANEMA 27323 BR266 AZUL/AZUL,22,34.99,17.98,19/09/25,94.61
009890,CHINELO DEDO IPANEMA 27412 SONIC BQ772 AZUL/AZUL,14,32.99,15.41,26/11/25,114.08
010347,CHINELO DEDO IPANEMA 27507 PLUMA BY309 BEGE/MARROM,25,44.99,20.54,17/12/25,119.04
010346,CHINELO DEDO IPANEMA 27507 PLUMA BX498 PRETO/PRETO,19,44.99,20.54,17/12/25,119.04
010345,CHINELO DEDO IPANEMA 27507 PLUMA BW111BEGE/BEGE/A,15,44.99,20.54,17/12/25,119.04
010711,CHINELO DEDO MASCULINO HAVAIANAS 1275 VERDE,12,54.99,26.17,24/06/26,110.13
010712,CHINELO DEDO MASCULINO HAVAIANAS 5671 CINZA,12,49.99,20.94,24/06/26,138.73
010714,CHINELO DEDO MASCULINO HAVAIANAS 90 PRETO,12,76.99,36.63,24/06/26,110.18
010681,CHINELO DEDO NUVEM RIDER 12646 CC384 AZUL/BRANCO,12,109.9,49.24,15/06/26,123.19
010682,CHINELO DEDO NUVEM RIDER 12646 CC386 PRETO/CINZA,10,109.9,49.24,15/06/26,123.19
009793,CHINELO DEDO OLYMPIKUS 54102318 CHOCO/CASTOR,17,149.9,68.9,17/06/25,117.56
009268,CHINELO DEDO OLYMPIKUS 54102318 54102318 CARAIVA,25,149.9,68.9,26/06/25,117.56
008405,CHINELO DEDO OLYMPIKUS 921 921 OLY,29,159.9,74.2,11/05/26,115.5
009567,CHINELO DEDO OLYMPIKUS 921 921 PRETO/BRANCO,1,159.9,74.2,27/03/25,115.5
006918,CHINELO DEDO OLYMPIKUS 921 921,19,159.9,70.0,30/04/25,128.43
006864,CHINELO DEDO RIDER 11579 STREET 20766 PRETO/PRETO,135,34.99,16.24,23/04/26,115.46
007040,CHINELO DEDO RIDER 11645 STREET 20766 B,7,29.99,14.84,17/06/25,102.09
010040,CHINELO DEDO RIDER 12439 FEEL BF336 PRETO/PRETO,6,29.99,14.38,26/11/25,108.55
010655,CHINELO DEDO UNISSEX HAVAIANAS 5559 AMARELO CAJA,12,79.99,36.64,02/06/26,118.31
010660,CHINELO FEMININO SLIM HAVAIANAS 121 BEGE PALHA,12,59.99,28.79,02/06/26,108.37
010653,CHINELO FEMININO SLIM HAVAIANAS 3276 MARINHO/ROSE,12,65.99,31.4,02/06/26,110.16
010654,CHINELO FEMININO SLIM HAVAIANAS 9256 BUTTERCREAM,12,69.99,34.02,02/06/26,105.73
009114,CHINELO HAVAIANAS 7909989870273 H.TOP S/,9,69.99,28.79,14/04/25,143.11
008684,CHINELO HAVAIANAS ALOHA HAV.ALO/PRETO/PRE,26,54.99,25.12,07/04/26,118.91
008683,CHINELO HAVAIANAS ALOHA HAV.ALO/BRANCO/BR,37,54.99,28.25,10/03/26,94.65
008682,CHINELO HAVAIANAS ALOHA HAV.ALO/MARINHO/M,25,54.99,28.18,21/11/25,95.14
006461,CHINELO HAVAIANAS BABY DISNEY AZUL WATER D,1,47.9,26.07,/  /,83.74
008662,CHINELO HAVAIANAS BABY DISNEY N.B.D ROSA,10,54.99,22.22,03/06/25,147.48
008663,CHINELO HAVAIANAS BABY DISNEY N.B.D AMARELO POP,7,54.99,22.22,04/04/25,147.48
006240,CHINELO HAVAIANAS BRASIL AZUL AZUL NAVAL HAV BR,42,64.99,27.99,28/05/26,132.19
006246,CHINELO HAVAIANAS BRASIL BRANCO BRANCO HAV BR,141,64.99,32.13,17/06/26,102.27
006248,CHINELO HAVAIANAS BRASIL PRETO PRETO HAV BR,63,64.99,27.99,28/05/26,132.19
009722,CHINELO HAVAIANAS CITY BASIC PRETO/PRETO/CINZA,5,69.99,29.99,22/04/26,133.38
009723,CHINELO HAVAIANAS CITY BASIC DOURADO/CAFE/DOUR,31,69.99,34.76,10/03/26,101.35
008661,CHINELO HAVAIANAS DISNEY STYLISH H.D BRANCO/AZUL,1,69.99,38.79,17/07/25,80.43
008660,CHINELO HAVAIANAS DISNEY STYLISH H.D BEGE PALHA /,2,69.99,32.09,23/05/25,118.11
008654,CHINELO HAVAIANAS ELEGANCE PRINT H. ELEGANCE CAFE,2,36.99,18.02,01/12/25,105.27
010105,CHINELO HAVAIANAS FANTASIA II ROSA CHIFFON,8,32.99,12.99,08/05/26,153.96
010106,CHINELO HAVAIANAS FANTASIA II PRETO FANTASIA,8,32.99,14.8,09/04/26,122.91
010107,CHINELO HAVAIANAS FANTASIA II SMOKE GREEN,20,32.99,12.99,08/05/26,153.96
010365,CHINELO HAVAIANAS H. BRASIL LOGO VERDE/AMARELO,7,69.99,32.97,30/05/26,112.28
008665,CHINELO HAVAIANAS H. BRASIL LOGO H. LOGO PRETO,14,69.99,32.97,08/01/26,112.28
008666,CHINELO HAVAIANAS H. BRASIL LOGO H. LOGO BRANCO,79,69.99,30.36,28/01/26,130.53
010169,CHINELO HAVAIANAS H. BRASIL LOGO BUTTERCREAM N,22,69.99,30.36,11/05/26,130.53
010366,CHINELO HAVAIANAS H. BRASIL LOGO ROSA CHIFFON,2,65.99,32.97,08/01/26,100.15
008664,CHINELO HAVAIANAS H. BRASIL LOGO H. LOGO AZUL,3,69.99,32.97,11/05/26,112.28
008517,CHINELO HAVAIANAS KIDS ATHLETIC HAV AT.,11,49.99,14.81,09/05/25,237.54
009928,CHINELO HAVAIANAS KIDS FLORES ROSA CONFETE,9,42.99,17.49,08/05/26,145.8
009927,CHINELO HAVAIANAS KIDS FLORES BEGE DOURADO,19,42.99,17.49,08/05/26,145.8
009013,CHINELO HAVAIANAS KIDS HEROIS K HER CINZA ACO,3,59.99,27.16,17/11/25,120.88
009012,CHINELO HAVAIANAS KIDS HEROIS K HER MARINHO,18,59.99,27.16,29/01/25,120.88
010339,CHINELO HAVAIANAS KIDS MINECRAFT 1077,8,69.99,39.12,09/04/26,78.91
010338,CHINELO HAVAIANAS KIDS TOP 0555 MARINHO,11,64.99,29.47,09/04/26,120.53
009940,CHINELO HAVAIANAS N.B.D.CLASSICS ROSA GLOW,7,54.99,23.99,08/05/26,129.22
008735,CHINELO HAVAIANAS PRICE TUBE PRICE-TUBE PINK,2,29.99,14.37,15/07/25,108.7
008733,CHINELO HAVAIANAS PRICE TUBE PRICE TUBE -PRETO,2,29.99,14.37,15/07/25,108.7
009995,CHINELO HAVAIANAS SIMPSONS 25/26 BRANCO/AZUL,60,79.99,23.55,22/06/26,239.66
010108,CHINELO HAVAIANAS SLIM ANIMALS ROSE GOLD ANIMALS,5,59.99,26.15,08/05/26,129.41
008653,CHINELO HAVAIANAS SLIM GLOSS H. GLOSS AMARANTO,2,54.99,26.17,01/12/25,110.13
008518,CHINELO HAVAIANAS SLIM ORGANIC HAV.SLIM,1,57.9,27.32,03/05/25,111.93
008615,CHINELO HAVAIANAS SLIM ORGANIC H.SLIM ROSA/ROSE,1,57.9,27.32,01/12/25,111.93
008743,"CHINELO HAVAIANAS TOP. ATHLETIC H,TOP NOVO",54,48.99,17.28,11/03/25,183.51
008745,CHINELO HAVAIANAS TOP. ATHLETIC HAV.TOP,34,48.99,17.28,11/03/25,183.51
008744,CHINELO HAVAIANAS TOP. ATHLETIC HAV.TOP.MARINHO/B,36,48.99,17.28,11/03/25,183.51
010417,CHINELO HAVAIANAS TOP ATHLETIC PRETO LARANJA,59,49.99,20.94,20/02/26,138.73
006078,CHINELO HAVAIANAS TOP BASIC T BASIC,46,51.99,23.55,02/12/25,120.76
006424,CHINELO HAVAIANAS TOP BASIC T BASIC,9,51.99,22.22,02/12/25,133.98
006421,CHINELO HAVAIANAS TOP BASIC T BASIC,15,51.99,26.21,02/12/25,98.36
010337,CHINELO HAVAIANAS TOP BRASIL 0198 BRANCO,12,54.99,26.77,16/12/25,105.42
010336,CHINELO HAVAIANAS TOP BRASIL 1069 PRETO/PRETO,3,54.99,25.98,16/12/25,111.66
006426,CHINELO HAVAIANAS TOP MAX T MAX CONF,12,69.9,28.79,11/05/26,142.79
006427,CHINELO HAVAIANAS TOP MAX T MAX CONF,4,69.9,28.79,12/05/25,142.79
010100,CHINELO HAVAIANAS TOP MAX BRANCO/AZUL MAX,53,79.99,32.99,22/04/26,142.47
006428,CHINELO HAVAIANAS TOP MAX T MAX CONF PRETO,41,79.99,36.01,11/05/26,122.13
009764,CHINELO HAVAIANAS TOP NARUTO NARUT NOVO,1,79.99,36.63,16/06/25,118.37
010245,CHINELO HAVAIANAS TOP NARUTO AREIA/AREIA,6,79.99,36.63,07/11/25,118.37
008193,CHINELO HAVAIANAS TOP NAUTICAL HAV.BEGE,1,67.9,32.15,16/04/24,111.2
006423,CHINELO HAVAIANAS TOP NAUTICAL T NAUTI,10,69.9,28.79,13/03/25,142.79
009044,CHINELO HAVAIANAS TOP SIMPSONS SIMPSONS AMARELO,4,64.99,31.25,01/12/25,107.97
009949,CHINELO HAVAIANAS TOP SUMMER PESSEGO VIBES,16,59.99,27.72,08/05/26,116.41
009950,CHINELO HAVAIANAS TOP SUMMER BUTTERCREAM,66,59.99,24.99,17/06/26,140.06
009761,CHINELO HAVAIANAS TOP SURFER SURF ZUL LAVANDA,18,69.99,30.36,25/06/25,130.53
009721,CHINELO HAVAIANAS TOP SURFER BRANCO/BRANCO,23,69.9,30.36,20/02/26,130.24
009005,CHINELO HAVAIANAS TOP TIMES I PALMEIRAS I,3,74.99,35.38,19/08/25,111.96
009004,CHINELO HAVAIANAS TOP TIMES I CORINTHIANS I,4,74.99,35.38,19/08/25,111.96
009103,CHINELO HAVAIANAS TOP TIMES I SAO PAULO I,7,74.99,27.16,11/03/25,176.1
009042,CHINELO HAVAIANAS TOP TIMES II SANTOS,15,74.99,37.21,17/06/26,101.53
010102,CHINELO HAVAIANAS TOP TIMES II SAO PAULO,13,74.99,37.21,17/06/26,101.53
009955,CHINELO HAVAIANAS TOP TIMES II CORINTHIANS,15,74.99,37.21,17/06/26,101.53
009954,CHINELO HAVAIANAS TOP TIMES II PALMEIRAS VERDE,19,74.99,37.21,17/06/26,101.53
009620,CHINELO HAVAIANAS TOP TIRAS ROSA BALLET/TIRAS,68,39.99,18.99,17/06/26,110.58
009695,CHINELO HAVAIANAS TOP TIRAS TIRAS CAFE,65,39.99,18.99,17/06/26,110.58
009718,CHINELO HAVAIANAS TOP TIRAS ROSE GOLD TIRAS,54,39.99,18.99,17/06/26,110.58
009724,CHINELO HAVAIANAS TOP WARNER BRANCO/AZUL,11,64.99,26.17,21/06/25,148.34
008737,CHINELO HAVAIANAS TRACK WAVES WAVES-CINZA GELO,10,59.99,23.55,21/03/26,154.73
008656,CHINELO HAVAIANAS TRACK WAVES T/WAVES BRANCO,3,59.99,23.55,21/03/26,154.73
009459,CHINELO HAVAIANAS TRACK WAVES VERDE OLIV,1,59.99,23.55,21/03/26,154.73
006341,CHINELO HAVAIANAS TRADICIONAL HAV TRAD ROSA,59,29.99,14.81,11/03/25,102.5
006331,CHINELO HAVAIANAS TRADICIONAL HAV TRAD PRETO,95,29.99,14.81,23/05/25,102.5
009885,CHINELO HAVAIANAS WARNER CLAS WARN BEGE PALHA,5,69.99,31.4,16/07/25,122.9
002331,CHINELO HAVAINAS FLAT DUO LISO FLAT DUO,1,33.9,17.51,/  /,93.6
010604,CHINELO INFANTIL DEDO CARTAGO BU280,74,54.99,24.61,18/05/26,123.45
010652,CHINELO INFANTIL DEDO HAVAIANAS 2703 VERDE PATRIA,24,39.99,18.32,02/06/26,118.29
010651,CHINELO INFANTIL DEDO HAVAIANAS 0555 MARINHO K,24,39.99,18.32,02/06/26,118.29
010640,CHINELO INFANTIL DEDO HAVAIANAS 348,24,49.99,23.54,02/06/26,112.36
010642,CHINELO INFANTIL DEDO HAVAIANAS 3504 AZUL,24,49.99,23.54,02/06/26,112.36
010641,CHINELO INFANTIL DEDO HAVAIANAS 1440 VERMELHO,24,49.99,23.54,02/06/26,112.36
010637,CHINELO INFANTIL DEDO HAVAIANAS 3138 AZUL MACEIO,24,42.99,18.32,02/06/26,134.66
010707,CHINELO INFANTIL DEDO HAVAIANAS 3190 MANGA ROSA,24,42.99,18.32,24/06/26,134.66
010656,CHINELO INFANTIL DEDO HAVAIANAS 3498 CINZA GELO,24,59.99,24.84,02/06/26,141.51
010657,CHINELO INFANTIL DEDO HAVAIANAS 3504 AZUL,24,59.99,24.84,02/06/26,141.51
010560,CHINELO INFANTIL DEDO IPANEMA CB124 PRETO/PRETO,53,24.99,9.85,05/05/26,153.71
009784,CHINELO IPANEMA 25431 BABY BJ435 AZUL ESCURO,10,24.99,13.11,17/06/25,90.62
008706,CHINELO IPANEMA 25431 BABY AX725 ROSA/ROSA/C,2,24.99,11.98,01/12/25,108.6
008707,CHINELO IPANEMA 25431 BABY BE697,6,24.99,11.98,28/06/24,108.6
009485,CHINELO IPANEMA 26121 ANATOMICA BL414 ROSA/GLITTE,2,34.99,16.42,28/02/25,113.09
010051,CHINELO IPANEMA 26790 TURMA BR672 ROSA MEDIO,4,24.99,12.84,26/11/25,94.63
007197,CHINELO IPANEMA 26791 TURMA AT993,4,24.99,11.73,/  /,113.04
008853,CHINELO IPANEMA 26791 TURM BB032I/TMON,8,25.99,11.98,13/07/24,116.94
008854,CHINELO IPANEMA 26791 TURM BB036I/TMON,10,25.99,11.98,13/07/24,116.94
006866,CHINELO IPANEMA 26791 TURM AX417 AZUL/AZUL,7,25.99,12.42,30/11/23,109.26
007013,CHINELO IPANEMA 27065 DISNEY AV540 ROSA/ROSA/B,5,34.99,14.91,09/01/24,134.67
008855,CHINELO IPANEMA 27065 DISNEY BC951I/DISN,6,35.99,16.77,13/07/24,114.61
008712,CHINELO IPANEMA 27071 GALINHA BD775 AZUL/AZUL/C,15,24.99,11.98,02/07/24,108.6
010521,CHINELO IPANEMA 27114 DECK CITY CB460 AZUL/PRETO,58,29.99,13.78,23/04/26,117.63
009487,CHINELO IPANEMA 27182 GLITTER AW986 ROSA/ROSA,4,29.99,14.08,17/11/25,113.0
008716,CHINELO IPANEMA 27182 GLITTER BE467,1,29.99,14.37,17/11/25,108.7
008808,CHINELO IPANEMA 27192 M/BITA BF453BITA,18,29.99,14.37,08/07/24,108.7
008807,CHINELO IPANEMA 27192 M/BITA BF451BITA,15,29.99,14.37,08/07/24,108.7
009578,CHINELO IPANEMA 27230 DIVERSA BJ760,2,22.99,9.38,01/12/25,145.1
010052,CHINELO IPANEMA 27248 BELLE BABY BEGE/BEGE,6,39.99,19.69,23/04/26,103.1
010522,CHINELO IPANEMA 27273 GARDEN BX858 ROSA/GLITTE,46,36.99,17.23,23/04/26,114.68
009658,CHINELO IPANEMA 27277 SPORTY BH181 PRETO/CINZA,3,29.99,14.37,26/04/25,108.7
008720,CHINELO IPANEMA 27296 PATRULHA BE822 AZUL/AZUL,3,29.99,14.37,02/07/24,108.7
009957,CHINELO IPANEMA 27296 PATRULHA AZUL/AZUL,25,29.99,15.41,19/09/25,94.61
009958,CHINELO IPANEMA 27296 PATRULHA ROSA/ROSA,6,29.99,15.73,21/08/25,90.65
008719,CHINELO IPANEMA 27296 PATRULHA BE803 ROSA/ROSA,1,29.99,14.37,02/07/24,108.7
010523,CHINELO IPANEMA 27318 HOT WHEELS BR204,47,29.99,13.78,23/04/26,117.63
010524,CHINELO IPANEMA 27383 DAY BQ428 BEGE/BEGE,35,24.99,9.85,23/04/26,153.71
010530,CHINELO IPANEMA 27388 HYPE CB863 PRETO/PRETO,5,32.99,14.77,23/04/26,123.36
010292,CHINELO IPANEMA 27398 GLOW BU033 OFF WHITE,6,26.99,12.84,26/11/25,110.2
010054,CHINELO IPANEMA 27398 GLOW PRETO GLOW,1,26.99,12.84,26/11/25,110.2
010063,CHINELO IPANEMA 27435 HELLO KITT ROSA/GLITTER,8,39.99,20.54,19/09/25,94.69
010064,CHINELO IPANEMA 27438 ANATOMICA LILAS/LILAS,3,34.99,17.98,19/12/25,94.61
010065,CHINELO IPANEMA 27438 ANATOMICA VERDE/VERDE,7,34.99,17.98,19/12/25,94.61
010525,CHINELO IPANEMA 27511 CAPIVARA BX628 AZUL/ROSA,15,42.99,19.69,23/04/26,118.33
010297,CHINELO IPANEMA 27513 SPIDEY BW997 AZUL/AZUL,20,39.99,20.54,26/11/25,94.69
010526,CHINELO IPANEMA 27539 HELLO KITT BZ164 AZUL/ROSA,54,32.99,14.77,23/04/26,123.36
010447,CHINELO IPANEMA 27543 HELLO KITT BZ133 AZUL/ROSA,34,32.99,14.77,23/04/26,123.36
003607,CHINELO IPANEMA JURASSIC WORLD CHINELO,13,29.9,20.29,/  /,47.36
010061,CHINELO IPANEMA KIDS 27433 BS313 ROSA/ROSA T,4,24.99,12.84,25/11/25,94.63
010351,CHINELO KIDS CARTAGO 10808 DAKAR BW108 CINZA/PRETO,40,49.99,22.14,18/05/26,125.79
010356,CHINELO KIDS CARTAGO 11841 BQ790 CINZA/BASAL,18,39.99,19.53,19/12/25,104.76
010104,CHINELO KIDS HAVAIANAS K/TOP MARVEL/AZUL,6,59.99,30.37,08/05/26,97.53
009763,CHINELO KIDS HAVAIANAS K/TOP MARV,6,59.99,30.92,22/04/26,94.02
010103,CHINELO KIDS HAVAIANAS TOP 0031 AZUL KIDS,10,59.99,29.99,10/03/26,100.03
010289,CHINELO KIDS IPANEMA 26790 TURMA BR675 AZUL/PRETO,15,24.99,12.84,26/11/25,94.63
010290,CHINELO KIDS IPANEMA 27012 BU049 VERDE/VERDE,2,19.99,10.27,26/11/25,94.64
010275,CHINELO KIDS IPANEMA 27324 BT998,23,32.99,15.41,25/11/25,114.08
009749,CHINELO KIDS SLIM HAVAIANAS STITCH,11,69.99,31.48,08/05/26,122.33
009869,CHINELO KIDS SLIM HAVAIANAS PRINC ROSA/ROSA,18,59.99,28.99,11/05/26,106.93
009860,CHINELO KIDS SLIM HAVAIANAS PINC BEGE,15,59.99,28.99,22/04/26,106.93
009756,CHINELO KIDS SLIM HAVAIANAS PRINC AZUL/AZUL,14,59.99,28.99,22/04/26,106.93
010650,CHINELO KIDS SLIM HAVAIANAS 8442 ROXO/ROXO,24,59.99,28.79,02/06/26,108.37
010649,CHINELO KIDS SLIM HAVAIANAS 3173 LARANJA,24,59.99,28.79,02/06/26,108.37
004855,CHINELO KLIN ACQUA PRINT 442101 442101 C,2,54.99,24.96,/  /,120.31
010658,CHINELO MASCULINO DEDO HAVAIANAS 0121 BEGE PALHA,12,79.99,39.25,02/06/26,103.8
010659,CHINELO MASCULINO DEDO HAVAIANAS 6516 BEGE/BEGE,12,75.99,36.63,02/06/26,107.45
010479,CHINELO MODARE 7162.333 NATURE 15745 PRETO A,17,99.9,49.7,11/06/26,101.01
010478,CHINELO MODARE 7162.333 NATURE 108352 ALECRIM,17,99.9,49.7,11/06/26,101.01
004186,CHINELO OLYMPIKUS HYDRA HYDRA OL,4,89.9,40.0,/  /,124.75
010517,CHINELO RASTEIRA GRENDHA 19290 CA855 OFF WHITE,5,44.99,19.69,23/04/26,128.49
010516,CHINELO RASTEIRA GRENDHA 19290 CA854 MARROM URSO,22,44.99,19.69,23/04/26,128.49
010518,CHINELO RASTEIRA GRENDHA 19290 CA857 PRETO/MARRO,40,44.9,19.69,23/04/26,128.03
010533,CHINELO RASTEIRA GRENDHA 19378 BY819 OFF WHITE,10,54.99,24.61,23/04/26,123.45
010534,CHINELO RASTEIRA GRENDHA 19378 BY824,3,54.99,24.61,23/04/26,123.45
010512,CHINELO RASTEIRA SLIDE VIZZANO 17606 PRETO/OURO,9,119.99,54.28,17/04/26,121.06
007048,CHINELO RIDER 11573 STREET AD AE960 AD,41,37.99,17.23,23/04/26,120.49
009785,CHINELO RIDER 11573 STREET AD AE963 PRETO/CINZA,14,37.99,16.95,26/11/25,124.13
006105,CHINELO RIDER 11592 SLIDE STREET AR411 PRETO/PRETO,14,44.9,19.38,26/11/25,131.68
010006,CHINELO RIDER 11645 STREET BABY ROSA RIDER,5,29.99,15.41,19/12/25,94.61
010042,CHINELO RIDER 12573 PULSE BS508,4,49.99,25.68,19/09/25,94.67
001558,CHINELO RIDER KIDS STREET OLE PRETO/PR,1,22.99,12.28,/  /,87.21
010166,CHINELO SLIDE ACTVITTA 4856.100 105658 ROSA S,3,79.9,38.5,10/10/25,107.53
009913,CHINELO SLIDE ACTVITTA 4942.100 PRETO 01,9,89.9,42.61,01/04/26,110.98
009914,CHINELO SLIDE ACTVITTA 4942.100 BRANCO,19,89.9,42.61,01/04/26,110.98
010265,CHINELO SLIDE BEIRA RIO 8360.303 PRETO GRECIA,7,74.99,34.79,19/11/25,115.55
009564,CHINELO SLIDE BEIRA RIO 8360.303 15745 PRETO NP/T,3,64.99,25.77,27/03/25,152.19
009565,CHINELO SLIDE BEIRA RIO 8360.303 15745 PRETO/CREME,4,64.99,29.61,19/11/25,119.49
009566,CHINELO SLIDE BEIRA RIO 8360.353 75365 PRETO,1,69.9,31.74,27/03/25,120.23
010513,CHINELO SLIDE CARTAGO 12626 BY804,30,72.99,34.46,23/04/26,111.81
008361,CHINELO SLIDE COURO PLUS SIZE 642-02 SIZ,11,229.9,110.24,25/06/25,108.54
010721,CHINELO SLIDE FEMININO ACTVITTA 15745 PRETO SLL,24,89.9,47.01,24/06/26,91.24
010722,CHINELO SLIDE FEMININO ACTVITTA 62016 VERDE AGUA,12,89.9,47.01,24/06/26,91.24
010720,CHINELO SLIDE FEMININO ACTVITTA 110395 BLUSH/ROSA,24,89.9,47.01,24/06/26,91.24
010293,CHINELO SLIDE IPANEMA 27400 GLOW BR775 PRETO/PRETO,5,32.99,15.41,26/11/25,114.08
010294,CHINELO SLIDE IPANEMA 27400 GLOW BR777 BEGE/,2,32.99,15.41,26/11/25,114.08
010718,CHINELO SLIDE MASCULINO ACTVITTA 15745 PRETO SL,24,99.9,52.01,24/06/26,92.08
010719,CHINELO SLIDE MASCULINO ACTVITTA 108112 CINZA,24,99.9,52.01,24/06/26,92.08
010177,CHINELO SLIDE MOLEKINHA 2338.100 78276 ROSA 942 N,3,59.99,28.97,20/03/26,107.08
010178,CHINELO SLIDE MOLEKINHA 2338.300 104903 PINK LILAS,1,69.9,33.18,16/10/25,110.67
010086,CHINELO SLIDE MOLEKINHA 2341.134 15745 PRETO 01 N,1,99.9,46.41,25/09/25,115.26
010171,CHINELO SLIDE MOLEKINHO 2417.100 MARINHO EVA,8,59.9,28.23,13/10/25,112.19
010170,CHINELO SLIDE MOLEKINHO 2417.100 PRETO EVA,103,59.9,28.6,15/06/26,109.44
010371,CHINELO SLIDE MOLEKINHO 2417.303 24373,7,69.9,34.05,20/01/26,105.29
009991,CHINELO SLIDE NUVEM MARROM,1,89.9,39.22,02/09/25,129.22
010473,CHINELO SLIDE NUVEM MOLEKINHA 83517 CREME EV,7,79.9,38.5,20/03/26,107.53
010474,CHINELO SLIDE NUVEM MOLEKINHA 15745 PRETO EV,5,79.9,38.5,20/03/26,107.53
010630,CHINELO SLIDE NUVEM ZAXY 19419 CB548 MARROM URSO,24,99.9,44.31,29/05/26,125.46
010629,CHINELO SLIDE NUVEM ZAXY 19419 CB547 OFF WHITE,24,99.99,44.31,29/05/26,125.66
010628,CHINELO SLIDE NUVEM ZAXY 19419 CB546 PRETO,23,99.99,44.31,29/05/26,125.66
010192,CHINELO SLIDE OLYMPIKUS MILITAR/VERDE/MUS,1,169.9,79.5,29/10/25,113.71
009501,CHINELO SLIDE OLYMPIKUS BRANCO PRETO MELB,7,169.9,79.5,29/10/25,113.71
009862,CHINELO SLIDE OLYMPIKUS PRETO/PRETO MELB,4,169.9,79.5,29/10/25,113.71
006924,CHINELO SLIDE PEGADA 131283 283-03 ANALINA,2,149.9,71.55,25/06/25,109.5
008313,CHINELO SLIDE PEGADA 131661 03 SL ANILINA,5,159.9,77.06,25/06/25,107.5
010527,CHINELO SLIDE RIDER 11592 STEET AR411 PRETO/PRETO,12,44.9,22.14,23/04/26,102.8
009788,CHINELO SLIDE RIDER 12491 FEEL BL084 PRETO/PRETO,35,49.99,20.54,19/12/25,143.38
009894,CHINELO SLIDE RIDER 12529 R SOFT BR935,1,136.99,68.19,16/07/25,100.89
009720,CHINELO SLIDE UNDER ARMOUR WHITE/BLACK/BLACK,4,166.99,79.5,05/06/25,110.05
006871,CHINELO SLIDE UNDER ARMOUR 100UA,1,166.99,79.5,13/06/24,110.05
006872,CHINELO SLIDE UNDER ARMOUR 001CORE,29,149.9,63.6,15/12/25,135.69
006873,CHINELO SLIDE UNDER ARMOUR 100CORE,23,149.9,63.6,15/12/25,135.69
009693,CHINELO SLIDE UNDER ARMOUR PURPLE/PURPLE/NEB,3,155.99,74.2,27/05/25,110.23
010004,CHINELO SLIDE UNDER ARMOUR MYDNAVY,10,137.99,68.9,10/09/25,100.28
010003,CHINELO SLIDE UNDER ARMOUR BLACK/BLACK/WHITE,5,137.99,68.9,10/09/25,100.28
009871,CHINELO SLIM HAVAIANAS ELEGANCE ROSE GOLD,14,42.99,20.51,16/12/25,109.61
009726,CHINELO SLIM HAVAIANAS ELEGANCE BLOSSOM,22,42.99,16.99,22/04/26,153.03
010571,CHINELO SLIM HAVAIANAS GLITTER ED BEGE PALHA,48,79.99,31.4,08/05/26,154.75
010572,CHINELO SLIM HAVAIANAS GLITTER ED CINZA GELO,36,79.99,31.4,08/05/26,154.75
010573,CHINELO SLIM HAVAIANAS GLITTER ED VERDE OLIVE,34,79.99,31.4,30/05/26,154.75
009861,CHINELO SLIM HAVAIANAS PALETTE PALET BLOSSOM,45,72.99,38.16,10/03/26,91.27
009941,CHINELO SLIM HAVAIANAS PALETTE AMARANTO,29,72.99,38.16,10/03/26,91.27
009725,CHINELO SLIM HAVAIANAS SQUARE AZUL BRILHANTE,6,59.99,30.02,18/09/25,99.83
010032,CHINELO SLIM HAVAIANAS SQUARE FERRUGEM,21,59.99,31.79,12/05/26,88.71
009886,CHINELO SLIM HAVAIANAS SUMMER BUTTERCREAM,1,66.99,31.57,08/01/26,112.2
010416,CHINELO SLIM HAVAIANAS SUMMER AZUL BRILHANTE,31,66.99,30.36,10/02/26,120.65
010567,CHINELO SQUARE HAVAIANAS GLITTER CONT NOVO GRAFITE,33,79.99,31.4,30/05/26,154.75
010569,CHINELO SQUARE HAVAIANAS JELLY JEL BLOSSOM,36,74.99,27.48,08/05/26,172.89
010570,CHINELO SQUARE HAVAIANAS JELLY  JEL BUTTERCREAM,35,74.99,27.48,08/05/26,172.89
010568,CHINELO SQUARE HAVAIANAS JELLY JEL AZUL LAVANDA,36,74.9,27.48,08/05/26,172.56
006237,CHINELO WORLDCOLORS 167.004 430 W BIRK JEANS,1,99.9,46.54,08/07/25,114.65
004486,GALOCHAS BARBIE AP933 ROSA/LILAS AP933 GA,8,109.9,54.67,/  /,101.02
001038,GELELE SLIME BALDE 457 G ROXO 3495,22,26.99,11.82,05/02/26,128.34
001640,IPANEMA BABY AZUL/VERMELHO 25431 IP,2,24.99,12.28,/  /,103.5
004963,JOELHEIRA BABY MENINO PUKET CB: 7004 JOE,1,20.9,9.98,/  /,109.42
008575,JOELHEIRA PUKET CB:390.7004,1,20.9,8.64,/  /,141.9
008572,JOELHEIRA PUKET CB:390/7004,2,20.9,9.02,/  /,131.71
006601,KIT MEIA CANO CURTO ACTVITTA KM BRANCO,24,36.99,15.78,14/05/26,134.41
006599,KIT MEIA CANO CURTO ACTVITTA KM PRETO,27,36.99,15.78,14/05/26,134.41
009699,KIT MEIA CANO CURTO PUKET BRANCA/CINZA/PRET,2,37.9,16.51,02/06/25,129.56
010372,KIT MEIA CANO EX LONGO ACTVITTA 103927,8,47.99,23.38,11/05/26,105.26
010593,KIT MEIA CANO EX LONGO ACTVITTA 8414,35,49.9,22.95,14/05/26,117.43
006617,KIT MEIA CANO MEDIO ACTVITTA CM BRANCO,40,36.9,16.84,19/11/25,119.12
006616,KIT MEIA CANO MEDIO ACTVITTA CM PRETO,29,36.9,16.77,14/05/26,120.04
006610,KIT MEIA INVISIVEL ACTVITTA IN BRANCO,36,36.99,15.78,14/05/26,134.41
008640,KIT MEIA INVISIVEL ACTVITTA ACT/BRANCO/BRANCO,11,36.99,14.95,20/01/26,147.42
006613,KIT MEIA INVISIVEL ACTVITTA IN PRETO,17,36.99,15.85,20/01/26,133.38
006618,KIT MEIA SAPATILHA ACTVITTA MS BRANCO,3,36.9,14.59,14/11/24,152.91
006619,KIT MEIA SAPATILHA ACTVITTA AE832 PRETO,40,36.9,15.55,14/05/26,137.3
010373,KIT MEIA SAPATILHA IMVISIVEL 22766 M BRANCO,26,36.9,15.55,14/05/26,137.3
010594,KIT MEIA SAPATILHA IMVISIVEL 510,48,36.9,15.55,14/05/26,137.3
010298,LAÇO PRESENTE GRANDE 45X3 SORTIDOS,45,2.5,0.0,/  /,0.0
010270,LAÇO PRESENTE PEQUENO 35X2 LAÇO SORTIDO,78,1.5,0.0,/  /,0.0
008122,LELEBA GEL MAGICO 265G GELELE G/ROSA/VIOLETA/LA,1,57.9,28.87,05/02/26,100.55
008123,LELEBA GEL MAGICO GELELE FUNDO G/AZUL/RED/AMAREL,4,57.9,28.87,05/02/26,100.55
010340,MAISTO BRINDE,1,0.0,0.0,16/12/25,0.0
010153,MASSINHA CLAYEEZ ANIMAIS SORTIDOS ANIMAIS,31,12.99,4.64,03/10/25,179.96
010152,MASSINHA CLAYEEZ ANIMAIS SORTIDO ANIMAIS,46,12.99,4.64,03/10/25,179.96
009677,MASSINHA CLAYEEZ FOFO BICHO 12G DIVER FOFO BICHO,58,16.99,6.97,09/05/25,143.76
009676,MASSINHA CLAYEEZ FOFO DINO 12G SORT DINO,56,16.99,6.97,09/05/25,143.76
009678,MASSINHA CLAYEEZ FOFO MOVEL 12G SORT FOFO MOVEL,45,16.99,6.97,09/05/25,143.76
010150,MASSINHA CLAYEEZ KIT SEU DINO SORTIDO DINO,36,28.99,12.99,03/10/25,123.17
010151,MASSINHA CLAYEEZ KIT SEU DOCINHO SORTIDO DOCINHO,25,28.99,12.99,03/10/25,123.17
009680,MASSINHA CLAYEEZ KIT SEU PET 38G SORT SEU PET,3,28.99,12.99,09/05/25,123.17
009679,MASSINHA CLAYEEZ KT SEU MONSTRO SOT MAXIMUS,25,28.99,12.99,09/05/25,123.17
010154,MASSINHA CLAYEEZ REFIL 8G SORTIDAS REFIL,58,3.0,1.53,03/10/25,96.08
008118,MASSINHA STIICA E PULA DINO CORES,58,16.99,7.53,09/05/25,125.63
008119,MASSINHA STIICA E PULA UNICORNIO ROSA/AZUL/BRANCO/,82,16.99,7.53,09/05/25,125.63
009675,MASSINHA STIICA E PULA UNO 20G SORT UNO,37,16.99,7.75,09/05/25,119.23
009709,MEIA 3/4 DESENHADA PUKET LISTRAS,1,34.99,16.62,02/06/25,110.53
009705,MEIA 3/4 LISA PUKET CB7244 CINZA,3,33.9,16.12,02/06/25,110.3
008583,MEIA 3/4 PUKET CB: CB:199/8240,2,25.9,11.63,/  /,122.7
008629,MEIA CALÇA PUKET 010202345-426 CB:2401-426,2,28.9,13.81,/  /,109.27
010183,MEIA CANO CURTO ACTVITTA 4998.2 CC,5,36.9,16.84,24/10/25,119.12
007849,MEIA CANO CURTO MODARE M375C/ CURTO,34,49.9,19.12,25/03/24,160.98
006969,MEIA CANO CURTO OLYMPIKUS OIMSA OIMSA CURTO,2,39.99,18.17,28/06/24,120.09
006970,MEIA CANO CURTO OLYMPIKUS OIMSA OIMSA CURTO PRETO,3,39.99,18.17,28/06/24,120.09
010487,MEIA CANO CURTO PUKET CB8201 100 BRANCO,24,36.9,23.37,01/04/26,57.89
010488,MEIA CANO CURTO PUKET CB8264 100 BRANCO 8264,23,36.9,16.41,01/04/26,124.86
008608,MEIA CANO MEDIO KLIN 3 PARES 005.PRETO/BRANCO/,1,27.9,13.29,/  /,109.93
010415,MEIA CANO MEDIO MOLEKINHA 2799.1 86680,30,34.99,14.6,10/02/26,139.66
010414,MEIA CANO MEDIO MOLEKINHA 2799.1 8414 BRANCO LISO,25,32.99,14.6,10/02/26,125.96
006971,MEIA CANO MEDIO OLYMPIKUS OIMSA OIMSA MEDIO,5,44.99,20.45,28/06/24,120.0
008577,MEIA CHINELINHO PUKET CB:390.8256,4,27.9,12.27,/  /,127.38
010185,MEIA INVISIVEL ACTVITTA 4998.1 PRE/BRANCO/CIN,1,36.9,16.44,24/10/25,124.45
009689,MEIA INVISIVEL ATOALHADO PRETO/BRANCO/CINZ,9,36.9,17.61,26/05/25,109.54
010184,MEIA INVISIVEL ATOALHADO INV BRANCO,12,36.9,17.83,24/10/25,106.95
007855,MEIA INVISÍVEL MODARE M0373I/C BRANCA,22,49.9,19.12,/  /,160.98
007853,MEIA INVISÍVEL MODARE M0373I/ PRETA,13,49.9,19.12,/  /,160.98
009437,MEIA INVISIVEL MOLEKINHA BABY F BRANCO/B/PRETO,5,32.9,15.05,25/08/25,118.6
006974,MEIA INVISIVEL OLYMPIKUS OIMSA OIMSA INV PRETO,1,37.9,15.9,28/06/24,138.36
006973,MEIA INVISIVEL OLYMPIKUS OIMSA OIMSA INV BRANCA,2,37.9,15.9,28/06/24,138.36
003561,MEIA INVISÍVEL PUKET 2981 MEI,1,29.99,14.56,02/06/25,105.98
008603,MEIA INVISIVEL PUKET CB:7211-199,1,29.99,13.36,/  /,124.48
008623,MEIA PILATES PUKET CB:8528,43,26.9,13.6,12/06/24,97.79
008693,MEIA PILATES PUKET CB:8528,29,32.9,15.73,02/06/25,109.15
001275,MEIA PUKET BABY KIT COM 3 SQE BRANCO/BRANCO,1,37.9,12.75,/  /,197.25
008641,MEIA PUKET CB:010100116-108 RN CB:6907,1,14.99,6.5,12/06/24,130.62
008533,MEIA PUKET CB:010101584/ CB:426/6902,2,12.9,5.12,/  /,151.95
008582,MEIA PUKET CB:010101649/6936 CB:390.6936,1,19.9,9.76,/  /,103.89
008534,MEIA PUKET CB:010101662/6902 CB950/6902,1,12.9,5.57,/  /,131.6
008642,MEIA PUKET CB:010101834-100 RN CB:6964,4,33.9,15.62,12/06/24,117.03
008532,MEIA PUKET CB:010101837 KIT CB:100,1,32.9,15.79,/  /,108.36
008555,MEIA PUKET CB:010202612 CISNE CB:426/7000,3,12.0,5.83,/  /,105.83
008550,MEIA PUKET CB:010203087 KIT CB:100/7063,3,32.9,18.66,/  /,76.31
008586,MEIA PUKET CB:010203107/9011 CB:108.9011,1,24.9,10.83,/  /,129.92
008605,MEIA PUKET CB:010203226-100 BABY CB:7064-100,6,44.9,22.22,02/06/25,102.07
008576,MEIA PUKET CB:010203754/7045 CB:390.7045,3,19.9,8.71,/  /,128.47
008647,MEIA PUKET CB:010604239-100 AD CB:8522,2,45.99,19.84,12/06/24,131.8
008562,MEIA PUKET CB: 23-27  28-33 CB:9237,4,39.9,19.91,/  /,100.4
008496,MEIA PUKET CB:7000 010202734 CB7000 108,1,12.9,6.07,/  /,112.52
008490,MEIA PUKET CB:7037 010203370 CB7037 199,6,17.9,8.67,/  /,106.46
007812,MEIA RN PUKET CB:6906 010100115 CB6906 RN 390,6,12.99,6.11,12/06/24,112.6
004432,MEIA SAPATILHA 390 PUKET MARINHO 6939 MEI,8,36.9,17.45,/  /,111.46
008587,MEIA SAPATILHA ANTIDERRAPANTE CB:199.7239,1,42.9,19.89,/  /,115.69
006928,MEIA SAPATILHA ANTID PUKET CB:8239 SB AZUL,2,40.9,18.89,11/12/23,116.52
008643,MEIA SAPATILHA BABY PUKET CB:6926 AZUL,1,30.99,14.41,12/06/24,115.06
007835,MEIA SAPATILHA BABY PUKET CB6926 199 PRETO,4,23.9,11.39,/  /,109.83
007833,MEIA SAPATILHA BABY PUKET CB6926 390,2,19.99,9.46,/  /,111.31
007868,MEIA SAPATILHA BABY PUKET CB7039 200 CINZA,2,35.9,16.4,/  /,118.9
007869,MEIA SAPATILHA BABY PUKET CB7039 200 CINZA,3,34.99,16.4,/  /,113.35
007870,MEIA SAPATILHA BABY PUKET CB7039 341 AZUL,1,33.9,16.46,/  /,105.95
007854,MEIA SAPATILHA BABY PUKET CB9236 659,2,36.9,17.47,/  /,111.22
003583,MEIA SAPATILHA BONECA PUKET BABY AZUL MAR,1,42.9,21.42,/  /,100.28
007955,MEIA SAPATILHA C/APLIQUE KIDS CB8233 390,4,39.9,19.2,/  /,107.81
007820,MEIA SAPATILHA C/ APLIQUE PUKET CB6939 BABY 199,5,33.9,15.88,/  /,113.48
007830,MEIA SAPATILHA C/ APLIQUE PUKET CB7033 200,1,36.9,17.2,/  /,114.53
007963,MEIA SAPATILHA C/LED KIDS PUKET CB82339 199 PRETO,6,71.9,31.9,/  /,125.39
007901,MEIA SAPATILHA KIDS PUKET CB82081 398,1,32.9,14.63,/  /,124.88
007956,MEIA SAPATILHA KIDS PUKET CB8239 200,2,39.9,17.76,/  /,124.66
007954,MEIA SAPATILHA KIDS PUKET CB8239 200 CINZA,1,35.9,17.76,/  /,102.14
007967,MEIA SAPATILHA KIDS PUKET CB8270 390,2,45.9,20.64,/  /,122.38
007922,MEIA SAPATILHA KIDS PUKET CB9337 199 PRETO,2,39.9,19.74,/  /,102.13
004325,MEIA SAPATILHA MODARE 7499.1 M,5,49.9,20.42,/  /,144.37
010484,MEIA SAPATILHA PILATES PUKET 390 AZUL MARINHO,2,46.99,23.0,01/04/26,104.3
010485,MEIA SAPATILHA PILATES PUKET 199 PRETO /ROSA,3,46.99,23.0,01/04/26,104.3
010486,MEIA SAPATILHA PILATES PUKET 200 CINZA,1,46.99,23.0,01/04/26,104.3
001714,MEIA SAPATILHA PUKET BABY PRETA 2577-199,1,17.9,10.02,/  /,78.64
008530,MEIA SAPATILHA PUKET CB:199/6926,2,23.9,11.39,/  /,109.83
008523,MEIA SAPATILHA PUKET CB:499/6926,4,28.9,13.52,/  /,113.76
008528,MEIA SAPATILHA PUKET CB:460/6926,1,29.9,13.97,/  /,114.03
008522,MEIA SAPATILHA PUKET CB:426/6926,1,28.9,13.52,/  /,113.76
008527,MEIA SAPATILHA PUKET CB:950/6939,7,33.9,15.88,/  /,113.48
008524,MEIA SAPATILHA PUKET CB:537/6939 LILAS,2,33.9,15.88,/  /,113.48
008540,MEIA SAPATILHA PUKET CB:460/7039 ROSA,1,34.9,16.4,/  /,112.8
008539,MEIA SAPATILHA PUKET CB:659/9236,2,36.9,17.47,/  /,111.22
008546,MEIA SAPATILHA PUKET CB:426/7039 ROSA,2,33.9,15.88,/  /,113.48
008536,MEIA SAPATILHA PUKET CB:390 AZUL,5,36.9,16.58,/  /,122.56
008574,MEIA SAPATILHA PUKET CB:199/8239,1,33.9,13.9,/  /,143.88
008512,MEIA SAPATILHA PUKET CB:390 AZUL,12,36.9,17.45,/  /,111.46
009703,MEIA SAPATILHA RN PUKET CB9039 BRANCA,1,35.99,17.42,02/06/25,106.6
009702,MEIA SAPATILHA RN PUKET 6926 MARINHO,6,34.99,16.6,02/06/25,110.78
008511,MEIA SAP BONECA C/APLIQUE DE CB: 6939/199,7,32.9,16.4,/  /,100.61
008554,MEIA SAP BONECA C/APLIQUE DE CB:199/9033,3,39.9,19.48,02/06/25,104.83
008526,MEIA SAP BONECA C/APLIQUE DE CB:688/6939,4,33.9,15.88,/  /,113.48
008499,MEIA SAP BONECA C/APLIQUE DE CB6939 460,2,32.9,16.4,/  /,100.61
008500,MEIA SAP BONECA C/APLIQUE DE CB6939 426 ROSA,2,36.9,16.58,/  /,122.56
008514,MEIA SAP BONECA C/APLIQUE D LACO CB:659/6926,5,31.9,14.86,/  /,114.67
008520,MEIA SAP BONECA C/APLIQUE D LACO CB:6926/422,9,31.9,14.86,/  /,114.67
008549,MEIA SAP BONECA C/APLIQUE D LACO CB:199/7033,4,35.9,17.65,/  /,103.4
008508,MEIA SAP BONECA C/APLIQUE D LACO CB6939-390 PRETO,2,36.9,17.45,/  /,111.46
008510,MEIA SAP BONECA C/APLIQUE D LACO CB6926-200,9,33.9,13.97,/  /,142.66
008521,MEIA SAP BONECA C/APLIQUE D LACO CB:6939/390 AZUL,4,32.9,15.88,/  /,107.18
008579,MEIA SAP BONECA PUKET CB:659.7039,3,32.9,12.97,/  /,153.66
008649,MEIA SAP PILATES PUKET CB:8529,1,46.99,22.31,02/06/25,110.62
001673,MEIA SAP. PUKET BABY C/ APLIQUE 3114 - 3,2,35.9,17.2,/  /,108.72
008566,MEIA S/ EMBORRACHADA PUKET CB:200.8260,8,41.99,18.86,/  /,122.64
008570,MEIA SOLA EMBORRACHADA PUKET CB:200.7070,1,31.9,14.83,/  /,115.1
007985,MEIA SOQUETE BABY PUKET CB:6902 CB6902 893 CINZA,3,15.9,7.67,/  /,107.3
007982,MEIA SOQUETE BABY PUKET CB:6902 CB6902 108,7,12.9,6.27,/  /,105.74
007986,MEIA SOQUETE BABY PUKET CB:7000 CB7000 200 CINZA,5,15.9,7.45,/  /,113.42
001956,MEIA SOQUETE PUKET BABY CB:70659 MEIA PUK,1,36.9,16.26,/  /,126.94
008622,MEIAS PANSOCKS PUKET CB:7360,12,52.9,23.57,12/06/24,124.44
006213,MOCHILA CLIO PETS  CP24000D BOMBEIRO VERMELHO,7,89.9,19.34,18/10/23,364.84
006214,MOCHILA CLIO PETS CP24000D KOMBI KOMBI AZUL,1,89.9,19.34,18/10/23,364.84
006513,MOCHILA CLIO PETS CP24021D VAQUINHA,8,89.9,20.8,/  /,332.21
005966,MOCHILA CLIO PETS CP2643D DOG CACHORRO,7,89.9,20.8,/  /,332.21
005967,MOCHILA CLIO PETS CP2643D DOG CACHORRO VERMELHO,3,89.9,20.8,/  /,332.21
005969,MOCHILA CLIO PETS CP2649D AMARELO/AZUL,4,89.9,20.8,/  /,332.21
005968,MOCHILA CLIO PETS CP2649D VERMELHO/AZUL,14,89.9,20.8,/  /,332.21
009137,MOCHILA CLIO PETS CP3398D CP3398,3,89.9,44.95,/  /,100.0
009118,MOCHILA CLIO PETS CP3407D TIGER TIGER/MARROM/AZUL,1,89.9,44.95,/  /,100.0
006860,MOCHILA CLIO STYLE CW24014 FÊ VERDE E PRETO,1,39.9,19.35,30/11/23,106.2
006663,MOCHILA CLIO STYLE DR23064J DOG CS DOGUINHO,1,99.9,20.8,10/11/23,380.29
008919,MOCHILA CLIO STYLE PR23022J PR23022J ROSA,3,99.9,42.9,17/07/24,132.87
007358,MOCHILA COCA COLA 304 DRINK 304 PINK DEGRADE,1,259.9,113.44,30/01/24,129.11
007359,MOCHILA COCA COLA 304 DRINK 304 LARANJA,1,259.9,119.83,30/01/24,116.89
009066,MOCHILA COCA COLA 78411404F 78411404F-RE-BLAN,1,209.0,92.47,/  /,126.02
009181,MOCHILA COCA COLA 78412904 BLANK COCA BLANK BORDO,2,209.9,87.24,15/10/24,140.6
009182,MOCHILA COCA COLA 78412904 BLANK COCA BLANK PRETA,1,209.9,87.24,15/10/24,140.6
003974,MOCHILA INFANTIL CLIO PETS GIRAFA,8,89.9,23.63,/  /,280.45
003975,MOCHILA INFANTIL CLIO PETS ZEBRA CINZA/VERDE,8,89.9,44.95,/  /,100.0
006215,MOCHILA LULUCA LU24009 ROSA/PRATA,1,347.7,168.56,18/10/23,106.28
004155,MOCHILA MOLEKINHA 20023.1 17131 PRETO,2,129.9,61.63,29/01/26,110.77
010137,MOCHILA MOLEKINHA 20023.2 PVC ROSA BALLET/ AZUL,2,149.9,65.41,29/01/26,129.17
010138,MOCHILA MOLEKINHA 20023.2 PVC PRATA/ROSA,2,149.9,64.56,01/10/25,132.19
010144,MOCHILA MOLEKINHA 20023.5 PVC DOURADO/ BRANCO,1,149.9,68.76,01/10/25,118.0
010385,MOCHILA MOLEKINHA 2744032 CRISTAL/PRATA/MUL,3,139.9,69.65,29/01/26,100.86
010386,MOCHILA MOLEKINHA 2744032 CRISTAL/ROSA/PINK,1,139.9,65.41,29/01/26,113.88
006132,MOLA DOCE BRINQUEDO MANIA MOLA SORTIDA,123,16.99,7.83,05/02/26,116.99
006133,MOLA DOCE BRINQUEDO UNICORNIO MOLA UNICORNIO,97,16.99,8.76,09/05/25,93.95
009406,PALMILHA OLIVER EVA LARANJA OLIVER,7,29.99,12.9,18/02/25,132.48
009407,PALMILHA OLIVER SILICONE SILICONE,26,56.99,26.9,17/12/25,111.86
010344,PALMILHAS OLIVER EVA ANTI LARANJA OLI,25,29.99,13.9,17/12/25,115.76
010341,PANETONE  002,1,0.0,0.0,16/12/25,0.0
010266,PAPETE BEIRA RIO 8488.125 TIRA 89099 OURO ROSADO,21,109.9,50.17,18/06/26,119.06
010267,PAPETE BEIRA RIO 8488.125 TIRA 89101 BLACK,18,109.9,50.17,18/06/26,119.06
010732,PAPETE DEDO VIZZANO 6584.101 95373 CAMEL A,12,149.9,70.94,25/06/26,111.31
010731,PAPETE DEDO VIZZANO 6584.101 101321 CHOCOLATE,12,149.9,70.94,25/06/26,111.31
010730,PAPETE DEDO VIZZANO 6584.101 15745 PRETO A9,12,149.9,70.94,25/06/26,111.31
009506,PAPETE MOLEKINHA 2358.108 TP DIAMOND/PRETO 01,7,109.9,53.15,06/03/25,106.77
009170,PAPETE MOLEKINHA 2358.108 TP 91004 OURO,2,109.9,50.14,06/03/25,119.19
010541,PAPETE SLIDE BEIRA RIO 8488.122 87009,24,99.9,45.0,18/06/26,122.0
010539,PAPETE SLIDE BEIRA RIO 8488.122 105282,8,109.99,48.66,24/04/26,126.04
010540,PAPETE SLIDE BEIRA RIO 8488.122 97832,5,109.99,48.66,24/04/26,126.04
009618,PAPETE SLIDE BEIRA RIO 8488.125 98516,1,119.9,53.03,04/12/25,126.1
009616,PAPETE SLIDE BEIRA RIO 8488.125 97830,1,129.9,56.44,30/07/25,130.16
010700,PAPETE SLIDE BEIRA RIO 8488.143 103694 BEGE/BEGE,16,119.9,58.6,20/06/26,104.61
010699,PAPETE SLIDE BEIRA RIO 8488.143 110540,24,119.9,58.6,20/06/26,104.61
010698,PAPETE SLIDE BEIRA RIO 8488.145 110702,24,139.9,67.92,20/06/26,105.98
010510,PAPETE SLIDE BEIRA RIO 8523.132 66 DOURADO,5,134.99,63.17,17/04/26,113.69
010509,PAPETE SLIDE BEIRA RIO 8523.132 35312 BRANCO OFF,11,134.99,63.17,17/04/26,113.69
010545,PAPETE SLIDE BEIRA RIO 8524.115 101967 CHOCOLATE,6,124.99,58.6,24/04/26,113.29
010544,PAPETE SLIDE BEIRA RIO 8524.115 35312 BRANCO OFF,8,124.99,58.6,24/04/26,113.29
010542,PAPETE SLIDE BEIRA RIO 8575.104 35312 BRANCO OFF,5,149.9,66.38,24/04/26,125.82
010543,PAPETE SLIDE BEIRA RIO 8575.104 101321 CHOCOLATE,9,149.9,66.38,24/04/26,125.82
010729,PAPETE SLIDE EVA MODARE 7232.101 101321 CHOCOLATE,16,109.9,54.98,25/06/26,99.89
010728,PAPETE SLIDE EVA MODARE 7232.101 15745 PRETO A8,16,109.9,54.98,25/06/26,99.89
010433,PAPETE SLIDE MODARE 7125.200 107621,14,104.99,49.7,10/03/26,111.25
010552,PAPETE SLIDE MODARE 7125.200 93503,18,104.99,49.06,29/04/26,114.0
010317,PAPETE SLIDE MODARE 7162.330 BRANCO OFF NATURE,4,99.9,45.04,05/12/25,121.8
010318,PAPETE SLIDE MODARE 7162.330 10196 AVELA,4,99.9,45.04,20/03/26,121.8
010500,PAPETE SLIDE MODARE 7162.330 100196 AVELA TBER,10,99.9,44.47,11/05/26,124.65
010477,PAPETE SLIDE MODARE 7162.330 15745 PRETO TRE,23,99.9,44.47,11/05/26,124.65
010315,PAPETE SLIDE MODARE 7162.332 AVELA/BRONZE,9,99.9,44.47,14/04/26,124.65
010316,PAPETE SLIDE MODARE 7162.332 NUDE OURO ROSADO,12,99.9,44.47,14/04/26,124.65
010441,PAPETE SLIDE MODARE 7178.116 106983,1,134.99,64.5,11/03/26,109.29
010461,PAPETE SLIDE MODARE 7200.112 95373 CAMEL FL,1,174.99,84.17,18/03/26,107.9
010636,PAPETE SLIDE MODARE 7208.101 35312 BRANCO OFF,2,134.99,61.02,01/06/26,121.22
010661,PAPETE SLIDE MODARE 7208.101 100196 AVELA IPE,31,134.99,61.02,15/06/26,121.22
010662,PAPETE SLIDE MODARE 7208.101 83517 CREME A1,42,134.9,61.11,17/06/26,120.75
009561,PAPETE SLIDE MODARE 7208.101 52531 NUDE  NOBU,55,134.99,61.02,17/06/26,121.22
009560,PAPETE SLIDE MODARE 7208.101 15745 PRETO NOBU,153,134.99,61.11,17/06/26,120.9
010342,PAPETE SLIDE MODARE 7208.101 AVELA SOFT,255,134.99,61.11,17/06/26,120.9
010538,PAPETE SLIDE MODARE 7208.101 108352 ALECRIM N,258,134.99,61.11,17/06/26,120.9
010693,PAPETE SLIDE MODARE 7208.113 15745 PRETO FIV,16,139.9,69.37,18/06/26,101.67
010692,PAPETE SLIDE MODARE 7208.113 100196 AVELA FIV,15,139.9,69.37,18/06/26,101.67
010704,PAPETE SLIDE MODARE 7230.103 107613 TERRACOTA,16,159.9,79.31,23/06/26,101.61
010703,PAPETE SLIDE MODARE 7230.103 101439 CACAU A,16,159.9,79.31,23/06/26,101.61
010633,PAPETE SLIDE MOLECA 5490.132 15745 PRETO A4,22,99.99,49.06,31/05/26,103.81
010632,PAPETE SLIDE MOLECA 5490.132 101321 CHOCOLATE,21,99.99,49.06,31/05/26,103.81
010598,PAPETE SLIDE MOLECA 5500.125 NEW 100196 AVELA N,17,164.9,78.29,15/05/26,110.63
010599,PAPETE SLIDE MOLECA 5500.125 NEW 35312 BRANCO OFF,21,164.9,78.29,15/05/26,110.63
010585,PAPETE SLIDE MOLECA 5556.100 92940,14,124.99,59.08,11/05/26,111.56
010586,PAPETE SLIDE MOLECA 5556.100 87009 PRETO,20,114.99,54.28,11/05/26,111.85
010452,PAPETE SLIDE MOLEKINHA 2357.103 35312 BRANCO,16,104.99,49.7,02/06/26,111.25
009508,PAPETE SLIDE MOLEKINHA 2357.106 2357.106 NUDE,7,99.9,45.32,07/03/25,120.43
010159,PAPETE SLIDE MOLEKINHA 2357.114 23146 OURO ROSADO,1,119.9,55.89,10/10/25,114.53
010451,PAPETE SLIDE MOLEKINHA 2357.120 100196 AVELA/S,12,134.99,61.82,13/03/26,118.36
008381,PAPETE SLIDE MOLEKINHA 2358.100 32534 KMOLEK,1,99.9,43.51,29/04/24,129.6
010455,PAPETE SLIDE MOLEKINHA 2358.100 102533,7,109.9,47.63,13/03/26,130.74
010454,PAPETE SLIDE MOLEKINHA 2358.100 87714,12,109.9,52.69,13/03/26,108.58
010155,PAPETE SLIDE MOLEKINHA 2358.117 88085 PRETO 01 N,2,99.9,46.41,07/10/25,115.26
010156,PAPETE SLIDE MOLEKINHA 2358.117 92636 NUDE,7,99.9,46.41,07/10/25,115.26
010697,PAPETE SLIDE VIZZANO 6510.102 101321 CHOCOLATE,16,169.9,76.15,18/06/26,123.11
010696,PAPETE SLIDE VIZZANO 6510.135 103627,16,179.9,80.81,18/06/26,122.62
009388,PAPETE SLIDE ZAXY 19208 MATCH BK837 ROSA DALIA,1,79.9,40.63,01/12/25,96.65
010602,PAPETE SLIDE ZAXY 19359 MOOD BY043 OFF WHITE,16,94.99,44.31,18/05/26,114.38
010603,PAPETE SLIDE ZAXY 19359 MOOD BY047 PRETO,18,94.9,44.31,18/05/26,114.17
010363,PAPETE ZAXY 19429 CHARMS BX765 OFF WHITE,9,109.9,44.31,23/04/26,148.03
008753,PIERCING CHINELO MAX METAIS PIER ANCORA,7,8.0,1.46,04/07/24,447.95
009476,PIERCING CHINELO MAX METAIS  ANCORA PRATA,1,8.0,2.15,/  /,272.09
009469,PIERCING CHINELO MAX METAIS BONECA LOL,4,8.0,2.15,/  /,272.09
008759,PIERCING CHINELO MAX METAIS PIER BORB AMARELO,14,7.0,1.49,/  /,369.8
008760,PIERCING CHINELO MAX METAIS PIER BORB ROSA,10,7.0,2.06,16/09/25,239.81
008757,PIERCING CHINELO MAX METAIS PIER BORB ROSA,1,7.0,1.49,/  /,369.8
008761,PIERCING CHINELO MAX METAIS PIER BORB VERDE,2,7.0,2.06,/  /,239.81
008763,PIERCING CHINELO MAX METAIS PIER BORB VERDE,12,7.0,1.49,/  /,369.8
008762,PIERCING CHINELO MAX METAIS PIER BORB VERDE,10,7.0,1.49,/  /,369.8
010023,PIERCING CHINELO MAX METAIS MARROM,29,8.0,2.6,17/09/25,207.69
010027,PIERCING CHINELO MAX METAIS DOURADO,16,7.0,0.0,/  /,0.0
010022,PIERCING CHINELO MAX METAIS DOURADO,40,7.0,1.95,17/09/25,258.97
010021,PIERCING CHINELO MAX METAIS COLORIDO,17,7.0,1.95,16/09/25,258.97
010016,PIERCING CHINELO MAX METAIS BRANCA,2,7.0,1.45,16/09/25,382.76
010015,PIERCING CHINELO MAX METAIS FLOR FRUTACOR,3,7.0,3.32,16/09/25,110.84
010017,PIERCING CHINELO MAX METAIS FLOR GLITTER ROSE,6,7.0,1.45,16/09/25,382.76
009542,PIERCING CHINELO MAX METAIS FLOR FLOR LARANJA,11,7.0,2.15,/  /,225.58
010392,PIERCING CHINELO MAX METAIS GIRASSOL DOURADO,22,7.0,2.11,/  /,231.75
009477,PIERCING CHINELO MAX METAIS INFINITO  PRATA,12,8.0,2.15,/  /,272.09
010013,PIERCING CHINELO MAX METAIS BASE,29,7.0,2.04,16/09/25,243.14
008746,PIERCING CHINELO MAX METAIS BASE,6,7.0,2.04,04/07/24,243.14
009541,PIERCING CHINELO MAX METAIS BASE NIQUEL/VERDE,3,7.0,2.04,16/09/25,243.14
008766,PIERCING CHINELO MAX METAIS BASE NIQUEL/ROSA,3,7.0,2.04,16/09/25,243.14
009475,PIERCING CHINELO MAX METAIS MICKEY,20,8.0,2.15,/  /,272.09
009122,PIERCING CHINELO MAX METAIS DISNEY PIRC/,11,8.0,1.46,/  /,447.95
010374,PIERCING CHINELO MAX METAIS LACO VERMELHO,7,8.0,1.46,/  /,447.95
009466,PIERCING CHINELO MAX METAIS NOIVO,3,5.0,2.15,/  /,132.56
010393,PIERCING CHINELO MAX METAIS OLHO AZUL GREGO,18,7.0,2.11,/  /,231.75
010390,PIERCING CHINELO MAX METAIS PIER PIER LOGO AZUL,12,10.0,2.9,/  /,244.83
009651,PIERCING CHINELO MAX METAIS PIER BRANCO LOGO HAVA,4,10.0,2.15,/  /,365.12
009454,PIERCING CHINELO MAX METAIS PIER LARANJA NEON LOGO,6,10.0,2.15,/  /,365.12
009453,PIERCING CHINELO MAX METAIS PIER PINK NEON LOGO,17,10.0,2.15,/  /,365.12
009447,PIERCING CHINELO MAX METAIS PIER PRATA LOGO HAV,8,10.0,2.15,17/09/25,365.12
010025,PIERCING CHINELO MAX METAIS PIER DOURADO STRASS,1,12.0,3.4,17/09/25,252.94
010391,PIERCING CHINELO MAX METAIS PIER PIER LOGO,14,10.0,2.9,/  /,244.83
009120,PIERCING CHINELO MAX METAIS PIR PIKACHU -,4,7.0,1.46,/  /,379.45
008749,PIERCING CHINELO MAX METAIS PIER P/LUZ,61,6.0,1.74,16/09/25,244.83
008750,PIERCING CHINELO MAX METAIS PIER P/LUZ,5,6.0,1.74,04/07/24,244.83
008764,PIERCING CHINELO MAX METAIS PIER P/LUZ PRATA,15,6.0,1.2,16/09/25,400.0
008767,PIERCING CHINELO MAX METAIS PIER STITCH ROSA,8,10.0,2.78,/  /,259.71
009462,PIERCING CHINELO MAX METAIS VERDE TREVO,7,8.0,2.15,/  /,272.09
010020,PIERCING CHINELO MAX METAIS TUCANO ROSA,53,7.0,2.58,16/09/25,171.32
009410,PROTETOR DE AJUSTE OLIVER EVA BEGE EVA,16,16.99,7.9,18/02/25,115.06
009411,PROTETOR DE AJUSTE OLIVER GEL GEL TRASPARENTE,14,21.99,9.9,18/02/25,122.12
009412,PROTETOR DE CALCANHAR OLIVER GEL CAL,12,21.99,9.9,18/02/25,122.12
008618,PUKET MEIA CANO CURTO PUKET CB:8547 BRANCA,2,37.9,14.9,/  /,154.36
008619,PUKET MEIA CANO CURTO PUKET CB:8522,1,43.9,19.43,/  /,125.94
010601,RASTEIRA SLIDE MOLECA 5558.110 109556,8,94.9,44.47,15/05/26,113.4
010600,RASTEIRA SLIDE MOLECA 5558.110 102813 BRANCO,5,94.9,44.47,15/05/26,113.4
010450,RASTEIRA SLIDE MOLEKINHA 35312 BRANCO,10,94.99,43.16,13/03/26,120.09
010449,RASTEIRA SLIDE MOLEKINHA 15745 PRETO/RAS,6,94.99,43.16,13/03/26,120.09
010507,RASTEIRA SLIDE VIZZANO 6371.367 102051 AREIA CALF,16,79.9,36.2,16/04/26,120.72
010508,RASTEIRA SLIDE VIZZANO 6371.367 104068 MOCCA,5,79.9,36.2,16/04/26,120.72
010506,RASTEIRA SLIDE VIZZANO 6371.367 15745 PRETO CALF,9,79.9,36.19,16/04/26,120.78
010694,RASTEIRA SLIDE VIZZANO 6553.101 111833,16,99.9,49.7,18/06/26,101.01
010695,RASTEIRA SLIDE VIZZANO 6553.101 111834 PRETO/OURO,14,99.9,49.7,18/06/26,101.01
010419,RASTEIRA VIZZANO 6371.1005 107262 BEGE,8,124.99,59.08,17/04/26,111.56
010418,RASTEIRA VIZZANO 6371.1005 85432,12,124.99,59.08,17/04/26,111.56
010511,RASTEIRA VIZZANO 6371.1005 109616 CHOCOLATE,2,124.99,59.08,17/04/26,111.56
010304,RASTEIRA VIZZANO 6371.1105 102848 BEGE,5,124.99,59.08,24/04/26,111.56
010423,RASTEIRA VIZZANO 6553.101 NAPA 104068 MOCCA,2,94.99,44.47,04/03/26,113.6
010422,RASTEIRA VIZZANO 6553.101 NAPA 15745 PRETO01,2,94.99,44.47,17/04/26,113.6
010272,SACO PRESENTE METALIZADO 30X44 EMB METALIZADO,94,2.5,0.0,/  /,0.0
010271,SACO PRESENTE METALIZADO 45X60 METALIZADO,86,3.5,0.0,/  /,0.0
008988,SANDALIA ANABELA MODARE 7151.102 000003S/CAN PRETO,43,139.9,68.49,30/05/26,104.26
010556,SANDALIA ANABELA MODARE 7151.102 016809 NUDE CN,22,139.9,68.49,05/05/26,104.26
010328,SANDALIA BEIRA RIO 8367.878 PRATA LONDON,6,134.99,63.17,05/12/25,113.69
010331,SANDALIA BEIRA RIO 8524.114 NAPA 95373 CAMEL NP,5,159.9,77.66,11/05/26,105.9
006238,SANDALIA BIRKEN WORLDCOLORS 1149 SAND BIR,2,129.9,66.01,/  /,96.79
007021,SANDALIA CARTAGO 12048 TULUM AT452,1,69.9,34.78,/  /,100.98
007022,SANDALIA CARTAGO 12210 MINI II BEGE/AZUL/BORDO,1,79.99,41.84,/  /,91.18
010354,SANDALIA CARTAGO 12462 MALAGA BM055,6,79.99,41.1,19/12/25,94.62
010353,SANDALIA CARTAGO 12462 MALAGA BM050,12,79.99,41.1,19/12/25,94.62
009884,SANDALIA CARTAGO 12477 MALAGA BL997,3,104.99,52.46,16/07/25,100.13
009482,SANDALIA CARTAGO 12481 VENETO II BI709,4,99.99,48.47,19/12/25,106.29
009484,SANDALIA CARTAGO 12489 ATLANTA BK064,13,79.99,39.59,17/06/25,102.05
009895,SANDALIA CARTAGO 12537 SANTORINI BR798,5,157.99,78.68,16/07/25,100.8
010043,SANDALIA CARTAGO 12586 MALAGA CINZA/AZUL/VERMEL,21,79.99,34.46,05/05/26,132.12
010044,SANDALIA CARTAGO 12586 MALAGA BEGE/MARROM/LARAN,21,79.99,34.46,05/05/26,132.12
008339,SANDALIA COURO PEGADA 131669 669-06 ANILINA,5,224.99,105.89,09/11/24,112.48
008360,SANDALIA COURO PLUS SIZE PEGADA 645-02 ANILINA,4,269.9,129.53,25/06/25,108.37
007060,SANDALIA GRENDENE KIDS 22303 AA661,2,59.99,19.65,/  /,205.29
008115,SANDALIA GRENDENE KIDS 22940 AS891 ARAN,1,99.99,49.0,/  /,104.06
010095,SANDALIA GRENDENE KIDS 23221 ROSA MEDIO/ LILAS,2,159.9,77.06,19/12/25,107.5
010197,SANDALIA GRENDENE KIDS 23268 BT328 ROSA,1,149.9,71.92,29/10/25,108.43
009553,SANDALIA GRENDHA 19174 LIBERDADE BM354 PRETO LIBER,1,49.99,23.47,21/03/25,113.0
009571,SANDALIA GRENDHA 19203 INSPIRA BN077 MARROM,1,49.99,23.47,02/04/25,113.0
010279,SANDALIA GRENDHA 19228 AMOR BU725 OFF WHITE,2,37.99,17.98,26/11/25,111.29
010280,SANDALIA GRENDHA 19228 AMOR BX719,1,34.99,17.98,26/11/25,94.61
009960,SANDALIA GRENDHA 19250 SUBLIME PRETO SUBLIME,6,54.99,25.68,25/09/25,114.14
009961,SANDALIA GRENDHA 19250 SUBLIME MARROM MOCCA,7,54.99,25.68,25/09/25,114.14
010284,SANDALIA GRENDHA 19315 PEROLAS BU597 PRETO,1,54.99,25.68,26/11/25,114.14
010285,SANDALIA GRENDHA 19315 PEROLAS BU600 MARROM,3,54.99,25.68,26/11/25,114.14
010283,SANDALIA GRENDHA 19315 PEROLAS BU595 OFF WHITE,1,54.99,25.68,26/11/25,114.14
010443,SANDALIA GRENDHA 19376 MARE BX671 OFF WHITE,8,52.99,24.61,23/04/26,115.32
010442,SANDALIA GRENDHA 19376 MARE BX670 PRETO,1,52.99,24.61,11/05/26,115.32
010444,SANDALIA GRENDHA 19376 MARE BX673 MARROM URSO,7,52.99,24.61,23/04/26,115.32
010535,SANDALIA GRENDHA 19379 MAIS BY189 OFF WHITE,2,62.99,29.53,23/04/26,113.31
010536,SANDALIA GRENDHA 19379 MAIS BY192 MAROM MOCCA,3,62.99,29.53,23/04/26,113.31
010097,SANDALIA IPANEMA 27402 GLOW BEGE/MARROM GLOW,1,36.99,17.98,25/09/25,105.73
010096,SANDALIA IPANEMA 27402 GLOW PRETO/PRETO GLOW,5,36.99,18.62,26/11/25,98.66
010098,SANDALIA IPANEMA 27402 GLOW MARROM DOURADO,20,36.99,18.62,26/11/25,98.66
010445,SANDALIA IPANEMA 27403 GLOW BS296 PRETO/PRETO,176,38.99,17.23,23/04/26,126.29
010296,SANDALIA IPANEMA 27403 GLOW BS297,78,38.99,17.23,11/05/26,126.29
009968,SANDALIA IPANEMA 27423 GLOW PRETO TREND,16,39.99,21.19,26/11/25,88.72
009967,SANDALIA IPANEMA 27423 GLOW MARROM TREND,5,39.99,21.19,26/11/25,88.72
010276,SANDALIA IPANEMA 27428 CLASS BR925 BEGE/BEGE,1,39.99,21.19,25/11/25,88.72
010059,SANDALIA IPANEMA 27431 HELLO ROSA/ROSA,2,49.99,25.68,19/09/25,94.67
010349,SANDALIA IPANEMA 27476 BARBIE BV748 PRETO/VIDRO,4,49.99,25.68,19/12/25,94.67
007320,SANDALIA KIDY 001-0999 BABY MNO 1361,1,99.9,45.0,/  /,122.0
007701,SANDALIA KLIN 129145 URBAN SAN 9191 MARINHO,2,119.9,53.97,/  /,122.16
009371,SANDALIA KLIN 129163 URBAN 16558,1,119.9,58.51,17/12/24,104.92
009365,SANDALIA KLIN 129163 URBAN 408 GRAFITE/PRETO,4,119.9,58.58,17/12/24,104.68
009366,SANDALIA KLIN 129165 URBAN 4768 VERDE,1,120.0,59.45,17/12/24,101.85
007771,SANDALIA KLIN 171.160 TAC SAND 5716,1,84.99,37.46,/  /,126.88
007689,SANDALIA KLIN 171.197 CASUAL 6660 MARINHO,1,89.99,43.39,/  /,107.4
007770,SANDALIA KLIN 171.199 TIC CASUAL 4093,4,99.9,45.56,/  /,119.27
007760,SANDALIA KLIN 171.202 TIC TAC 7209 MARINHO,1,94.9,41.42,/  /,129.12
009363,SANDALIA KLIN 171227 TICTAC 16549,1,99.9,49.56,17/12/24,101.57
009364,SANDALIA KLIN 171227 TICTAC 16550,2,99.9,49.56,17/12/24,101.57
007747,SANDALIA KLIN 177.088 SUAMI FLOR 4824,1,124.99,57.42,/  /,117.68
007729,SANDALIA KLIN 515.223 CAKE SAN 8532 ROSA/CLARO,1,109.9,49.96,/  /,119.98
010199,SANDALIA LED GRENDENE KIDS 23407 BT448 AZUL ESCURO,1,99.9,51.38,29/10/25,94.43
010198,SANDALIA LED GRENDENE KIDS 23407 BT447 ROSA,3,99.9,51.38,29/10/25,94.43
010384,SANDALIA LED MOLEKINHA 2741.205 BRANCO/DOURADO,7,119.9,52.01,29/01/26,130.53
010383,SANDALIA LED MOLEKINHA 2741.206 OURO ROSADO/ROSA,6,129.9,56.63,29/01/26,129.38
010439,SANDALIA LED MOLEKINHO 2624.210 15745 PRETO LED,10,134.99,61.82,10/03/26,118.36
008016,SANDALIA MINI WORLDCOLORS 75.078 1263 MINI,1,95.9,41.87,/  /,129.04
010216,SANDALIA MODARE 7125.233 ITALIA 92096,4,119.99,54.98,10/03/26,118.24
009997,SANDALIA MODARE 7125.233 ITALIA 86704,16,114.99,54.28,29/04/26,111.85
010322,SANDALIA MODARE 7151.145 NATURE NAPA AVELA,1,149.9,74.02,05/12/25,102.51
010323,SANDALIA MODARE 7151.145 NATURE BRANCO OFF NAT,7,149.9,74.02,05/12/25,102.51
009555,SANDALIA MODARE 7162.223 NP 95973 CAMEL 1163,1,114.99,54.28,05/11/25,111.85
007879,SANDALIA MODARE 7178.103 CROCO TAN1080/CAFE856/T,1,119.9,54.67,/  /,119.32
009632,SANDALIA MODARE 7200.102 NAPA 101540 OLIVA 1281,14,184.99,77.9,16/04/26,137.47
010458,SANDALIA MODARE 7208.108 15745 PRETO/CAN,12,144.99,68.49,19/05/26,111.7
010459,SANDALIA MODARE 7208.108 100196 AVELA CAN,7,144.99,65.82,16/03/26,120.28
010480,SANDALIA MODARE 7210.209 NOBUCK 108352 ALECRIM V,6,164.99,79.31,27/03/26,108.03
010481,SANDALIA MODARE 7210.210 NP FLOA 95373 CAMEL NA,6,184.99,88.84,27/03/26,108.23
010448,SANDALIA MODARE 7222.104 NEW 95373 CAMEL/NEW,8,184.9,88.84,13/03/26,108.13
010301,SANDALIA MOLECA 5490.104 TP 107580 CHOCOLATE,22,104.99,49.06,31/05/26,114.0
010299,SANDALIA MOLECA 5490.104 TP 91008 PRETO/BLACK,24,104.99,49.06,31/05/26,114.0
009744,SANDALIA MOLEKINHA 2157.1203 PRETO/PRETO/GRAFI,5,89.9,41.8,09/06/25,115.07
009746,SANDALIA MOLEKINHA 2157.1205 ROSA /CRISTAL,3,89.9,41.8,09/06/25,115.07
010162,SANDALIA MOLEKINHA 2342.115 00066 DOURADO N,2,99.9,46.41,10/10/25,115.26
010161,SANDALIA MOLEKINHA 2342.116 NAPA 15745 PRETO 01 N,7,109.9,51.36,10/10/25,113.98
006391,SANDALIA MOLEKINHA 2347.100 MINI OURO ROSADO SHINE,22,99.9,49.7,28/05/26,101.01
009167,SANDALIA MOLEKINHA 2357.108 97266,1,119.9,54.67,11/10/24,119.32
009532,SANDALIA MOLEKINHA 2357.108 PRETO/ CRISTAL,1,119.9,56.21,13/03/25,113.31
009166,SANDALIA MOLEKINHA 2357.108 100108 OURO,2,119.9,56.21,01/12/25,113.31
010160,SANDALIA MOLEKINHA 2357.117 TIRA 58021 DOURADO,10,109.9,51.36,10/10/25,113.98
010145,SANDALIA MOLEKINHA 2361.205 DOURADO/OURO,25,119.9,59.85,29/05/26,100.33
010389,SANDALIA MOLEKINHA 2361.217 DOURADO/DOURADO,6,109.9,52.01,29/01/26,111.31
010382,SANDALIA MOLEKINHA 2375.101 NP BRANCO,1,109.9,52.01,28/01/26,111.31
010381,SANDALIA MOLEKINHA 2375.101 NP 108245 AVELA/OURO,7,109.9,54.98,28/05/26,99.89
008053,SANDALIA MOLEKINHA 2729.202 93824 BABY BRANCO,2,89.9,40.29,08/07/25,123.13
010080,SANDALIA MOLEKINHA 2743.102 DOURADO SHINE,3,69.9,33.6,29/01/26,108.04
010079,SANDALIA MOLEKINHA 2743.103 DOURADO ITA,3,69.9,33.18,23/09/25,110.67
010078,SANDALIA MOLEKINHA 2743.104 NAPA BRANCO OFF TURIM,3,79.9,37.51,23/09/25,113.01
007371,SANDALIA MOLEKINHO 101 FLOTER PRETO/AMAREL/LARA,3,79.9,35.94,/  /,122.31
009204,SANDALIA MOLEKINHO 2135.137 FL 92989 CINZA,1,69.9,32.45,24/10/24,115.41
010595,SANDALIA MOLEKINHO 2135.137 FL 105229 CINZA/AZUL,59,69.9,29.61,21/05/26,136.07
010377,SANDALIA MOLEKINHO 2135.137 FL 100004 CAFE/AREIA,75,69.9,29.61,21/05/26,136.07
008788,SANDALIA MOLEKINHO 2135.653 15745BM PRETO 01,1,89.9,39.43,04/07/24,128.0
009341,SANDALIA MOLEKINHO 2135.662 2135.662 MARINHO,1,69.9,32.97,09/06/25,112.01
009340,SANDALIA MOLEKINHO 2135.662 2135.662 PRETO,2,69.9,32.45,03/12/24,115.41
008789,SANDALIA MOLEKINHO 2135.763 36786BM MARINHO,1,79.9,35.17,11/05/26,127.18
007476,SANDALIA MOLEKINHO 2400-155 NAPA 7282,3,99.9,46.12,17/06/25,116.61
007478,SANDALIA MOLEKINHO 2400.355 1395 PRETO,1,99.9,42.69,28/06/24,134.01
008699,SANDALIA MOLEKINHO 2402.745 17063-MARIN/AREIA,3,99.9,46.12,17/06/25,116.61
009799,SANDALIA MOLEKINHO 2424.110 RUST 101021 VERDE,14,109.9,52.69,23/01/26,108.58
010376,SANDALIA MOLEKINHO 2430.101 15745 PRETO/P,12,109.9,52.69,23/01/26,108.58
007429,SANDALIA MOLEKINHO 2951-156 0526 BRANCO/OFF,1,69.9,30.46,/  /,129.48
010048,SANDALIA PAPETE BABY GRENDENE BS804 ROSA MEDIO,4,59.99,30.82,19/09/25,94.65
010047,SANDALIA PAPETE BABY GRENDENE BS803 ROSA CLARO,6,59.99,30.82,19/09/25,94.65
010286,SANDALIA PAPETE BABY GRENDENE BU269 ROSA/ROSA,1,59.99,30.82,26/11/25,94.65
010050,SANDALIA PAPETE BABY GRENDENE BQ901,4,59.99,30.82,19/09/25,94.65
010520,SANDALIA PAPETE BABY GRENDENE CB684,1,54.99,24.61,23/04/26,123.45
009817,SANDALIA PAPETE BABY MOLEKINHA 17165,5,129.9,60.24,23/09/25,115.64
009818,SANDALIA PAPETE BABY MOLEKINHA 78276 ROSA,2,129.9,55.53,18/06/25,133.93
007032,SANDALIA PAPETE CARTAGO 11713 AJ344 BEGE/MARROM,2,69.9,39.3,/  /,77.86
010039,SANDALIA PAPETE CARTAGO 12418 12418 BEGE CLARO,3,69.99,35.96,25/11/25,94.63
010274,SANDALIA PAPETE CARTAGO 12418 BL531 BEGE/MARROM,1,69.99,35.96,25/11/25,94.63
010701,SANDALIA PAPETE FEMININO BEIRA 103698,24,139.9,67.92,20/06/26,105.98
010702,SANDALIA PAPETE FEMININO BEIRA 104341,16,139.9,67.92,20/06/26,105.98
010616,SANDALIA PAPETE FEMININO MODARE 52531 NUDE A,10,134.99,63.68,26/05/26,111.98
010617,SANDALIA PAPETE FEMININO MODARE 108352 ALECRIM A,7,134.9,63.68,26/05/26,111.84
010666,SANDALIA PAPETE FEMININO MODARE 15758 PRETO/PRETO,7,144.99,69.37,08/06/26,109.01
010665,SANDALIA PAPETE FEMININO MODARE 106874 AVELA/MOCA,16,144.99,69.37,08/06/26,109.01
010663,SANDALIA PAPETE FEMININO MODARE 106596 CARAMELO,23,169.9,84.17,08/06/26,101.85
010664,SANDALIA PAPETE FEMININO MODARE 15745 PRETO A6,16,169.9,84.17,08/06/26,101.85
010705,SANDALIA PAPETE FEMININO MODARE 101439 CACAU A1,16,139.9,69.37,23/06/26,101.67
010706,SANDALIA PAPETE FEMININO MODARE 15745 PRETRO T,16,139.9,69.37,23/06/26,101.67
010635,SANDALIA PAPETE FEMININO MOLECA 91292 BLACK,21,139.9,68.49,31/05/26,104.26
010634,SANDALIA PAPETE FEMININO MOLECA 109531,20,139.99,68.49,31/05/26,104.39
010554,SANDALIA PAPETE FEMININO VIZZANO 101321 CHOCOLATE,10,159.9,69.46,30/04/26,130.2
010553,SANDALIA PAPETE FEMININO VIZZANO 15745 PRETO/PEL,11,159.9,69.46,30/04/26,130.2
010519,SANDALIA PAPETE GRENDENE KIDS BX084 AZUL,1,59.99,29.53,23/04/26,103.15
010049,SANDALIA PAPETE GRENDENE KIDS BV311 AZUL ESCURO,6,59.99,30.82,19/09/25,94.65
008839,SANDALIA PAPETE GRENDENE KIDS BC893P/CAN,4,62.99,28.75,08/07/24,119.1
010288,SANDALIA PAPETE GRENDENE KIDS BW316 CASTOR/AZUL,6,59.99,30.82,26/11/25,94.65
010287,SANDALIA PAPETE GRENDENE KIDS BU275,7,59.99,30.82,26/11/25,94.65
009868,SANDALIA PAPETE GRENDENE KIDS BQ540,1,59.99,31.47,26/06/25,90.63
010647,SANDALIA PAPETE INFANTIL 108441,14,124.99,54.98,02/06/26,127.34
009367,SANDALIA PAPETE KLIN 171223 6998 OFF-WHITE,1,120.0,50.96,17/12/24,135.48
009368,SANDALIA PAPETE KLIN 171225 0069 DOURADO,4,120.0,54.07,17/12/24,121.93
010476,SANDALIA PAPETE MODARE 7162.306 52531 NUDE SA,7,104.99,49.7,20/03/26,111.25
010475,SANDALIA PAPETE MODARE 7162.306 100196 AVELA S,5,104.99,49.06,14/04/26,114.0
010128,SANDALIA PAPETE MOLEKINHA PRETO CRISTAL,2,109.9,50.95,30/09/25,115.7
010127,SANDALIA PAPETE MOLEKINHA DOURADO NUDE 149,2,109.9,51.36,30/09/25,113.98
010453,SANDALIA PAPETE MOLEKINHA 108943,18,124.99,59.85,02/06/26,108.84
009816,SANDALIA PAPETE MOLEKINHA 95834,2,89.9,41.8,18/06/25,115.07
009815,SANDALIA PAPETE MOLEKINHA 91008 PRETO/BLAK,1,89.9,41.8,18/06/25,115.07
008380,SANDALIA PAPETE MOLEKINHA 98246STR B,6,99.9,44.05,02/12/24,126.79
008696,SANDALIA PAPETE MOLEKINHA 35312 MOL/BRANCO,5,99.9,43.51,28/06/24,129.6
008694,SANDALIA PAPETE MOLEKINHA 78276 -,1,99.9,46.12,28/06/24,116.61
009814,SANDALIA PAPETE MOLEKINHA 98249,2,89.9,44.74,18/06/25,100.94
009337,SANDALIA PAPETE MOLEKINHA 2733.108 PRETO,3,89.9,41.15,02/12/24,118.47
009812,SANDALIA PAPETE MOLEKINHA 15745 PRETO,8,109.9,51.02,18/06/25,115.41
009743,SANDALIA PAPETE MOLEKINHO CARAMELHO/BRANCO,2,89.9,40.23,09/06/25,123.47
010437,SANDALIA PAPETE MOLEKINHO 109448,10,94.99,43.16,10/03/26,120.09
010438,SANDALIA PAPETE MOLEKINHO 107178,12,94.99,43.16,10/03/26,120.09
008676,SANDALIA PAPETE RIDER 12149 R AX857,1,69.99,32.85,01/12/25,113.06
010618,SANDALIA PAPETE TRATORADA 35312 BRANCO OFF,24,99.9,49.7,26/05/26,101.01
010631,SANDALIA PAPETE TRATORADA 109977,17,114.99,54.98,29/05/26,109.15
009688,SANDALIA PAPETE VIZZANO 6499.122 15745 PRETO 01,16,149.9,74.02,18/06/26,102.51
010028,SANDALIA PAPETE VIZZANO 6499.122 MOCCA,15,149.9,74.02,18/06/26,102.51
009864,SANDALIA PAPETE ZAXY 19218 LUCKY BS807 NUDE,3,87.99,41.97,26/06/25,109.65
009865,SANDALIA PAPETE ZAXY 19218 LUCKY BS808 DALIA/ROSA,2,87.99,41.97,26/06/25,109.65
007111,SANDALIA PAPETE ZAXYNINA 18820 AS710 NUDE/CLARO,2,59.9,31.39,/  /,90.83
009584,SANDALIA PAPETE ZAXYNINA 19060 BN218 AMARELO,6,79.9,34.82,02/04/25,129.47
009585,SANDALIA PAPETE ZAXYNINA 19060 BO230 NUDE,4,79.9,34.82,04/12/25,129.47
009583,SANDALIA PAPETE ZAXYNINA 19060 BN214 OFF WHITE,3,79.9,34.82,02/04/25,129.47
009160,SANDALIA PAPETE ZAXYNINA 19061 BF750 LILAS,1,69.99,33.54,01/12/25,108.68
009162,SANDALIA PAPETE ZAXYNINA 19062 BF259 ROSA DALIA,1,79.9,35.55,01/12/25,124.75
009586,SANDALIA PAPETE ZAXYNINA 19167 BK985 NUDE,1,79.9,34.82,01/12/25,129.47
006925,SANDALIA PEGADA 131668-02 285-01 ANILINA,9,209.9,105.89,11/12/25,98.22
010621,SANDALIA PLATAFORMA MOLEKINHA 94979,15,109.9,54.98,28/05/26,99.89
010566,SANDALIA RASTEIRA FEMININO BE494 VERDE/VERDE,10,54.99,24.61,05/05/26,123.45
010565,SANDALIA RASTEIRA FEMININO BC838 BEGE/BEGE,41,54.99,24.61,05/05/26,123.45
010564,SANDALIA RASTEIRA FEMININO BC837 PRETO/PRETO,30,54.99,24.61,05/05/26,123.45
010590,SANDALIA RASTEIRA FEMININO 35312 BRANCO OFF,24,129.9,63.68,12/05/26,103.99
010589,SANDALIA RASTEIRA FEMININO 101321 CHCOLATE,21,129.99,63.68,12/05/26,104.13
010588,SANDALIA RASTEIRA FEMININO 101439 CACAU,19,149.9,73.08,12/05/26,105.12
010587,SANDALIA RASTEIRA FEMININO 35312 BRANCO OFF,18,149.9,73.08,12/05/26,105.12
010622,SANDALIA RASTEIRA MOLEKINHA 66 DOURADO A,15,109.9,54.98,28/05/26,99.89
010214,SANDALIA SALTINHO MOLEKINHA TWIST BRANCO OFF,6,109.9,51.36,30/10/25,113.98
010406,SANDALIA SALTINHO MOLEKINHA BRANCO,5,119.9,56.62,05/02/26,111.76
010213,SANDALIA SALTINHO MOLEKINHA STRASS OURO ROSAD,1,129.9,60.24,30/10/25,115.64
010584,SANDALIA SALTO BLOCO MODARE 95373 CAMEL EL,21,164.9,78.29,11/05/26,110.63
010583,SANDALIA SALTO BLOCO MODARE 100711 PRETO,13,164.99,78.29,11/05/26,110.74
010623,SANDALIA SALTO BLOCO MOLEKINHA 107933,16,129.9,64.51,28/05/26,101.36
009712,SANDALIA SALTO MEDIO MODARE 97016,8,164.99,79.31,05/12/25,108.03
009275,SANDALIA SALTO MODARE 7187.100 7187.100 PRETO,19,164.99,79.31,05/12/25,108.03
009987,SANDALIA SALTO MODARE 7187.100 AVELA,23,164.99,78.29,11/05/26,110.74
009394,SANDALIA SALTO MODARE 7187.100 102139,18,164.99,74.59,21/06/25,121.2
009276,SANDALIA SALTO MODARE 7187.100 7187.100 NUDE/TAN,6,164.99,79.31,05/12/25,108.03
010429,SANDALIA VIZZANO 6235.1727 VERN 35312 BRANCO,4,124.99,50.28,04/03/26,148.59
010430,SANDALIA VIZZANO 6235.1727 VERN 101321,7,124.99,50.29,04/03/26,148.54
010110,SANDALIA VIZZANO 6513.218 NAPA 35312 BRANCO OFF,3,139.9,64.79,30/09/25,115.93
010111,SANDALIA VIZZANO 6513.218 NAPA 101441 CAPUCCINO,1,139.9,64.79,30/09/25,115.93
010308,SANDALIA VIZZANO 6570.100 NAPA 35312 BRANCO OFF,6,179.9,79.86,05/12/25,125.27
010307,SANDALIA VIZZANO 6570.103 PELICA 35312 BRANCO OFF,5,179.9,84.51,05/12/25,112.87
010309,SANDALIA VIZZANO 6570.200 NAPA 104068 MOCCA CALF,8,179.9,84.51,05/12/25,112.87
010306,SANDALIA VIZZANO 6570.203 PELICA 95373 CAMEL,3,179.9,84.51,05/12/25,112.87
008141,SANDALIA WORLDCOLORS 111.036 1149 ALICE PINK,2,99.9,46.51,/  /,114.79
008142,SANDALIA WORLDCOLORS 111.036 3460 ALICE K,2,99.9,48.85,/  /,104.5
008018,SANDALIA WORLDCOLORS 296.001 1463 BABY DOURADO,1,127.9,55.83,08/07/25,129.09
008020,SANDALIA WORLDCOLORS 296.001 992 BABY PRETO,2,127.9,55.83,08/07/25,129.09
007138,SANDALIA ZAXY 18770 CONECTADA AP039 NUDE,1,69.9,28.65,/  /,143.98
007114,SANDALIA ZAXYNINA 18501 91056 ROSA/ESCURO,1,62.99,30.45,01/12/25,106.86
008825,SANDALIA ZAXYNINA 18501 BE138Z/MOD ROSA,8,69.99,30.48,04/12/25,129.63
007118,SANDALIA ZAXYNINA 18501 90163 ROSA/CLARO,4,62.99,28.75,04/12/25,119.1
007112,SANDALIA ZAXYNINA 18776 AO862 ROSA/CHOQUE,1,69.99,31.61,/  /,121.42
006262,SANDALIA ZAXYNINA 18859 BABY AU059 ROSA MEDIO,14,79.9,36.87,04/12/25,116.71
007113,SANDALIA ZAXYNINA 18859 BABY AU060 ROSA,1,79.9,38.81,01/12/25,105.87
008882,SANDALIA ZAXYNINA 18988 BA656Z/FO ROSA,2,79.9,35.55,01/12/25,124.75
009037,SANDALIA ZAXYNINA 19060 ZAXYNINA BF040 ROSA MEDIO,3,62.99,30.48,04/12/25,106.66
010066,SANDALIA ZAXYNINA 19287 SWEETY ROSA MEDIO/ AZUL,2,52.99,25.68,19/09/25,106.35
010282,SANDALIA ZAXYNINA 19287 SWEETY BT395 ROSA DALIA,1,52.99,25.68,26/11/25,106.35
010067,SANDALIA ZAXYNINA 19287 SWEETY NUDE CLARO/ ROSA,2,52.99,25.68,19/09/25,106.35
006998,SANDALIA ZAXYNINA KIDS 18859 AY757 ROSA MEDIO,8,79.9,36.87,04/12/25,116.71
010596,SAPATENIS CASUAL INFANTIL 107746,11,109.9,52.69,15/05/26,108.58
010597,SAPATENIS CASUAL INFANTIL 56470,11,109.9,52.69,22/05/26,108.58
009779,SAPATENIS KIDS CASUAL MIMO FLEX 040,6,74.99,30.87,04/12/25,142.92
009778,SAPATENIS KIDS CASUAL MIMO FLEX 017,1,74.99,30.87,04/12/25,142.92
009780,SAPATENIS KIDS CASUAL MIMO FLEX 054 PRETO/BRANCO,4,74.99,30.87,04/12/25,142.92
009781,SAPATENIS KIDS CASUAL MIMO FLEX 055,2,74.99,30.87,04/12/25,142.92
010378,SAPATENIS KIDS CASUAL MOLEKINHO 100004 CAFE/AREIA,5,129.9,61.82,27/01/26,110.13
010683,SAPATENIS KIDS CASUAL MOLEKINHO ZIPER BRANCO,23,149.9,73.08,16/06/26,105.12
010684,SAPATENIS KIDS CASUAL MOLEKINHO 43122,15,149.9,73.08,16/06/26,105.12
010685,SAPATENIS KIDS CASUAL MOLEKINHO 16072 BRANCO A1,16,149.9,73.08,16/06/26,105.12
010085,SAPATENIS KIDS MOLEKINHO AREIA NEO,3,129.9,60.24,25/09/25,115.64
006566,SAPATENIS KLIN 117.171 FLYER 9426 LINHO,2,159.9,74.96,/  /,113.31
007678,SAPATENIS KLIN 1661.700 FLYER 5517 AREIA,3,139.9,54.13,/  /,158.45
007756,SAPATENIS KLIN 197.128 CURUMIM 3255,2,118.99,0.0,/  /,0.0
007757,SAPATENIS KLIN 197.128 CURUMIM 3170,1,118.99,0.0,/  /,0.0
006370,SAPATENIS MOLEKINHO 23174239 PRETO 01/BRANCO,3,119.9,53.88,27/10/23,122.53
007332,SAPATENIS MOLEKINHO 2623-102 61877 PRETO/CAMEL,1,119.9,52.39,/  /,128.86
007331,SAPATENIS MOLEKINHO 2623-102 36783,1,119.99,57.11,/  /,110.1
007348,SAPATENIS MOLEKINHO 2623-105 88285 OFF/BRANCO,1,109.9,48.17,/  /,128.15
007370,SAPATENIS MOLEKINHO 2623-109 75948,1,109.9,52.47,/  /,109.45
010118,SAPATENIS MOLEKINHO 2623.121 BRANCO OFF AREIA,1,119.9,55.89,30/09/25,114.53
010117,SAPATENIS MOLEKINHO 2623.123 PRETO,6,129.9,60.24,30/09/25,115.64
010463,SAPATENIS MOLEKINHO 2631.121 36783 BRANCO,10,134.99,61.82,18/03/26,118.36
007383,SAPATENIS MOLEKINHO 2631.202 526 BRANCO OFF,3,99.9,44.74,/  /,123.29
007381,SAPATENIS MOLEKINHO 2631.202 01 PRETO/BEGE,1,99.9,44.74,/  /,123.29
010464,SAPATENIS MOLEKINHO 2634.115 72827,6,124.99,57.36,18/03/26,117.9
010380,SAPATENIS MOLEKINHO 2651.103 101057,8,129.9,61.82,28/01/26,110.13
007463,SAPATENIS MOLEKINHO 2827-120 3531,1,119.9,55.03,/  /,117.88
009742,SAPATENIS MOLEKINHO 2838.128 CAFE/CARAMELHO,2,139.9,64.79,25/09/25,115.93
009741,SAPATENIS MOLEKINHO 2838.128 BRANCO,6,139.9,64.79,25/09/25,115.93
007457,SAPATENIS MOLEKINHO 2852-100 7282,4,119.9,53.88,/  /,122.53
006568,SAPATENIS MOLEKINHO 2852-100 2721 WHISKY/CAFE,1,119.9,53.88,07/11/23,122.53
010396,SAPATENIS MOLEKINHO 2852.121 107743 TAUPE,22,149.9,70.94,03/02/26,111.31
010126,SAPATILHA BABY MOLEKINHA 00066 DOURADO N,6,89.9,42.06,30/09/25,113.74
009852,SAPATILHA BABY MOLEKINHA 0066 DOURADO,2,89.9,40.23,21/06/25,123.47
009853,SAPATILHA BABY MOLEKINHA 15745 PRETO,2,89.9,41.8,21/06/25,115.07
010124,SAPATILHA BABY MOLEKINHA 15745 PRETO 01 N,11,99.9,46.41,30/09/25,115.26
010125,SAPATILHA BABY MOLEKINHA 78276 ROSA 942 N,5,99.9,46.41,30/09/25,115.26
010610,SAPATILHA MODARE 7016.461 NAPA 15745 PRETO A3,11,134.99,63.68,/  /,111.98
010611,SAPATILHA MODARE 7016.461 NAPA 83517 CREME A,16,134.99,63.68,/  /,111.98
010605,SAPATILHA MODARE 7016.461 NAPA 100196 AVELA A1,9,134.99,63.68,21/05/26,111.98
010129,SAPATILHA MOLEKINHA 2083.1131 DOURADO NAPA,1,99.9,46.41,30/09/25,115.26
010130,SAPATILHA MOLEKINHA 2083.1144 ROSA NAPA,1,109.9,51.36,30/09/25,113.98
010688,SAPATILHA MOLEKINHA 2083.1148 15745 PRETO A7,14,119.9,59.08,18/06/26,102.95
010687,SAPATILHA MOLEKINHA 2083.1149 66 DOURADO A1,15,109.9,54.28,18/06/26,102.47
006682,SAPATILHA MOLEKINHA  2106.1050 6499 PRETO/PRATA,1,89.9,39.02,10/11/23,130.39
003233,SAPATILHA MOLEKINHA BABY 2106.103,3,89.9,37.95,01/12/25,136.89
007367,SAPATILHA MOLEKINHO 2617-100 16261,5,69.9,31.98,/  /,118.57
009773,SAPATILHA RN MIMO FLEX 003.821 021 DOURADO,1,49.99,21.41,01/12/25,133.49
010411,"SLIME BALDE GELELE 1,5 KG DOS VERMELHO ROBSON",1,69.99,35.33,05/02/26,98.1
008124,SLIME BRILHA NO ESCURO 110G B/ESCURO CORES,6,15.99,6.55,12/04/24,144.12
009127,"SLIME GELELE BALDE 1,5KG BIG TRAD. CORES",1,62.99,29.13,09/05/25,116.24
009673,SLIME GELELE BARBIE 180G SORT BARBIE,8,22.99,9.55,09/05/25,140.73
009087,SLIME GELELE GELELE SLIME COLOR COLOR - GELELE,99,14.99,5.64,/  /,165.78
009674,SLIME GELELE HOTWHEELS 180G SORT HOTWHEELS,60,22.99,8.18,09/05/25,181.05
006765,SLIME GELELE  KIT ATIVADOR MC JP CORES VARIADAS,1,39.9,19.13,05/02/26,108.57
009039,SLIME GELELE MARIA CLARA E JP CORES,31,14.99,7.74,05/02/26,93.67
006101,SLIME GELELE OVO E BOLINHA OVO MIX +BOLINHA,8,13.9,6.36,10/11/23,118.55
006100,SLIME GELELE OVO SURPRESA UNICORNIO SORTIDO,39,14.99,7.02,05/02/26,113.53
009325,SLIME GELELE SONIC DISCO GELELE SONIC,73,19.9,9.55,29/11/24,108.38
006098,SLIME GELELE TIE DYE SUP 2 SORTIDO,1,46.9,25.13,/  /,86.63
009123,SLIME GELELE TORRE GLITTER 196G TORRE/SLIM/VARIAS,5,22.0,9.75,/  /,125.64
006666,SLIME GLITTER GELELE POTE GLITTER P.CORES,23,12.9,6.01,10/11/23,114.64
010408,SLIME MIX SURPRESA GELELE 153G SORTIDO MIX CAPR,19,24.99,9.72,05/02/26,157.1
010407,SLIME TORRE GELELE 330 G DOS SORTIDO   DOS,13,29.99,13.53,05/02/26,121.66
003932,SLIP ON MODARE 7381.101 TC MODARE SLP,4,159.9,64.78,/  /,146.84
008121,STIICA E PULA GELELE LOOK MONSTER CORES,10,15.99,6.97,09/05/25,129.41
008120,STIICA E PULA GELELE TRADICIONAL TRADICIONAL CORES,25,15.99,6.7,04/06/24,138.66
008986,TAMANCO ANABELA MODARE 7151.115  015745T PRETO,28,144.99,68.49,05/05/26,111.7
010555,TAMANCO ANABELA MODARE 7151.115 95373 CAMEL L,16,144.99,68.49,05/05/26,111.7
010606,TAMANCO ANABELA MOLECA 5579.101 15745 PRETO A1,15,104.99,49.06,21/05/26,114.0
010607,TAMANCO ANABELA MOLECA 5579.101 35312 BRANCO OFF,21,104.99,49.06,21/05/26,114.0
010608,TAMANCO ANABELA SLIDE MOLECA 101321 CHOCOLATE,18,104.99,49.06,30/05/26,114.0
010609,TAMANCO ANABELA SLIDE MOLECA 15745 PRETO A2,17,104.99,49.06,21/05/26,114.0
006703,TAMANCO AZALEIA 18836 LIA SOF LS AS509 PRETO,1,99.9,52.31,/  /,90.98
009596,TAMANCO AZALEIA 18908 FABI LIGHT 18908 BEGE/MARROM,4,79.99,38.77,18/12/25,106.32
009559,TAMANCO AZALEIA 18908 FABI LIGHT AZ804 COBRE/NUDE,1,79.99,37.54,26/03/25,113.08
010089,TAMANCO AZALEIA 18908 FABI LIGHT MARROM CAFE,23,89.99,39.38,05/05/26,128.52
006269,TAMANCO AZALEIA 18908 FABI LIGHT FL AV596 PRETO,39,89.99,39.38,05/05/26,128.52
009598,TAMANCO AZALEIA 19180 MARIA BM643 VERDE,1,109.99,51.63,03/04/25,113.04
009947,TAMANCO AZALEIA 19296 LIZI BS195 PRETO LIZI,1,77.99,36.72,18/08/25,112.39
010549,TAMANCO AZALEIA 19383 MAIARA BX920 MARROM URSO,11,119.99,54.16,24/04/26,121.55
010550,TAMANCO AZALEIA 19383 MAIARA BX922 OFF WHIT,18,119.99,54.16,24/04/26,121.55
010259,TAMANCO BEIRA RIO 8546.210 NAPA BRANCO OFF NT,1,159.9,77.66,18/11/25,105.9
010219,TAMANCO MODARE 7100.110 LUMY 98321 PRETO/BLACK,3,174.99,84.17,18/03/26,107.9
008208,TAMANCO MODARE 7142.106 NP/SEN 96783.NUDE,48,99.9,45.99,16/04/26,117.22
009235,TAMANCO MODARE 7142.106 NP/SEN 7142.106 - CAMEL,53,99.9,49.06,24/04/26,103.63
009856,TAMANCO MODARE 7142.106 NP/SEN 15745 PRETO,5,99.9,45.99,11/05/26,117.22
010505,TAMANCO MODARE 7142.106 NP/SEN 102465,43,99.9,45.99,11/05/26,117.22
009396,TAMANCO MODARE 7142.106 NP/SEN 102417,25,99.9,49.7,05/12/25,101.01
008204,TAMANCO MODARE 7142.106 NP/SEN 96782.PRETO,50,99.9,49.06,24/04/26,103.63
008210,TAMANCO MODARE 7142.106 TRESSE 96782.NP/PRETO,6,99.9,40.2,17/11/25,148.51
008209,TAMANCO MODARE 7142.106 TRESSE 96781 NP/TAN,4,99.9,42.61,21/03/25,134.45
003891,TAMANCO MODARE 7142.127 TIRA MDR TAMANCO PRETO,3,99.9,46.28,/  /,115.86
006135,TAMANCO MODARE 7142.129 PON NP P 15745 PRETO 01,2,109.9,46.0,30/07/25,138.91
010224,TAMANCO MODARE 7142.145 GASPEA PRETO BLACK,16,124.99,59.85,11/06/26,108.84
010319,TAMANCO MODARE 7151.115 NAPA AVELA FLOATH,2,139.9,69.37,05/12/25,101.67
010460,TAMANCO MODARE 7151.115 NP FLOAT 14745 PRETO/NA,12,144.99,69.37,18/03/26,109.01
010203,TAMANCO MODARE 7151.115 VENEZIA 00031,2,144.99,69.37,18/03/26,109.01
010320,TAMANCO MODARE 7151.134 STREC AVELA CAMEL,6,119.9,59.85,05/12/25,100.33
010321,TAMANCO MODARE 7151.134 STREC NUDE DOURADO,23,119.9,59.85,05/12/25,100.33
010247,TAMANCO MODARE 7210.206 SUPREMA NUDE SUPREMA,1,149.9,70.99,12/11/25,111.16
009882,TAMANCO MODARE 7215.101 VENEZIA CAMEL 1165,3,149.9,68.49,05/11/25,118.86
009881,TAMANCO MODARE 7215.101 VENEZIA PRETO 01/ CAMEL,12,149.9,69.37,27/11/25,116.09
010310,TAMANCO MOLECA 5554.103 PVC 101321 CHOCOLATE,2,99.9,49.06,05/12/25,103.63
010311,TAMANCO MOLECA 5554.103 PVC 15745 PRETO PVC,16,99.9,49.06,12/05/26,103.63
010644,TAMANCO PLATAFORMA FEMININO 1000196 AVELA,16,149.9,69.29,02/06/26,116.34
010643,TAMANCO PLATAFORMA FEMININO 15745 PRETO NAPA,16,149.9,69.27,02/06/26,116.4
010646,TAMANCO PLATAFORMA SLIDE 15745 PRETO A5,14,149.9,69.29,02/06/26,116.34
010645,TAMANCO PLATAFORMA SLIDE 100196 AVELA A2,16,149.9,69.29,02/06/26,116.34
009661,TAMANCO SALTO MODARE 7187.110 100196 AVELA,1,169.9,78.39,29/04/25,116.74
010675,TAMANCO SLIDE HAVAIANAS 7142.147 110151 AVELA,15,139.9,69.37,11/06/26,101.67
010674,TAMANCO SLIDE HAVAIANAS 7142.147 108811 DOURADO,16,139.9,69.37,11/06/26,101.67
009554,TAMANCO SLIDE MODARE 7142.101 102417,8,109.9,44.35,21/03/25,147.8
008206,TAMANCO SLIDE MODARE 7142.101 96781.NP.TAN1080/,9,109.9,52.82,05/06/25,108.07
009854,TAMANCO SLIDE MODARE 7142.101 102465,3,109.9,46.94,25/06/25,134.13
010434,TAMANCO SLIDE MODARE 7142.101 15745 PRETO/PRETO,23,109.9,49.06,24/04/26,124.01
010537,TAMANCO SLIDE MODARE 7142.101 96723 NUDE/CAMEL,18,109.9,49.06,24/04/26,124.01
010504,TAMANCO SLIDE MODARE 7142.101 106874,14,109.9,45.99,16/04/26,138.96
010435,TAMANCO SLIDE MODARE 7142.101 15758 PRETO/PRETO,5,109.9,49.7,10/03/26,121.13
010436,TAMANCO SLIDE MODARE 7142.106 102465,3,104.99,49.7,11/05/26,111.25
010222,TAMANCO SLIDE MODARE 7215.102 PRETO NOBUCK,5,159.9,78.29,05/11/25,104.24
010223,TAMANCO SLIDE MODARE 7215.102 NUDE NOBUCK,6,159.9,78.29,05/11/25,104.24
009880,TAMANCO SLIDE MODARE 7215.102 PRETO 01,17,159.9,79.31,30/05/26,101.61
009879,TAMANCO SLIDE MODARE 7215.102 VERDE SALVIA,15,159.9,79.31,30/05/26,101.61
009424,TENIS ACTVITTA 4202.554 FAV/NAP 15860 PRETO/PETO,3,109.9,48.97,19/02/25,124.42
009035,TENIS ACTVITTA 4841.101 LOC 99378 - ROSA 1228,2,199.9,86.36,07/08/24,131.47
010551,TENIS ACTVITTA 4841.103 LOC 16143,41,199.9,78.43,22/06/26,154.88
009034,TENIS ACTVITTA 4841.103 LOC 15758,43,199.9,78.43,22/06/26,154.88
010431,TENIS ACTVITTA 4849.100 107312,4,214.99,99.32,10/03/26,116.46
010432,TENIS ACTVITTA 4849.307 108641 BRANCO OFF,11,254.99,115.6,26/05/26,120.58
010358,TENIS ACTVITTA 4849.500 107082 PRETO,5,224.99,103.99,10/03/26,116.36
010357,TENIS ACTVITTA 4849.502 ENERGY 107038 BRANCO OFF,15,254.99,115.6,26/05/26,120.58
009878,TENIS ACTVITTA 4853.100 COBALTO ROSA,12,145.99,68.95,04/03/26,111.73
009877,TENIS ACTVITTA 4853.100 PRETO/PRATA,4,145.99,69.37,11/12/25,110.45
010149,TENIS ACTVITTA 4853.100 PRETO,6,145.99,68.95,04/03/26,111.73
009061,TENIS ACTVITTA 4931.103 LOC 83802,35,199.9,82.49,22/06/26,142.33
009873,TENIS ACTVITTA 4931.103 LOC 4931.103,41,199.9,82.49,22/06/26,142.33
010334,TENIS ACTVITTA 4938.101 PRETO GRAFITE,10,239.9,113.52,05/05/26,111.33
009898,TENIS ACTVITTA 4938.101 104972,17,239.9,113.52,05/05/26,111.33
009897,TENIS ACTVITTA 4938.101 104969,3,239.9,107.06,16/07/25,124.08
010335,TENIS ACTVITTA 4945.201 XANGAI PRETO/PETROLEO,6,269.9,127.71,12/12/25,111.34
008953,TENIS CASUAL ACTVITTA 4916.518 93249A/SOR AREIA,7,179.9,86.24,20/02/26,108.6
009857,TENIS CASUAL ACTVITTA 4916.518 103153 AREIA,1,179.9,84.05,25/06/25,114.04
008952,TENIS CASUAL ACTVITTA 4916.518 15745A/SOR PRETO,11,179.9,85.14,26/11/25,111.3
010592,TENIS CASUAL FEMININO MODARE 100196 AVELA A,7,149.9,73.08,12/05/26,105.12
010591,TENIS CASUAL FEMININO MODARE 15745 PRETO NEW,5,149.9,73.08,12/05/26,105.12
009602,TENIS CASUAL MODARE 7401.103 29574,1,229.9,107.12,02/06/25,114.62
009872,TENIS CASUAL MODARE 7405.103 105032 BRANCO,4,245.99,116.93,16/09/25,110.37
010580,TENIS CASUAL MODARE 7414.101 35432 BRANCO,6,245.99,116.93,09/05/26,110.37
010579,TENIS CASUAL MODARE 7414.102 17165,2,245.99,116.93,09/05/26,110.37
010614,TENIS CASUAL MODARE 7416.100 16072 BRANCO A,24,199.9,90.98,01/06/26,119.72
010613,TENIS CASUAL MODARE 7416.202 110623 BRANCO,11,209.99,97.72,26/05/26,114.89
010465,TENIS CASUAL MOLEKINHA 2118.592 17689,11,99.9,47.63,18/03/26,109.74
010420,TENIS CASUAL MOLEKINHA 2565.321 17689,2,139.9,65.64,04/03/26,113.13
010421,TENIS CASUAL MOLEKINHA 2565.321 93824 BRANCO/PINK,2,139.9,65.64,04/03/26,113.13
010482,TENIS CASUAL MOLEKINHA 2582.102 17689,17,114.99,52.69,27/03/26,118.24
010400,TENIS CASUAL MOLEKINHA 2582.110 BRANCO/NUDE/DOURA,3,139.9,65.64,04/02/26,113.13
010399,TENIS CASUAL MOLEKINHA 2582.111 BRANCO/PRETO/DOUR,4,139.9,65.63,04/02/26,113.16
010466,TENIS CASUAL MOLEKINHA 2723.221 15745 PRETOGL,10,119.9,57.36,18/03/26,109.03
010467,TENIS CASUAL MOLEKINHA 2723.222 79486 ROSA/ROSA G,5,129.9,61.82,18/03/26,110.13
009851,TENIS CASUAL MOLEKINHA 2740.203 15745 PRETO,3,109.9,51.02,21/06/25,115.41
010726,TENIS CASUAL MOLEKINHO 2631.122 17689,12,119.9,59.08,25/06/26,102.95
010727,TENIS CASUAL MOLEKINHO 2631.223 96412 BRANFO,12,129.9,63.68,25/06/26,103.99
010163,TENIS CORRIDA ACTVITTA 4849.104 105852 AZUL N,5,239.9,112.06,10/10/25,114.08
010164,TENIS CORRIDA ACTVITTA 4849.104 105855 PRETO PINK,1,239.9,112.06,10/10/25,114.08
010428,TENIS CORRIDA ACTVITTA 4859.100 PRETO/COBAL/PRETO,7,274.99,127.71,04/03/26,115.32
010427,TENIS CORRIDA ACTVITTA 4859.101 BRANCO/AZUL,11,284.99,132.37,04/03/26,115.3
010426,TENIS CORRIDA ACTVITTA 4859.202 PETALA/LIME/PRETO,8,294.99,136.84,04/03/26,115.57
010157,TENIS CORRIDA ACTVITTA 4938.104 105910 ROYAL N,6,259.9,121.07,07/10/25,114.67
010158,TENIS CORRIDA ACTVITTA 4938.104 105913,1,259.9,121.07,07/10/25,114.67
010425,TENIS CORRIDA ACTVITTA 4947.100 PRETO/RON/CINZA,6,294.99,136.84,04/03/26,115.57
010424,TENIS CORRIDA ACTVITTA 4947.202 ROYAL/TURQUESA/PR,8,324.99,151.02,11/05/26,115.2
010690,TENIS INFANTIL CASUAL MOLEKINHO 111778 CAFE/AREIA,16,159.9,78.29,18/06/26,104.24
010691,TENIS INFANTIL CASUAL MOLEKINHO 111777,16,159.9,78.29,18/06/26,104.24
009832,TENIS KIDS CASUAL MOLEKINHA 52987 BRANCO,3,149.9,68.69,18/06/25,118.23
009831,TENIS KIDS CASUAL MOLEKINHA 21007,2,149.9,68.69,18/06/25,118.23
010077,TENIS KIDS CASUAL MOLEKINHA 106053,2,119.9,55.89,23/09/25,114.53
009830,TENIS KIDS CASUAL MOLEKINHA 17165,4,129.9,57.6,17/11/25,125.52
009775,TENIS KIDS MIMO FLEX 006.019 045 MARINHO/CINZA,5,69.99,28.29,04/12/25,147.4
009774,TENIS KIDS MIMO FLEX 006.019 039 PRETO/GRAFITE,3,69.99,28.29,04/12/25,147.4
010088,TENIS KIDS MOLEKINHA 2574.120 GP 85705 BRANCO OFF,1,149.9,69.13,25/09/25,116.84
010075,TENIS KIDS MOLEKINHA 2580.100 40000,1,149.9,69.13,23/09/25,116.84
010076,TENIS KIDS MOLEKINHA 2580.109 104578 GLITTER,5,179.9,82.96,23/09/25,116.85
010084,TENIS KIDS MOLEKINHO 2831.113 PRETO M DAVE,2,129.9,60.24,25/09/25,115.64
010083,TENIS KIDS MOLEKINHO 2831.141 RU PRETO NE,10,119.9,55.9,25/09/25,114.49
009804,TENIS KIDS MOLEKINHO 2831.240 FL 15745 PRETO,2,149.9,68.69,17/06/25,118.23
009805,TENIS KIDS MOLEKINHO 2831.240 FL 94264,1,149.9,68.69,17/06/25,118.23
010471,TENIS KIDS MOLEKINHO 2850.420 RU 1860 PRETO/PRETO,12,144.9,66.48,20/03/26,117.96
010115,TENIS KIDS MOLEKINHO 2861.117 BRANCO CINZA,3,129.9,60.24,22/05/26,115.64
010116,TENIS KIDS MOLEKINHO 2861.117 BRANCO OFF PORTO,12,129.9,61.82,27/01/26,110.13
010472,TENIS KIDS MOLEKINHO 2864.112 15745,8,144.9,66.48,20/03/26,117.96
009229,TENIS KIDS MOLEKINHO 2866.101 NP MARINHO RUSTICO,5,169.9,74.16,25/09/25,129.1
010082,TENIS KIDS MOLEKINHO 2866.101 NP PRETO RUSTICO,5,169.9,78.61,25/09/25,116.13
010462,TENIS KIDS MOLEKINHO 2866.113 15745 PRETO GU,9,179.9,85.14,18/03/26,111.3
010131,TENIS KIDS MOLEKINHO 2869.101 PRETO BRANCO,8,169.9,78.61,30/09/25,116.13
010132,TENIS KIDS MOLEKINHO 2869.105 PRETO FREE,5,159.9,74.06,30/09/25,115.91
010081,TENIS KIDS MOLEKINHO 2872.101 PRETO DAVE,11,139.9,64.79,25/09/25,115.93
009802,TENIS KIDS MOLEKINHO 2872.101 104626,17,139.9,64.79,25/09/25,115.93
009803,TENIS KIDS MOLEKINHO 2872.101 40589,11,139.9,64.37,17/06/25,117.34
008086,TENIS KLIN 199.079 NEW SPORT 1099,1,119.9,54.13,/  /,121.5
007686,TENIS KLIN 260.076 MINI STYLE 2996,3,184.9,83.29,/  /,122.0
006143,TENIS KLIN 453.106 WALK BABY WALK,2,127.9,57.68,/  /,121.74
007734,TENIS KLIN 453.108 WALK BABY 3428 MARINHO/ROSA,2,136.9,61.81,/  /,121.49
006381,TENIS LED MOLEKINHA 2731.203 5895 ROSA,3,159.9,71.4,01/12/25,123.95
009848,TENIS LED MOLEKINHA 2742.201 84095,1,129.9,59.86,01/12/25,117.01
010120,TENIS LED MOLEKINHA 2742.203 106076 BRANCO,2,139.9,64.79,30/09/25,115.93
010121,TENIS LED MOLEKINHA 2742.204 99740 BRANCO,6,149.9,69.13,30/09/25,116.84
010468,TENIS LED MOLEKINHO 2620.103 003 PRETO LE,13,134.99,61.82,20/03/26,118.36
010469,TENIS LED MOLEKINHO 2620.125 83463,11,149.9,70.94,20/03/26,111.31
010725,TENIS LED MOLEKINHO 2632.217 82551 PRETO/CINZA,12,169.9,83.09,25/06/26,104.48
010724,TENIS LED MOLEKINHO 2632.217 111762,12,169.9,83.09,25/06/26,104.48
010470,TENIS LED MOLEKINHO 2634.116 FL 15860 PRETO/PRETO,15,134.99,61.82,20/03/26,118.36
006138,TENIS MODARE 7378.109 GASP KNIT NUDE 658,1,159.9,72.45,/  /,120.7
007834,TENIS MODARE 7389.103 ALLENDE PRETO 01 ALLENDE,1,239.9,108.2,/  /,121.72
009401,TENIS MODARE 7401.102 LONDON BRANCO OFF/ VERDE,2,224.99,107.12,19/11/25,110.04
007949,TENIS MOLECA 5667.322 SIDER FEM 15758-PRETO/PRETO,2,129.9,60.08,/  /,116.21
010122,TENIS MOLEKINHA 2118.591 NAPA 105233 PRETO ROSA,2,89.9,42.06,30/09/25,113.74
010123,TENIS MOLEKINHA 2118.592 ITALIA 105272 BRANCO,3,99.9,46.41,30/09/25,115.26
007803,TENIS MOLEKINHA 2131.625 VERNIZ 5738 BRANCO,2,109.9,49.18,01/12/25,123.46
010723,TENIS MOLEKINHA 25005.203 PITON 44610 BRANCO,15,159.9,78.29,25/06/26,104.24
010499,TENIS MOLEKINHA 25005.203 PITON 18323,7,159.9,76.0,09/04/26,110.39
007592,TENIS MOLEKINHA 2554.110 7827 ROSA/BRANCO,1,99.9,45.69,16/07/25,118.65
007564,TENIS MOLEKINHA 2565.102 LONA 9333 ROSA/NIQUEL,4,159.9,69.62,/  /,129.68
008039,TENIS MOLEKINHA 2565.102 LONA 1990,2,159.9,69.62,/  /,129.68
009748,TENIS MOLEKINHA 2574.116 NAPA BRANCO/PRETO,3,129.9,58.48,17/11/25,122.13
010398,TENIS MOLEKINHA 2580.111 PARIS BRANCO OFF/GLITER,8,189.9,94.12,02/06/26,101.76
010397,TENIS MOLEKINHA 2580.200 VELVET PRETO/ROSA VET,23,169.9,84.17,02/06/26,101.85
009845,TENIS MOLEKINHA 2584.105 NAPA 99202 ROSA,3,149.9,68.69,21/06/25,118.23
009846,TENIS MOLEKINHA 2584.105 NAPA 98954 BRANCO/ROSA,4,149.9,68.69,21/06/25,118.23
009828,TENIS MOLEKINHA 2588.104 NAPA 104923,2,159.9,72.23,18/06/25,121.38
006683,TENIS MOLEKINHA 2723.100 COMFY 2173 ROSA,3,89.9,40.23,01/12/25,123.47
007800,TENIS MOLEKINHA 2723.100 SUICA 5805 PINK/PRETO,1,89.9,39.43,01/12/25,128.0
008783,TENIS MOLEKINHA 2723.119 NYLON 79486 BM ROSA,1,109.9,51.02,01/12/25,115.41
008784,TENIS MOLEKINHA 2732.203 NP 17131BM PRETO,2,99.9,46.12,01/12/25,116.61
009535,TENIS MOLEKINHA 2736.100 LOVE 90823PRETO\PRETO,5,89.9,41.08,03/06/25,118.84
009534,TENIS MOLEKINHA 2736.100 LOVE 90448MARINHO\MARI,3,89.9,41.08,13/03/25,118.84
009201,TENIS MOLEKINHA 2736.102 LYCRA 100081,2,99.9,45.4,01/12/25,120.04
009849,TENIS MOLEKINHA 2738.100 LYCRA 15745 PRETO,3,119.9,55.53,21/06/25,115.92
009850,TENIS MOLEKINHA 2738.103 TOQUIO 78276 ROSA,4,139.9,64.37,21/06/25,117.34
010119,TENIS MOLEKINHA 2738.104 NAPA 78276 ROSA 942 N,6,149.9,69.13,30/09/25,116.84
007337,TENIS MOLEKINHO 2147-113 NAPA 90448,2,89.9,39.6,/  /,127.02
007338,TENIS MOLEKINHO 2147-113 NAPA 16805 PRETO/BABY,2,89.9,38.03,/  /,136.39
007368,TENIS MOLEKINHO 2147-138 NEOP 40915,5,109.9,48.17,/  /,128.15
007393,TENIS MOLEKINHO 2617-103 SIDER 90823 PRETO,3,79.9,35.79,/  /,123.25
009318,TENIS MOLEKINHO 2631.110 NP 2631.110,4,109.9,50.23,28/11/24,118.79
009319,TENIS MOLEKINHO 2631.110 NP 2631.110,10,119.9,57.36,28/01/26,109.03
010134,TENIS MOLEKINHO 2631.117 PORTO BRANCO OFF AREIA,4,119.9,55.89,30/09/25,114.53
010133,TENIS MOLEKINHO 2631.117 PORTO BRANCO CINZA LUIS,3,119.9,55.89,30/09/25,114.53
007395,TENIS MOLEKINHO 2632102 RUN 01 PRETO/LED,4,139.9,62.05,01/12/25,125.46
009176,TENIS MOLEKINHO 2638.100 NEOPLEX 15860 PRETO/PRETO,1,99.9,45.4,11/10/24,120.04
009175,TENIS MOLEKINHO 2638.103 72828,1,129.9,57.57,17/11/25,125.64
010135,TENIS MOLEKINHO 2641.105 RUSTICO CARAMELO NEO,8,149.9,69.13,30/09/25,116.84
009810,TENIS MOLEKINHO 2641.105 RUSTICO 72736 CARAMELO,1,149.9,68.69,18/06/25,118.23
009811,TENIS MOLEKINHO 2641.105 RUSTICO 10396 BRANCO,15,149.9,69.13,30/09/25,116.84
009809,TENIS MOLEKINHO 2645.200 LED 40589,8,139.9,64.37,18/06/25,117.34
009807,TENIS MOLEKINHO 2645.201 LED 97360 GELO/CINZA,6,169.9,78.11,18/06/25,117.51
009808,TENIS MOLEKINHO 2645.201 LED 33300 MARINHO,5,169.9,78.11,18/06/25,117.51
007444,TENIS MOLEKINHO 2831.104 RUST 15860 PRETO/PRETO,24,109.9,52.69,23/01/26,108.58
008701,TENIS MOLEKINHO 2850.310 27981-PRETO/PRETO,6,129.9,60.24,30/09/25,115.64
009536,TENIS MOLEKINHO 2850.310 15787PRETO01\PRET,7,129.9,60.24,30/09/25,115.64
009323,TENIS MOLEKINHO 2852.102 VERMONT 2852.102,4,139.9,64.79,25/09/25,115.93
010375,TENIS MOLEKINHO 2866.314 15745 PRETO/GUI,7,189.9,90.2,23/01/26,110.53
009768,TENIS RN MIMO FLEX 003.505 004 ROSA,1,49.99,21.41,16/06/25,133.49
009769,TENIS RN MIMO FLEX 003.505 008 MARFIM,1,49.99,21.41,01/12/25,133.49
009771,TENIS RN MIMO FLEX 003.513 0051 PRETO/PINK,3,49.99,21.41,01/12/25,133.49
010011,TENIS SLIP ON MODARE 7402.108 MARROM AVELA 1248,1,184.99,87.69,16/09/25,110.96
010557,TENIS SPORT ACTVITTA 4849.302 110124,3,254.99,118.18,05/05/26,115.76
010648,TENIS SPORT INFANTIL MOLEKINHA 110324,14,149.9,74.02,02/06/26,102.51
010615,TENIS SPORT MODARE 4849.306 109777 CAMEL/NUDE,9,254.99,119.97,26/05/26,112.54
004063,TENIS VIZZANO 1389.101 PELICA 1389.101,2,159.9,76.94,/  /,107.82
009287,TENIS WBOYS 360.001 VOLTAS AULAS 327 MARINHO,2,89.9,41.63,01/08/25,115.95
005918,TOTE DIVERSOS,6,44.9,4.13,/  /,987.17
