sku;ean;titulo;custo;imposto;embalagem;frete;outros
00103800;7898915802184;gelele slime balde 457g roxo (roxo 3495 un);11,82;12;0;0;0
00116537;7899714845686;babuche boa onda 1716 john (100-05 preto/preto-bco 37/38);56,04;12;0;0;0
00116539;7899714845693;babuche boa onda 1716 john (100-05 preto/preto-bco 39/40);56,04;12;0;0;0
00116541;7899714845709;babuche boa onda 1716 john (100-05 preto/preto-bco 41/42);56,04;12;0;0;0
00116543;7899714845716;babuche boa onda 1716 john (100-05 preto/preto-bco 43/44);56,04;12;0;0;0
001KIT;;;25,13;12;0;0;0
001KIT1;;;25,13;12;0;0;0
00415500;7909914967290;mochila molekinha 20023.1 pvc/gorgurao lurex preto (17131 preto 01/prata un);61,63;12;0;0;0
00591200;;bolsa  praia tote bag mf3545 rosa claro (rosa claro 3545 un);13,04;12;0;0;0
00591300;;bolsa de praia tote bag mf3495 bananinha (roxo 3495 un);4,13;12;0;0;0
00591400;;bolsa de praia tote bag mf3495 bananinha (laranja 3495 un);4,13;12;0;0;0
00591500;7899753550138;bolsa de praia tote bag mf3495 bananinha (verde 3495 un);4,13;12;0;0;0
00596800;;mochila clio pets cp2649d tubarao vermelho/azul (vermelho/azul un);20,80;12;0;0;0
00596900;;mochila clio pets cp2649d patinho amarelo/azul (amarelo/azul un);20,80;12;0;0;0
00607835;7909989203491;chinelo havaianas top basic (t basic branco/br/branco 35/36);23,55;12;0;0;0
00607837;7909989203507;chinelo havaianas top basic (t basic branco/br/branco 37/38);23,55;12;0;0;0
00607839;7909989203514;chinelo havaianas top basic (t basic branco/br/branco 39/40);23,55;12;0;0;0
00607841;7909989203521;chinelo havaianas top basic (t basic branco/br/branco 41/42);23,55;12;0;0;0
00607843;7909989203538;chinelo havaianas top basic (t basic branco/br/branco 43/44);23,55;12;0;0;0
00607845;7909989203545;chinelo havaianas top basic (t basic branco/br/branco 45/46);23,55;12;0;0;0
00607847;;chinelo havaianas top basic (t basic branco/br/branco 47/48);23,55;12;0;0;0
00609201;027084120134;carro hot wheels sortido und (sortido und);14,72;12;0;0;0
00610000;7898947387086;slime gelele ovo surpresa unicornio (unicornio sortido un);7,02;12;0;0;0
00610523;;chinelo rider 11592 slide street (ar411 preto/preto 23/24);19,38;12;0;0;0
00610525;;chinelo rider 11592 slide street (ar411 preto/preto 25);19,38;12;0;0;0
00610526;7909937154806;chinelo rider 11592 slide street (ar411 preto/preto 26/27);19,38;12;0;0;0
00610528;7909937154813;chinelo rider 11592 slide street (ar411 preto/preto 28);19,38;12;0;0;0
00610529;7909937154820;chinelo rider 11592 slide street (ar411 preto/preto 29);19,38;12;0;0;0
00610530;7909937154837;chinelo rider 11592 slide street (ar411 preto/preto 30);19,38;12;0;0;0
00610531;7909937154844;chinelo rider 11592 slide street (ar411 preto/preto 31);19,38;12;0;0;0
00610532;7909937154851;chinelo rider 11592 slide street (ar411 preto/preto 32/33);19,38;12;0;0;0
00610534;7909937154868;chinelo rider 11592 slide street (ar411 preto/preto 34);19,38;12;0;0;0
00610535;7909937154875;chinelo rider 11592 slide street (ar411 preto/preto 35/36);19,38;12;0;0;0
00613200;7898947386638;mola doce brinquedo mania (mola sortida un);7,83;12;0;0;0
00613300;7898915802269;mola doce brinquedo unicornio (mola unicornio color un);6,64;12;0;0;0
00613400;1009015915079;carrinho maisto und (maisto sortido un);8,94;12;0;0;0
00614315;;tenis klin 453.106 walk baby (walk branco/marinho/verme 15);57,68;12;0;0;0
00614316;;tenis klin 453.106 walk baby (walk branco/marinho/verme 16);57,68;12;0;0;0
00614317;;tenis klin 453.106 walk baby (walk branco/marinho/verme 17);57,68;12;0;0;0
00614318;;tenis klin 453.106 walk baby (walk branco/marinho/verme 18);57,68;12;0;0;0
00614319;7909874161936;tenis klin 453.106 walk baby (walk branco/marinho/verme 19);57,68;12;0;0;0
00614320;7909874161943;tenis klin 453.106 walk baby (walk branco/marinho/verme 20);57,68;12;0;0;0
00614321;7909874161950;tenis klin 453.106 walk baby (walk branco/marinho/verme 21);57,68;12;0;0;0
00614322;7909874161967;tenis klin 453.106 walk baby (walk branco/marinho/verme 22);57,68;12;0;0;0
00614323;;tenis klin 453.106 walk baby (walk branco/marinho/verme 23);57,68;12;0;0;0
00614324;;tenis klin 453.106 walk baby (walk branco/marinho/verme 24);57,68;12;0;0;0
00614325;;tenis klin 453.106 walk baby (walk branco/marinho/verme 25);57,68;12;0;0;0
00614326;;tenis klin 453.106 walk baby (walk branco/marinho/verme 26);57,68;12;0;0;0
00614327;;tenis klin 453.106 walk baby (walk branco/marinho/verme 27);57,68;12;0;0;0
00621300;;mochila clio pets  cp24000d bombeiro vermelho (bombeiro vermelho un);19,34;12;0;0;0
00621400;7908040459488;mochila clio pets cp24000d kombi azul (kombi azul un);19,34;12;0;0;0
00624033;7890557699221;chinelo havaianas brasil azul naval (azul naval hav br 33/34);27,99;12;0;0;0
00624035;7890557699337;chinelo havaianas brasil azul naval (azul naval hav br 35/36);27,99;12;0;0;0
00624037;7891224443956;chinelo havaianas brasil azul naval (azul naval hav br 37/38);27,99;12;0;0;0
00624039;7890557699498;chinelo havaianas brasil azul naval (azul naval hav br 39/40);27,99;12;0;0;0
00624041;7890557699504;chinelo havaianas brasil azul naval (azul naval hav br 41/42);27,99;12;0;0;0
00624043;7890557699511;chinelo havaianas brasil azul naval (azul naval hav br 43/44);27,99;12;0;0;0
00624045;7890557699528;chinelo havaianas brasil azul naval (azul naval hav br 45/46);27,99;12;0;0;0
00624047;7890557699535;chinelo havaianas brasil azul naval (azul naval hav br 47/48);27,99;12;0;0;0
00624633;7895265145282;chinelo havaianas brasil branco (branco hav br 33/34);27,99;12;0;0;0
00624635;7895265145299;chinelo havaianas brasil branco (branco hav br 35/36);27,99;12;0;0;0
00624637;7895265145305;chinelo havaianas brasil branco (branco hav br 37/38);27,99;12;0;0;0
00624639;7895265145312;chinelo havaianas brasil branco (branco hav br 39/40);27,99;12;0;0;0
00624641;7895265145329;chinelo havaianas brasil branco (branco hav br 41/42);27,99;12;0;0;0
00624643;7895265145336;chinelo havaianas brasil branco (branco hav br 43/44);27,99;12;0;0;0
00624645;7895265757799;chinelo havaianas brasil branco (branco hav br 45/46);27,99;12;0;0;0
00624647;7890557339561;chinelo havaianas brasil branco (branco hav br 47/48);27,99;12;0;0;0
00624833;7895265700320;chinelo havaianas brasil preto (preto hav br 33/34);27,99;12;0;0;0
00624835;7895265700337;chinelo havaianas brasil preto (preto hav br 35/36);27,99;12;0;0;0
00624837;7895265700344;chinelo havaianas brasil preto (preto hav br 37/38);27,99;12;0;0;0
00624839;7895265700351;chinelo havaianas brasil preto (preto hav br 39/40);27,99;12;0;0;0
00624841;7895265700368;chinelo havaianas brasil preto (preto hav br 41/42);27,99;12;0;0;0
00624843;7895265700375;chinelo havaianas brasil preto (preto hav br 43/44);27,99;12;0;0;0
00624845;7895265788915;chinelo havaianas brasil preto (preto hav br 45/46);27,99;12;0;0;0
00624847;7890732505729;chinelo havaianas brasil preto (preto hav br 47/48);27,99;12;0;0;0
00626217;7909937440343;sandalia zaxynina 18859 baby power (au059 rosa medio 17/18);36,87;12;0;0;0
00626219;7909937440350;sandalia zaxynina 18859 baby power (au059 rosa medio 19);36,87;12;0;0;0
00626220;7909937440367;sandalia zaxynina 18859 baby power (au059 rosa medio 20);36,87;12;0;0;0
00626221;7909937440374;sandalia zaxynina 18859 baby power (au059 rosa medio 21);36,87;12;0;0;0
00626222;7909937440381;sandalia zaxynina 18859 baby power (au059 rosa medio 22);36,87;12;0;0;0
00626223;7909937440398;sandalia zaxynina 18859 baby power (au059 rosa medio 23/24);36,87;12;0;0;0
00626225;7909937440404;sandalia zaxynina 18859 baby power (au059 rosa medio 25);36,87;12;0;0;0
00626226;7909937440411;sandalia zaxynina 18859 baby power (au059 rosa medio 26/27);36,87;12;0;0;0
00626933;7909937503611;TAMANCO AZALEIA 18908 FABI LIGHT PRETO (FL AV596 PRETO 33/34);37,54;12;0;0;0
00626935;7909937503628;TAMANCO AZALEIA 18908 FABI LIGHT PRETO (FL AV596 PRETO 35);37,54;12;0;0;0
00626936;7909937503635;TAMANCO AZALEIA 18908 FABI LIGHT PRETO (FL AV596 PRETO 36);37,54;12;0;0;0
00626937;7909937503642;TAMANCO AZALEIA 18908 FABI LIGHT PRETO (FL AV596 PRETO 37);37,54;12;0;0;0
00626938;7909937503659;TAMANCO AZALEIA 18908 FABI LIGHT PRETO (FL AV596 PRETO 38);37,54;12;0;0;0
00626939;7909937503666;TAMANCO AZALEIA 18908 FABI LIGHT PRETO (FL AV596 PRETO 39/40);37,54;12;0;0;0
00628533;7909843610977;chinelo dedo havaianas slim liso (sl amarelo pop 33/34);24,52;12;0;0;0
00628535;7909843611042;chinelo dedo havaianas slim liso (sl amarelo pop 35/36);24,52;12;0;0;0
00628537;7909843611059;chinelo dedo havaianas slim liso (sl amarelo pop 37/38);24,52;12;0;0;0
00628539;7909843611066;chinelo dedo havaianas slim liso (sl amarelo pop 39/40);24,52;12;0;0;0
00628541;7909843611073;chinelo dedo havaianas slim liso (sl amarelo pop 41/42);24,52;12;0;0;0
00628543;;chinelo dedo havaianas slim liso (sl amarelo pop 43/44);24,52;12;0;0;0
00628545;;chinelo dedo havaianas slim liso (sl amarelo pop 45/46);24,52;12;0;0;0
00628547;;chinelo dedo havaianas slim liso (sl amarelo pop 47/48);24,52;12;0;0;0
00628633;7890557502460;chinelo dedo havaianas slim liso (sl areia/dourado 33/34);24,52;12;0;0;0
00628635;7890557502477;chinelo dedo havaianas slim liso (sl areia/dourado 35/36);24,52;12;0;0;0
00628637;7890557502484;chinelo dedo havaianas slim liso (sl areia/dourado 37/38);24,52;12;0;0;0
00628639;7890557502491;chinelo dedo havaianas slim liso (sl areia/dourado 39/40);24,52;12;0;0;0
00628641;7890557502507;chinelo dedo havaianas slim liso (sl areia/dourado 41/42);24,52;12;0;0;0
00628643;;chinelo dedo havaianas slim liso (sl areia/dourado 43/44);24,52;12;0;0;0
00628645;;chinelo dedo havaianas slim liso (sl areia/dourado 45/46);24,52;12;0;0;0
00628647;;chinelo dedo havaianas slim liso (sl areia/dourado 47/48);24,52;12;0;0;0
00628733;7890732316219;chinelo dedo havaianas slim liso (sl branco 33/34);24,52;12;0;0;0
00628735;7890732316226;chinelo dedo havaianas slim liso (sl branco 35/36);24,52;12;0;0;0
00628737;7890732316233;chinelo dedo havaianas slim liso (sl branco 37/38);24,52;12;0;0;0
00628739;7890732316240;chinelo dedo havaianas slim liso (sl branco 39/40);24,52;12;0;0;0
00628741;7890732316257;chinelo dedo havaianas slim liso (sl branco 41/42);24,52;12;0;0;0
00628743;7893249595511;chinelo dedo havaianas slim liso (sl branco 43/44);24,52;12;0;0;0
00628745;;chinelo dedo havaianas slim liso (sl branco 45/46);24,52;12;0;0;0
00628747;;chinelo dedo havaianas slim liso (sl branco 47/48);24,52;12;0;0;0
00629333;7909843821861;chinelo dedo havaianas elegance liso (elegance liso preto/preto 33/34);15,70;12;0;0;0
00629335;7909843821878;chinelo dedo havaianas elegance liso (elegance liso preto/preto 35/36);15,70;12;0;0;0
00629337;7909843821885;chinelo dedo havaianas elegance liso (elegance liso preto/preto 37/38);15,70;12;0;0;0
00629339;7909843821892;chinelo dedo havaianas elegance liso (elegance liso preto/preto 39/40);15,70;12;0;0;0
00629341;7909843821908;chinelo dedo havaianas elegance liso (elegance liso preto/preto 41/42);15,70;12;0;0;0
00629343;;chinelo dedo havaianas elegance liso (elegance liso preto/preto 43/44);15,70;12;0;0;0
00629345;;chinelo dedo havaianas elegance liso (elegance liso preto/preto 45/46);15,70;12;0;0;0
00629347;;chinelo dedo havaianas elegance liso (elegance liso preto/preto 47/48);15,70;12;0;0;0
00629733;7909843611325;chinelo dedo havaianas slim liso (sl pink fever 33/34);24,52;12;0;0;0
00629735;7909843617112;chinelo dedo havaianas slim liso (sl pink fever 35/36);24,52;12;0;0;0
00629737;7909843617129;chinelo dedo havaianas slim liso (sl pink fever 37/38);24,52;12;0;0;0
00629739;7909843617136;chinelo dedo havaianas slim liso (sl pink fever 39/40);24,52;12;0;0;0
00629741;7909843617143;chinelo dedo havaianas slim liso (sl pink fever 41/42);24,52;12;0;0;0
00629743;;chinelo dedo havaianas slim liso (sl pink fever 43/44);24,52;12;0;0;0
00629745;;chinelo dedo havaianas slim liso (sl pink fever 45/46);24,52;12;0;0;0
00629747;;chinelo dedo havaianas slim liso (sl pink fever 47/48);24,52;12;0;0;0
00629833;7890732316462;chinelo dedo havaianas slim liso (sl preto 33/34);24,52;12;0;0;0
00629835;7890732316479;chinelo dedo havaianas slim liso (sl preto 35/36);24,52;12;0;0;0
00629837;7890732316486;chinelo dedo havaianas slim liso (sl preto 37/38);24,52;12;0;0;0
00629839;7890732316493;chinelo dedo havaianas slim liso (sl preto 39/40);24,52;12;0;0;0
00629841;7890732316509;chinelo dedo havaianas slim liso (sl preto 41/42);24,52;12;0;0;0
00629843;7893249595573;chinelo dedo havaianas slim liso (sl preto 43/44);24,52;12;0;0;0
00629845;;chinelo dedo havaianas slim liso (sl preto 45/46);24,52;12;0;0;0
00629847;;chinelo dedo havaianas slim liso (sl preto 47/48);24,52;12;0;0;0
00630033;7893249567068;chinelo dedo havaianas slim liso (sl rosa ballet 33/34);24,52;12;0;0;0
00630035;7893249567075;chinelo dedo havaianas slim liso (sl rosa ballet 35/36);24,52;12;0;0;0
00630037;7893249567082;chinelo dedo havaianas slim liso (sl rosa ballet 37/38);24,52;12;0;0;0
00630039;7893249567099;chinelo dedo havaianas slim liso (sl rosa ballet 39/40);24,52;12;0;0;0
00630041;7893249567105;chinelo dedo havaianas slim liso (sl rosa ballet 41/42);24,52;12;0;0;0
00630043;7893249595559;chinelo dedo havaianas slim liso (sl rosa ballet 43/44);24,52;12;0;0;0
00630045;;chinelo dedo havaianas slim liso (sl rosa ballet 45/46);24,52;12;0;0;0
00630047;;chinelo dedo havaianas slim liso (sl rosa ballet 47/48);24,52;12;0;0;0
00630633;7891266542044;chinelo dedo havaianas slim liso (sl rose gold 33/34);24,52;12;0;0;0
00630635;7891266542051;chinelo dedo havaianas slim liso (sl rose gold 35/36);24,52;12;0;0;0
00630637;7891266542068;chinelo dedo havaianas slim liso (sl rose gold 37/38);24,52;12;0;0;0
00630639;7891266542075;chinelo dedo havaianas slim liso (sl rose gold 39/40);24,52;12;0;0;0
00630641;7891266542082;chinelo dedo havaianas slim liso (sl rose gold 41/42);24,52;12;0;0;0
00630643;7893249602936;chinelo dedo havaianas slim liso (sl rose gold 43/44);24,52;12;0;0;0
00630645;;chinelo dedo havaianas slim liso (sl rose gold 45/46);24,52;12;0;0;0
00630647;;chinelo dedo havaianas slim liso (sl rose gold 47/48);24,52;12;0;0;0
00630733;7909843379843;chinelo dedo havaianas top liso (top l amarelo pop 33/34);19,99;12;0;0;0
00630735;7909843379850;chinelo dedo havaianas top liso (top l amarelo pop 35/36);19,99;12;0;0;0
00630737;7909843379867;chinelo dedo havaianas top liso (top l amarelo pop 37/38);19,99;12;0;0;0
00630739;7909843379874;chinelo dedo havaianas top liso (top l amarelo pop 39/40);19,99;12;0;0;0
00630741;7909843379881;chinelo dedo havaianas top liso (top l amarelo pop 41/42);19,99;12;0;0;0
00630743;7909843379898;chinelo dedo havaianas top liso (top l amarelo pop 43/44);19,99;12;0;0;0
00630833;7890541601865;chinelo dedo havaianas top liso (top l marinho 33/34);19,99;12;0;0;0
00630835;7890541601872;chinelo dedo havaianas top liso (top l marinho 35/36);19,99;12;0;0;0
00630837;7890541601889;chinelo dedo havaianas top liso (top l marinho 37/38);19,99;12;0;0;0
00630839;7890541601896;chinelo dedo havaianas top liso (top l marinho 39/40);19,99;12;0;0;0
00630841;7890541601902;chinelo dedo havaianas top liso (top l marinho 41/42);19,99;12;0;0;0
00630843;7890541601919;chinelo dedo havaianas top liso (top l marinho 43/44);19,99;12;0;0;0
00630845;7890541601926;chinelo dedo havaianas top liso (top l marinho 45/46);19,99;12;0;0;0
00630933;7890557722219;chinelo dedo havaianas top liso (top l azul naval 33/34);19,99;12;0;0;0
00630935;7890557722226;chinelo dedo havaianas top liso (top l azul naval 35/36);19,99;12;0;0;0
00630937;7890557722233;chinelo dedo havaianas top liso (top l azul naval 37/38);19,99;12;0;0;0
00630939;7890557722240;chinelo dedo havaianas top liso (top l azul naval 39/40);19,99;12;0;0;0
00630941;7890557722257;chinelo dedo havaianas top liso (top l azul naval 41/42);19,99;12;0;0;0
00630943;7890557722264;chinelo dedo havaianas top liso (top l azul naval 43/44);19,99;12;0;0;0
00630945;7890557722271;chinelo dedo havaianas top liso (top l azul naval 45/46);19,99;12;0;0;0
00631033;7891109714461;chinelo dedo havaianas top liso (top l branco 33/34);19,99;12;0;0;0
00631035;7891109714478;chinelo dedo havaianas top liso (top l branco 35/36);19,99;12;0;0;0
00631037;7891109714485;chinelo dedo havaianas top liso (top l branco 37/38);19,99;12;0;0;0
00631039;7891109714492;chinelo dedo havaianas top liso (top l branco 39/40);19,99;12;0;0;0
00631041;7891109714508;chinelo dedo havaianas top liso (top l branco 41/42);19,99;12;0;0;0
00631043;7891109714515;chinelo dedo havaianas top liso (top l branco 43/44);19,99;12;0;0;0
00631045;7895265222051;chinelo dedo havaianas top liso (top l branco 45/46);19,99;12;0;0;0
00631047;7890732577061;chinelo dedo havaianas top liso (top l branco 47/48);19,99;12;0;0;0
00632233;7891109486191;chinelo dedo havaianas top liso (top l preto 33/34);19,99;12;0;0;0
00632235;7891109486207;chinelo dedo havaianas top liso (top l preto 35/36);19,99;12;0;0;0
00632237;7891109486214;chinelo dedo havaianas top liso (top l preto 37/38);19,99;12;0;0;0
00632239;7891109486221;chinelo dedo havaianas top liso (top l preto 39/40);19,99;12;0;0;0
00632241;7891109486238;chinelo dedo havaianas top liso (top l preto 41/42);19,99;12;0;0;0
00632243;7891109486245;chinelo dedo havaianas top liso (top l preto 43/44);19,99;12;0;0;0
00632245;7895265222068;chinelo dedo havaianas top liso (top l preto 45/46);19,99;12;0;0;0
00633033;7891109146354;chinelo dedo havaianas tradicional (hav trad azul 33/34);14,81;12;0;0;0
00633035;7891109146361;chinelo dedo havaianas tradicional (hav trad azul 35/36);14,81;12;0;0;0
00633037;7891109146378;chinelo dedo havaianas tradicional (hav trad azul 37/38);14,81;12;0;0;0
00633039;7891109146385;chinelo dedo havaianas tradicional (hav trad azul 39/40);14,81;12;0;0;0
00633041;7891109146392;chinelo dedo havaianas tradicional (hav trad azul 41/42);14,81;12;0;0;0
00633043;7891109146408;chinelo dedo havaianas tradicional (hav trad azul 43/44);14,81;12;0;0;0
00633045;7891109890455;chinelo dedo havaianas tradicional (hav trad azul 45/46);14,81;12;0;0;0
00633047;;chinelo dedo havaianas tradicional (hav trad azul 47/48);14,81;12;0;0;0
00633133;27891109146570;chinelo havaianas tradicional (hav trad preto 33/34);14,81;12;0;0;0
00633135;7891109146583;chinelo havaianas tradicional (hav trad preto 35/36);14,81;12;0;0;0
00633137;7891109146590;chinelo havaianas tradicional (hav trad preto 37/38);14,81;12;0;0;0
00633139;27891109146600;chinelo havaianas tradicional (hav trad preto 39/40);14,81;12;0;0;0
00633141;7891109146613;chinelo havaianas tradicional (hav trad preto 41/42);14,81;12;0;0;0
00633143;7891109146620;chinelo havaianas tradicional (hav trad preto 43/44);14,81;12;0;0;0
00633145;7891109890462;chinelo havaianas tradicional (hav trad preto 45/46);14,81;12;0;0;0
00633147;7891109146606;chinelo havaianas tradicional (hav trad preto 47/48);14,81;12;0;0;0
00634133;7893249751863;chinelo havaianas tradicional (hav trad rosa flux 33/34);14,81;12;0;0;0
00634135;7893249751870;chinelo havaianas tradicional (hav trad rosa flux 35/36);14,81;12;0;0;0
00634137;7893249751887;chinelo havaianas tradicional (hav trad rosa flux 37/38);14,81;12;0;0;0
00634139;7893249751894;chinelo havaianas tradicional (hav trad rosa flux 39/40);14,81;12;0;0;0
00634141;7893249751900;chinelo havaianas tradicional (hav trad rosa flux 41/42);14,81;12;0;0;0
00634143;7893249751917;chinelo havaianas tradicional (hav trad rosa flux 43/44);14,81;12;0;0;0
00634145;7893249751924;chinelo havaianas tradicional (hav trad rosa flux 45/46);14,81;12;0;0;0
00634147;;chinelo havaianas tradicional (hav trad rosa flux 47/48);14,81;12;0;0;0
00636733;7909843020530;chinelo dedo havaianas slim square liso (sqe branco/branco 33/34);29,47;12;0;0;0
00636735;7909843020547;chinelo dedo havaianas slim square liso (sqe branco/branco 35/36);29,47;12;0;0;0
00636737;7909843020554;chinelo dedo havaianas slim square liso (sqe branco/branco 37/38);29,47;12;0;0;0
00636739;7909843020561;chinelo dedo havaianas slim square liso (sqe branco/branco 39/40);29,47;12;0;0;0
00636741;7909843020578;chinelo dedo havaianas slim square liso (sqe branco/branco 41/42);29,47;12;0;0;0
00636743;;chinelo dedo havaianas slim square liso (sqe branco/branco 43/44);29,47;12;0;0;0
00636933;7909843020585;chinelo dedo havaianas slim square liso (square preto 33/34);29,47;12;0;0;0
00636935;7909843020592;chinelo dedo havaianas slim square liso (square preto 35/36);29,47;12;0;0;0
00636937;7909843020608;chinelo dedo havaianas slim square liso (square preto 37/38);29,47;12;0;0;0
00636939;7909843020615;chinelo dedo havaianas slim square liso (square preto 39/40);29,47;12;0;0;0
00636941;7909843020622;chinelo dedo havaianas slim square liso (square preto 41/42);29,47;12;0;0;0
00636943;;chinelo dedo havaianas slim square liso (square preto 43/44);29,47;12;0;0;0
00637233;7909843020639;chinelo dedo havaianas slim square liso (sqe rosa crocus 33/34);29,47;12;0;0;0
00637235;7909843020646;chinelo dedo havaianas slim square liso (sqe rosa crocus 35/36);29,47;12;0;0;0
00637237;7909843020653;chinelo dedo havaianas slim square liso (sqe rosa crocus 37/38);29,47;12;0;0;0
00637239;7909843020660;chinelo dedo havaianas slim square liso (sqe rosa crocus 39/40);29,47;12;0;0;0
00637241;7909843020677;chinelo dedo havaianas slim square liso (sqe rosa crocus 41/42);29,47;12;0;0;0
00637243;;chinelo dedo havaianas slim square liso (sqe rosa crocus 43/44);29,47;12;0;0;0
00638737;7909843904052;chinelo dedo havaianas power 2.0 (power 2.0 branco/preto 37/38);43,44;12;0;0;0
00638739;7909843904069;chinelo dedo havaianas power 2.0 (power 2.0 branco/preto 39/40);43,44;12;0;0;0
00638741;7909843904076;chinelo dedo havaianas power 2.0 (power 2.0 branco/preto 41/42);43,44;12;0;0;0
00638743;7909843904083;chinelo dedo havaianas power 2.0 (power 2.0 branco/preto 43/44);43,44;12;0;0;0
00638745;7909843904090;chinelo dedo havaianas power 2.0 (power 2.0 branco/preto 45/46);43,44;12;0;0;0
00638837;7893249344454;chinelo dedo havaianas power 2.0 (power 2.0 preto 37/38);43,44;12;0;0;0
00638839;7893249344461;chinelo dedo havaianas power 2.0 (power 2.0 preto 39/40);43,44;12;0;0;0
00638841;7893249344478;chinelo dedo havaianas power 2.0 (power 2.0 preto 41/42);43,44;12;0;0;0
00638843;7893249344485;chinelo dedo havaianas power 2.0 (power 2.0 preto 43/44);43,44;12;0;0;0
00638845;7893249344492;chinelo dedo havaianas power 2.0 (power 2.0 preto 45/46);43,44;12;0;0;0
00639127;7900015448084;sandalia molekinha 2347.100 mini shine (ouro rosado shine 27);49,70;12;0;0;0
00639128;7900015448091;sandalia molekinha 2347.100 mini shine (ouro rosado shine 28);49,70;12;0;0;0
00639129;7900015448107;sandalia molekinha 2347.100 mini shine (ouro rosado shine 29);49,70;12;0;0;0
00639130;7900015448114;sandalia molekinha 2347.100 mini shine (ouro rosado shine 30);49,70;12;0;0;0
00639131;7900015448121;sandalia molekinha 2347.100 mini shine (ouro rosado shine 31);49,70;12;0;0;0
00639132;7900015448138;sandalia molekinha 2347.100 mini shine (ouro rosado shine 32);49,70;12;0;0;0
00639133;7900015448145;sandalia molekinha 2347.100 mini shine (ouro rosado shine 33);49,70;12;0;0;0
00639134;7900015448152;sandalia molekinha 2347.100 mini shine (ouro rosado shine 34);49,70;12;0;0;0
00639135;7900015448169;sandalia molekinha 2347.100 mini shine (ouro rosado shine 35);49,70;12;0;0;0
00639136;7900015448176;sandalia molekinha 2347.100 mini shine (ouro rosado shine 36);49,70;12;0;0;0
00639535;7909690520399;chinelo dedo havaianas dual (dual branco cinza gelo 35/36);36,63;12;0;0;0
00639537;7909690520405;chinelo dedo havaianas dual (dual branco cinza gelo 37/38);36,63;12;0;0;0
00639539;7909690520412;chinelo dedo havaianas dual (dual branco cinza gelo 39/40);36,63;12;0;0;0
00639541;7909690520429;chinelo dedo havaianas dual (dual branco cinza gelo 41/42);36,63;12;0;0;0
00639543;7909690520436;chinelo dedo havaianas dual (dual branco cinza gelo 43/44);36,63;12;0;0;0
00639545;7909690520443;chinelo dedo havaianas dual (dual branco cinza gelo 45/46);36,63;12;0;0;0
00639547;7909690520450;chinelo dedo havaianas dual (dual branco cinza gelo 47/48);36,63;12;0;0;0
00639735;7909843662631;chinelo dedo havaianas dual (dual marinho/marinho 35/36);36,63;12;0;0;0
00639737;7909843662648;chinelo dedo havaianas dual (dual marinho/marinho 37/38);36,63;12;0;0;0
00639739;7909843662655;chinelo dedo havaianas dual (dual marinho/marinho 39/40);36,63;12;0;0;0
00639741;7909843662662;chinelo dedo havaianas dual (dual marinho/marinho 41/42);36,63;12;0;0;0
00639743;7909843662679;chinelo dedo havaianas dual (dual marinho/marinho 43/44);36,63;12;0;0;0
00639745;7909843662686;chinelo dedo havaianas dual (dual marinho/marinho 45/46);36,63;12;0;0;0
00639747;7909843662693;chinelo dedo havaianas dual (dual marinho/marinho 47/48);36,63;12;0;0;0
00639935;7909690520320;chinelo dedo havaianas dual (dual preto/cinza aco 35/36);36,63;12;0;0;0
00639937;7909690520337;chinelo dedo havaianas dual (dual preto/cinza aco 37/38);36,63;12;0;0;0
00639939;7909690520344;chinelo dedo havaianas dual (dual preto/cinza aco 39/40);36,63;12;0;0;0
00639941;7909690520351;chinelo dedo havaianas dual (dual preto/cinza aco 41/42);36,63;12;0;0;0
00639943;7909690520368;chinelo dedo havaianas dual (dual preto/cinza aco 43/44);36,63;12;0;0;0
00639945;7909690520375;chinelo dedo havaianas dual (dual preto/cinza aco 45/46);36,63;12;0;0;0
00639947;7909690520382;chinelo dedo havaianas dual (dual preto/cinza aco 47/48);36,63;12;0;0;0
00642135;7909843666189;chinelo havaianas top basic (t basic marinho/mar/branc 35/36);23,55;12;0;0;0
00642137;7909843666196;chinelo havaianas top basic (t basic marinho/mar/branc 37/38);23,55;12;0;0;0
00642139;7909843666202;chinelo havaianas top basic (t basic marinho/mar/branc 39/40);23,55;12;0;0;0
00642141;7909843666219;chinelo havaianas top basic (t basic marinho/mar/branc 41/42);23,55;12;0;0;0
00642143;7909843666226;chinelo havaianas top basic (t basic marinho/mar/branc 43/44);23,55;12;0;0;0
00642145;7909843666233;chinelo havaianas top basic (t basic marinho/mar/branc 45/46);23,55;12;0;0;0
00642147;;chinelo havaianas top basic (t basic marinho/mar/branc 47/48);23,55;12;0;0;0
00642435;7909843666301;chinelo havaianas top basic (t basic preto/pre/branco 35/36);23,55;12;0;0;0
00642437;7909843666318;chinelo havaianas top basic (t basic preto/pre/branco 37/38);23,55;12;0;0;0
00642439;7909843666325;chinelo havaianas top basic (t basic preto/pre/branco 39/40);23,55;12;0;0;0
00642441;7909843666332;chinelo havaianas top basic (t basic preto/pre/branco 41/42);23,55;12;0;0;0
00642443;7909843666349;chinelo havaianas top basic (t basic preto/pre/branco 43/44);23,55;12;0;0;0
00642445;7909843666356;chinelo havaianas top basic (t basic preto/pre/branco 45/46);23,55;12;0;0;0
00642447;;chinelo havaianas top basic (t basic preto/pre/branco 47/48);23,55;12;0;0;0
00642637;7909843592884;chinelo havaianas top max comfort (t max conf marinho 37/38);32,99;12;0;0;0
00642645;7909843592921;chinelo havaianas top max comfort (t max conf marinho 45/46);32,99;12;0;0;0
00642743;7909843593034;chinelo havaianas top max comfort (t max conf cinza/aco 43/44);32,99;12;0;0;0
00642745;7909843593041;chinelo havaianas top max comfort (t max conf cinza/aco 45/46);32,99;12;0;0;0
00642847;;chinelo havaianas top max comfort ii (t max conf preto 47/48);32,99;12;0;0;0
00655737;7909171255086;chinelo dedo cartago 10954 malaga (21838 m branco/azul 37/38);51,38;12;0;0;0
00655739;7909171255093;chinelo dedo cartago 10954 malaga (21838 m branco/azul 39);51,38;12;0;0;0
00655740;7909171255109;chinelo dedo cartago 10954 malaga (21838 m branco/azul 40);51,38;12;0;0;0
00655741;7909171255116;chinelo dedo cartago 10954 malaga (21838 m branco/azul 41);51,38;12;0;0;0
00655742;7909171255123;chinelo dedo cartago 10954 malaga (21838 m branco/azul 42);51,38;12;0;0;0
00655743;7909171255130;chinelo dedo cartago 10954 malaga (21838 m branco/azul 43/44);51,38;12;0;0;0
00655745;7909171663355;chinelo dedo cartago 10954 malaga (21838 m branco/azul 45);51,38;12;0;0;0
00655746;;chinelo dedo cartago 10954 malaga (21838 m branco/azul 46/47);51,38;12;0;0;0
00656620;;sapatenis klin 117.171 flyer mini (9426 linho 20);74,96;12;0;0;0
00656621;;sapatenis klin 117.171 flyer mini (9426 linho 21);74,96;12;0;0;0
00656622;7909874173403;sapatenis klin 117.171 flyer mini (9426 linho 22);74,96;12;0;0;0
00656623;7909874173441;sapatenis klin 117.171 flyer mini (9426 linho 23);74,96;12;0;0;0
00656624;7909874173427;sapatenis klin 117.171 flyer mini (9426 linho 24);74,96;12;0;0;0
00656625;7909874109426;sapatenis klin 117.171 flyer mini (9426 linho 25);74,96;12;0;0;0
00656626;7909874173434;sapatenis klin 117.171 flyer mini (9426 linho 26);74,96;12;0;0;0
00656627;7909874173410;sapatenis klin 117.171 flyer mini (9426 linho 27);74,96;12;0;0;0
00661033;7909800737228;kit meia invisivel actvitta branco (in branco 33/38);15,78;12;0;0;0
00661039;7909800737235;kit meia invisivel actvitta branco (in branco 39/44);15,78;12;0;0;0
00661333;7909800761537;kit meia invisivel actvitta preto (in preto 33/38);15,78;12;0;0;0
00661339;7909800761544;kit meia invisivel actvitta preto (in preto 39/44);15,78;12;0;0;0
00661633;7909882127924;kit meia cano medio actvitta preto (cm preto 33/38);16,84;12;0;0;0
00661639;7909882127931;kit meia cano medio actvitta preto (cm preto 39/44);16,84;12;0;0;0
00661733;7909882127900;kit meia cano medio actvitta branco (cm branco 33/38);16,84;12;0;0;0
00661739;7909882127917;kit meia cano medio actvitta branco (cm branco 39/44);16,84;12;0;0;0
00661833;7909800761476;kit meia sapatilha actvitta branco (ms branco 33/38);14,59;12;0;0;0
00661839;7909800761483;kit meia sapatilha actvitta branco (ms branco 39/44);14,59;12;0;0;0
00661933;7909800761490;kit meia sapatilha actvitta preto (ae832 preto 33/38);14,59;12;0;0;0
00661939;7898686871044;kit meia sapatilha actvitta preto (ae832 preto 39/44);14,59;12;0;0;0
00663337;7909510760509;chinelo dedo cartago 11591 paris cinza/azul (21929 cp cinza/azul 37/38);32,30;12;0;0;0
00663339;7909510760516;chinelo dedo cartago 11591 paris cinza/azul (21929 cp cinza/azul 39);32,30;12;0;0;0
00663340;7909510760523;chinelo dedo cartago 11591 paris cinza/azul (21929 cp cinza/azul 40);32,30;12;0;0;0
00663341;7909510760530;chinelo dedo cartago 11591 paris cinza/azul (21929 cp cinza/azul 41);32,30;12;0;0;0
00663342;7909510760547;chinelo dedo cartago 11591 paris cinza/azul (21929 cp cinza/azul 42);32,30;12;0;0;0
00663343;7909510760554;chinelo dedo cartago 11591 paris cinza/azul (21929 cp cinza/azul 43/44);32,30;12;0;0;0
00663345;;chinelo dedo cartago 11591 paris cinza/azul (21929 cp cinza/azul 45);32,30;12;0;0;0
00663346;;chinelo dedo cartago 11591 paris cinza/azul (21929 cp cinza/azul 46/47);32,30;12;0;0;0
00666300;7899753553498;mochila clio style dr23064j dog (cs doguinho azul/laranja un);20,80;12;0;0;0
00668317;;tenis molekinha 2723.100 comfy (2173 rosa 17);40,23;12;0;0;0
00668318;7900015382166;tenis molekinha 2723.100 comfy (2173 rosa 18);40,23;12;0;0;0
00668319;7900015382173;tenis molekinha 2723.100 comfy (2173 rosa 19);40,23;12;0;0;0
00668320;7900015380339;tenis molekinha 2723.100 comfy (2173 rosa 20);40,23;12;0;0;0
00668321;7900015382180;tenis molekinha 2723.100 comfy (2173 rosa 21);40,23;12;0;0;0
00668322;7900015382197;tenis molekinha 2723.100 comfy (2173 rosa 22);40,23;12;0;0;0
00668323;7900015382203;tenis molekinha 2723.100 comfy (2173 rosa 23);40,23;12;0;0;0
00668324;7900015382210;tenis molekinha 2723.100 comfy (2173 rosa 24);40,23;12;0;0;0
00668325;7900015382227;tenis molekinha 2723.100 comfy (2173 rosa 25);40,23;12;0;0;0
00668326;;tenis molekinha 2723.100 comfy (2173 rosa 26);40,23;12;0;0;0
00674434;7909968213008;bota coturno beira rio 9077.202 np floather preto (bnf preto 01 34);114,32;12;0;0;0
00674435;7909968213015;bota coturno beira rio 9077.202 np floather preto (bnf preto 01 35);114,32;12;0;0;0
00674436;7909968213022;bota coturno beira rio 9077.202 np floather preto (bnf preto 01 36);114,32;12;0;0;0
00674437;7909968213046;bota coturno beira rio 9077.202 np floather preto (bnf preto 01 37);114,32;12;0;0;0
00674438;7909968213060;bota coturno beira rio 9077.202 np floather preto (bnf preto 01 38);114,32;12;0;0;0
00674439;7909968213077;bota coturno beira rio 9077.202 np floather preto (bnf preto 01 39);114,32;12;0;0;0
00674440;;bota coturno beira rio 9077.202 np floather preto (bnf preto 01 40);114,32;12;0;0;0
00676500;7898947387710;slime gelele  kit ativador mc jp (cores variadas mc/jp un);19,13;12;0;0;0
00686423;7909510417496;chinelo dedo rider 11579 street inf (20766 preto/preto 23/24);16,24;12;0;0;0
00686425;7909510417502;chinelo dedo rider 11579 street inf (20766 preto/preto 25/26);16,24;12;0;0;0
00686427;7909510417519;chinelo dedo rider 11579 street inf (20766 preto/preto 27);16,24;12;0;0;0
00686428;7909510417526;chinelo dedo rider 11579 street inf (20766 preto/preto 28);16,24;12;0;0;0
00686429;7909510417533;chinelo dedo rider 11579 street inf (20766 preto/preto 29);16,24;12;0;0;0
00686430;7909510417540;chinelo dedo rider 11579 street inf (20766 preto/preto 30);16,24;12;0;0;0
00686431;7909510417557;chinelo dedo rider 11579 street inf (20766 preto/preto 31);16,24;12;0;0;0
00686432;7909510417564;chinelo dedo rider 11579 street inf (20766 preto/preto 32/33);16,24;12;0;0;0
00686434;7909510417571;chinelo dedo rider 11579 street inf (20766 preto/preto 34);16,24;12;0;0;0
00686435;7909510417588;chinelo dedo rider 11579 street inf (20766 preto/preto 35/36);16,24;12;0;0;0
00686617;7909937517717;chinelo ipanema 26791 turm monica m (ax417 azul/azul 17/18);12,42;12;0;0;0
00686619;7909937517700;chinelo ipanema 26791 turm monica m (ax417 azul/azul 19);12,42;12;0;0;0
00686620;7909937517694;chinelo ipanema 26791 turm monica m (ax417 azul/azul 20/21);12,42;12;0;0;0
00686622;7909937517687;chinelo ipanema 26791 turm monica m (ax417 azul/azul 22);12,42;12;0;0;0
00686623;7909937517670;chinelo ipanema 26791 turm monica m (ax417 azul/azul 23/24);12,42;12;0;0;0
00686625;;chinelo ipanema 26791 turm monica m (ax417 azul/azul 25);12,42;12;0;0;0
00687135;196884940980;chinelo slide under armour 3027786 ua daily (100ua branco/branco/preto 35/36);79,50;12;0;0;0
00687137;196884941024;chinelo slide under armour 3027786 ua daily (100ua branco/branco/preto 37/38);79,50;12;0;0;0
00687139;196884941062;chinelo slide under armour 3027786 ua daily (100ua branco/branco/preto 39/40);79,50;12;0;0;0
00687141;196884940645;chinelo slide under armour 3027786 ua daily (100ua branco/branco/preto 41/42);79,50;12;0;0;0
00687143;196884940683;chinelo slide under armour 3027786 ua daily (100ua branco/branco/preto 43/44);79,50;12;0;0;0
00687145;196884940904;chinelo slide under armour 3027786 ua daily (100ua branco/branco/preto 45/46);79,50;12;0;0;0
00687235;196884944803;chinelo slide under armour 3027787 core 2 (001core preto/pre/branco 35/36);58,30;12;0;0;0
00687237;196884944841;chinelo slide under armour 3027787 core 2 (001core preto/pre/branco 37/38);58,30;12;0;0;0
00687239;196884944889;chinelo slide under armour 3027787 core 2 (001core preto/pre/branco 39/40);58,30;12;0;0;0
00687241;196884944063;chinelo slide under armour 3027787 core 2 (001core preto/pre/branco 41/42);58,30;12;0;0;0
00687243;196884944605;chinelo slide under armour 3027787 core 2 (001core preto/pre/branco 43/44);58,30;12;0;0;0
00687245;196884944629;chinelo slide under armour 3027787 core 2 (001core preto/pre/branco 45/46);58,30;12;0;0;0
00687335;196885893650;chinelo slide under armour 3027787 ua core 2 (100core branco/bra/preto 35/36);58,30;12;0;0;0
00687337;196885893698;chinelo slide under armour 3027787 ua core 2 (100core branco/bra/preto 37/38);58,30;12;0;0;0
00687339;196885893735;chinelo slide under armour 3027787 ua core 2 (100core branco/bra/preto 39/40);58,30;12;0;0;0
00687341;196885893216;chinelo slide under armour 3027787 ua core 2 (100core branco/bra/preto 41/42);58,30;12;0;0;0
00687343;196885893254;chinelo slide under armour 3027787 ua core 2 (100core branco/bra/preto 43/44);58,30;12;0;0;0
00687345;196885893278;chinelo slide under armour 3027787 ua core 2 (100core branco/bra/preto 45/46);58,30;12;0;0;0
00691835;;CHINELO DEDO OLYMPIKUS 921 (921 STEEL/PETROLEO 35/36);74,20;12;0;0;0
00691837;;CHINELO DEDO OLYMPIKUS 921 (921 STEEL/PETROLEO 37/38);74,20;12;0;0;0
00691839;;CHINELO DEDO OLYMPIKUS 921 (921 STEEL/PETROLEO 39/40);74,20;12;0;0;0
00691841;;CHINELO DEDO OLYMPIKUS 921 (921 STEEL/PETROLEO 41/42);74,20;12;0;0;0
00691843;;CHINELO DEDO OLYMPIKUS 921 (921 STEEL/PETROLEO 43/44);74,20;12;0;0;0
00692437;7909410426901;chinelo slide pegada 131283 (283-03 analina preto 37);71,55;12;0;0;0
00692438;7909410426918;chinelo slide pegada 131283 (283-03 analina preto 38);71,55;12;0;0;0
00692439;7909410426925;chinelo slide pegada 131283 (283-03 analina preto 39);71,55;12;0;0;0
00692440;7909410426932;chinelo slide pegada 131283 (283-03 analina preto 40);71,55;12;0;0;0
00692441;7909410426949;chinelo slide pegada 131283 (283-03 analina preto 41);71,55;12;0;0;0
00692442;7909410426956;chinelo slide pegada 131283 (283-03 analina preto 42);71,55;12;0;0;0
00692443;7909410426963;chinelo slide pegada 131283 (283-03 analina preto 43);71,55;12;0;0;0
00692444;7909410427625;chinelo slide pegada 131283 (283-03 analina preto 44);71,55;12;0;0;0
00692537;7909410510204;sandalia pegada 131668-02 (285-01 anilina pinhao 37);105,89;12;0;0;0
00692538;7909410510150;sandalia pegada 131668-02 (285-01 anilina pinhao 38);105,89;12;0;0;0
00692539;7909410499615;sandalia pegada 131668-02 (285-01 anilina pinhao 39);105,89;12;0;0;0
00692540;7909410510167;sandalia pegada 131668-02 (285-01 anilina pinhao 40);105,89;12;0;0;0
00692541;7909410510174;sandalia pegada 131668-02 (285-01 anilina pinhao 41);105,89;12;0;0;0
00692542;7909410510181;sandalia pegada 131668-02 (285-01 anilina pinhao 42);105,89;12;0;0;0
00692543;7909410510198;sandalia pegada 131668-02 (285-01 anilina pinhao 43);105,89;12;0;0;0
00692544;7909410510211;sandalia pegada 131668-02 (285-01 anilina pinhao 44);105,89;12;0;0;0
00696933;7891872221623;meia cano curto olympikus oimsa 81919/20 (oimsa curto branca 33-38);18,17;12;0;0;0
00696939;7891872221678;meia cano curto olympikus oimsa 81919/20 (oimsa curto branca 39-44);18,17;12;0;0;0
00697033;7894929693626;meia cano curto olympikus oimsa 81919/20 (oimsa curto preto 33-38);18,17;12;0;0;0
00697039;7894929693633;meia cano curto olympikus oimsa 81919/20 (oimsa curto preto 39-44);18,17;12;0;0;0
00697133;7891872221692;meia cano medio olympikus oimsa 81922 (oimsa medio branco 33-38);20,45;12;0;0;0
00697139;7891872221722;meia cano medio olympikus oimsa 81922 (oimsa medio branco 39-44);20,45;12;0;0;0
00697233;;meia cano medio olympikus oimsa 81922 (oimsa medio preto 33-38);20,45;12;0;0;0
00697239;7894929693664;meia cano medio olympikus oimsa 81922 (oimsa medio preto 39-44);20,45;12;0;0;0
00697333;7891872221746;meia invisivel olympikus oimsa 81923/24 (oimsa inv branca 33-38);15,90;12;0;0;0
00697339;7891872221760;meia invisivel olympikus oimsa 81923/24 (oimsa inv branca 39-44);15,90;12;0;0;0
00697433;7894929187866;meia invisivel olympikus oimsa 81923/24 (oimsa inv preto 33-38);15,90;12;0;0;0
00697439;7894929187873;meia invisivel olympikus oimsa 81923/24 (oimsa inv preto 39-44);15,90;12;0;0;0
00699817;7909937582135;sandalia zaxynina kids 18859 baby power (ay757 rosa medio glit 17/18);36,87;12;0;0;0
00699819;7909937582128;sandalia zaxynina kids 18859 baby power (ay757 rosa medio glit 19);36,87;12;0;0;0
00699820;7909937582111;sandalia zaxynina kids 18859 baby power (ay757 rosa medio glit 20);36,87;12;0;0;0
00699821;7909937582104;sandalia zaxynina kids 18859 baby power (ay757 rosa medio glit 21);36,87;12;0;0;0
00699822;7909937582098;sandalia zaxynina kids 18859 baby power (ay757 rosa medio glit 22);36,87;12;0;0;0
00699823;7909937582081;sandalia zaxynina kids 18859 baby power (ay757 rosa medio glit 23/24);36,87;12;0;0;0
00699825;7909937582074;sandalia zaxynina kids 18859 baby power (ay757 rosa medio glit 25);36,87;12;0;0;0
00699826;7909937582067;sandalia zaxynina kids 18859 baby power (ay757 rosa medio glit 26/27);36,87;12;0;0;0
00702117;7909937312510;sandalia cartago 12048 tulum (at452 bege/marrom/laranja 17/18);34,78;12;0;0;0
00702119;7909937312527;sandalia cartago 12048 tulum (at452 bege/marrom/laranja 19);34,78;12;0;0;0
00702120;7909937312534;sandalia cartago 12048 tulum (at452 bege/marrom/laranja 20/21);34,78;12;0;0;0
00702122;7909937312541;sandalia cartago 12048 tulum (at452 bege/marrom/laranja 22);34,78;12;0;0;0
00702123;7909937312558;sandalia cartago 12048 tulum (at452 bege/marrom/laranja 23/24);34,78;12;0;0;0
00702125;7909937312565;sandalia cartago 12048 tulum (at452 bege/marrom/laranja 25);34,78;12;0;0;0
00702126;7909937312572;sandalia cartago 12048 tulum (at452 bege/marrom/laranja 26/27);34,78;12;0;0;0
00702217;7909937470562;sandalia cartago 12210 mini ii (bege/azul/bordo 17/18);41,84;12;0;0;0
00702219;7909937470579;sandalia cartago 12210 mini ii (bege/azul/bordo 19);41,84;12;0;0;0
00702220;7909937470586;sandalia cartago 12210 mini ii (bege/azul/bordo 20/21);41,84;12;0;0;0
00702222;7909937470593;sandalia cartago 12210 mini ii (bege/azul/bordo 22);41,84;12;0;0;0
00702223;7909937470609;sandalia cartago 12210 mini ii (bege/azul/bordo 23/24);41,84;12;0;0;0
00702225;7909937470616;sandalia cartago 12210 mini ii (bege/azul/bordo 25);41,84;12;0;0;0
00702226;;sandalia cartago 12210 mini ii (bege/azul/bordo 26/27);41,84;12;0;0;0
00703217;7909806797479;sandalia papete cartago 11713  milao baby (aj344 bege/marrom 17/18);39,30;12;0;0;0
00703219;7909806797486;sandalia papete cartago 11713  milao baby (aj344 bege/marrom 19);39,30;12;0;0;0
00703220;7909806797493;sandalia papete cartago 11713  milao baby (aj344 bege/marrom 20/21);39,30;12;0;0;0
00703222;7909806797509;sandalia papete cartago 11713  milao baby (aj344 bege/marrom 22);39,30;12;0;0;0
00703223;7909806797516;sandalia papete cartago 11713  milao baby (aj344 bege/marrom 23/24);39,30;12;0;0;0
00703225;7909806797523;sandalia papete cartago 11713  milao baby (aj344 bege/marrom 25);39,30;12;0;0;0
00703226;7909806797530;sandalia papete cartago 11713  milao baby (aj344 bege/marrom 26/27);39,30;12;0;0;0
00704017;7909510780217;chinelo dedo rider 11645 street baby (20766 b preto/preto 17/18);14,84;12;0;0;0
00704019;7909510780224;chinelo dedo rider 11645 street baby (20766 b preto/preto 19);14,84;12;0;0;0
00704020;7909510780231;chinelo dedo rider 11645 street baby (20766 b preto/preto 20/21);14,84;12;0;0;0
00704022;7909510780248;chinelo dedo rider 11645 street baby (20766 b preto/preto 22);14,84;12;0;0;0
00704023;7909510780255;chinelo dedo rider 11645 street baby (20766 b preto/preto 23/24);14,84;12;0;0;0
00704025;7909510780262;chinelo dedo rider 11645 street baby (20766 b preto/preto 25);14,84;12;0;0;0
00704026;;chinelo dedo rider 11645 street baby (20766 b preto/preto 26/27);14,84;12;0;0;0
00704837;7909806393596;chinelo rider 11573 street ad (ae960 ad preto/preto 37/38);16,95;12;0;0;0
00704839;7909806393602;chinelo rider 11573 street ad (ae960 ad preto/preto 39/40);16,95;12;0;0;0
00704841;7909806393619;chinelo rider 11573 street ad (ae960 ad preto/preto 41/42);16,95;12;0;0;0
00704843;7909806393626;chinelo rider 11573 street ad (ae960 ad preto/preto 43/44);16,95;12;0;0;0
00706017;7909806140763;sandalia grendene kids 22303 d/magic baby m (aa661 preto/branco 17/18);19,65;12;0;0;0
00706020;7909806140787;sandalia grendene kids 22303 d/magic baby m (aa661 preto/branco 20/21);19,65;12;0;0;0
00706022;7909806140794;sandalia grendene kids 22303 d/magic baby m (aa661 preto/branco 22);19,65;12;0;0;0
00706023;7909806140800;sandalia grendene kids 22303 d/magic baby m (aa661 preto/branco 23/24);19,65;12;0;0;0
00706025;7909806140817;sandalia grendene kids 22303 d/magic baby m (aa661 preto/branco 25);19,65;12;0;0;0
00706026;7909806140824;sandalia grendene kids 22303 d/magic baby m (aa661 preto/branco 26/27);19,65;12;0;0;0
00711117;7909937283506;sandalia papete zaxynina 18820 confete (as710 nude/claro 17/18);31,39;12;0;0;0
00711119;7909937283513;sandalia papete zaxynina 18820 confete (as710 nude/claro 19);31,39;12;0;0;0
00711120;7909937283520;sandalia papete zaxynina 18820 confete (as710 nude/claro 20);31,39;12;0;0;0
00711121;7909937283537;sandalia papete zaxynina 18820 confete (as710 nude/claro 21);31,39;12;0;0;0
00711122;7909937283544;sandalia papete zaxynina 18820 confete (as710 nude/claro 22);31,39;12;0;0;0
00711123;7909937283551;sandalia papete zaxynina 18820 confete (as710 nude/claro 23/24);31,39;12;0;0;0
00711125;7909937283568;sandalia papete zaxynina 18820 confete (as710 nude/claro 25);31,39;12;0;0;0
00711126;7909937283575;sandalia papete zaxynina 18820 confete (as710 nude/claro 26/27);31,39;12;0;0;0
00711217;7909937052065;sandalia zaxynina 18776 moderninha (ao862 rosa/choque 17/18);31,61;12;0;0;0
00711219;7909937052072;sandalia zaxynina 18776 moderninha (ao862 rosa/choque 19);31,61;12;0;0;0
00711220;7909937052089;sandalia zaxynina 18776 moderninha (ao862 rosa/choque 20);31,61;12;0;0;0
00711221;7909937052096;sandalia zaxynina 18776 moderninha (ao862 rosa/choque 21);31,61;12;0;0;0
00711222;7909937052102;sandalia zaxynina 18776 moderninha (ao862 rosa/choque 22);31,61;12;0;0;0
00711223;7909937052119;sandalia zaxynina 18776 moderninha (ao862 rosa/choque 23/24);31,61;12;0;0;0
00711225;7909937052126;sandalia zaxynina 18776 moderninha (ao862 rosa/choque 25);31,61;12;0;0;0
00711226;;sandalia zaxynina 18776 moderninha (ao862 rosa/choque 26/27);31,61;12;0;0;0
00711317;7909937440428;sandalia zaxynina 18859 baby power (au060 rosa doce/medio 17/18);36,87;12;0;0;0
00711319;7909937440435;sandalia zaxynina 18859 baby power (au060 rosa doce/medio 19);36,87;12;0;0;0
00711320;7909937440442;sandalia zaxynina 18859 baby power (au060 rosa doce/medio 20);36,87;12;0;0;0
00711321;7909937440459;sandalia zaxynina 18859 baby power (au060 rosa doce/medio 21);36,87;12;0;0;0
00711322;7909937440466;sandalia zaxynina 18859 baby power (au060 rosa doce/medio 22);36,87;12;0;0;0
00711323;7909937440473;sandalia zaxynina 18859 baby power (au060 rosa doce/medio 23/24);36,87;12;0;0;0
00711325;7909937440480;sandalia zaxynina 18859 baby power (au060 rosa doce/medio 25);36,87;12;0;0;0
00711326;7909937440497;sandalia zaxynina 18859 baby power (au060 rosa doce/medio 26/27);36,87;12;0;0;0
00711417;7890875848035;sandalia zaxynina 18501 moderninha (91056 rosa/escuro 17/18);30,45;12;0;0;0
00711419;7890875848042;sandalia zaxynina 18501 moderninha (91056 rosa/escuro 19);30,45;12;0;0;0
00711420;7890875848059;sandalia zaxynina 18501 moderninha (91056 rosa/escuro 20);30,45;12;0;0;0
00711421;7890875848066;sandalia zaxynina 18501 moderninha (91056 rosa/escuro 21);30,45;12;0;0;0
00711422;7890875848073;sandalia zaxynina 18501 moderninha (91056 rosa/escuro 22);30,45;12;0;0;0
00711423;7890875848080;sandalia zaxynina 18501 moderninha (91056 rosa/escuro 23/24);30,45;12;0;0;0
00711425;7909806475629;sandalia zaxynina 18501 moderninha (91056 rosa/escuro 25);30,45;12;0;0;0
00711426;7909806475636;sandalia zaxynina 18501 moderninha (91056 rosa/escuro 26/27);30,45;12;0;0;0
00711817;7890875841678;sandalia zaxynina 18501 moderninha ii (90163 rosa/claro 17/18);28,75;12;0;0;0
00711819;7890875841685;sandalia zaxynina 18501 moderninha ii (90163 rosa/claro 19);28,75;12;0;0;0
00711820;7890875841739;sandalia zaxynina 18501 moderninha ii (90163 rosa/claro 20);28,75;12;0;0;0
00711821;7890875841746;sandalia zaxynina 18501 moderninha ii (90163 rosa/claro 21);28,75;12;0;0;0
00711822;7890875841791;sandalia zaxynina 18501 moderninha ii (90163 rosa/claro 22);28,75;12;0;0;0
00711823;7890875841807;sandalia zaxynina 18501 moderninha ii (90163 rosa/claro 23/24);28,75;12;0;0;0
00711825;7909806475582;sandalia zaxynina 18501 moderninha ii (90163 rosa/claro 25);28,75;12;0;0;0
00711826;7909806475599;sandalia zaxynina 18501 moderninha ii (90163 rosa/claro 26/27);28,75;12;0;0;0
00719717;7909937380182;chinelo ipanema 26791 turma monica (at993 rosa/amarelo 17/18);11,73;12;0;0;0
00719719;7909937380175;chinelo ipanema 26791 turma monica (at993 rosa/amarelo 19);11,73;12;0;0;0
00719720;7909937380168;chinelo ipanema 26791 turma monica (at993 rosa/amarelo 20/21);11,73;12;0;0;0
00719722;7909937380151;chinelo ipanema 26791 turma monica (at993 rosa/amarelo 22);11,73;12;0;0;0
00719723;7909937380144;chinelo ipanema 26791 turma monica (at993 rosa/amarelo 23/24);11,73;12;0;0;0
00719725;;chinelo ipanema 26791 turma monica (at993 rosa/amarelo 25);11,73;12;0;0;0
00733117;;sapatenis molekinho 2623-102 rust neo (36783 branco/off/marinho 17);57,11;12;0;0;0
00733118;;sapatenis molekinho 2623-102 rust neo (36783 branco/off/marinho 18);57,11;12;0;0;0
00733119;7909823513038;sapatenis molekinho 2623-102 rust neo (36783 branco/off/marinho 19);57,11;12;0;0;0
00733120;7909823513045;sapatenis molekinho 2623-102 rust neo (36783 branco/off/marinho 20);57,11;12;0;0;0
00733121;7909823513052;sapatenis molekinho 2623-102 rust neo (36783 branco/off/marinho 21);57,11;12;0;0;0
00733122;7909823495495;sapatenis molekinho 2623-102 rust neo (36783 branco/off/marinho 22);57,11;12;0;0;0
00733123;7909823513069;sapatenis molekinho 2623-102 rust neo (36783 branco/off/marinho 23);57,11;12;0;0;0
00733124;7909823513076;sapatenis molekinho 2623-102 rust neo (36783 branco/off/marinho 24);57,11;12;0;0;0
00733125;7909823513083;sapatenis molekinho 2623-102 rust neo (36783 branco/off/marinho 25);57,11;12;0;0;0
00733126;7909823513090;sapatenis molekinho 2623-102 rust neo (36783 branco/off/marinho 26);57,11;12;0;0;0
00733217;;sapatenis molekinho 2623-102 rust neo (61877 preto/camel 17);52,39;12;0;0;0
00733218;;sapatenis molekinho 2623-102 rust neo (61877 preto/camel 18);52,39;12;0;0;0
00733219;7909823600639;sapatenis molekinho 2623-102 rust neo (61877 preto/camel 19);52,39;12;0;0;0
00733220;7909823600646;sapatenis molekinho 2623-102 rust neo (61877 preto/camel 20);52,39;12;0;0;0
00733221;7909823600653;sapatenis molekinho 2623-102 rust neo (61877 preto/camel 21);52,39;12;0;0;0
00733222;7909823600660;sapatenis molekinho 2623-102 rust neo (61877 preto/camel 22);52,39;12;0;0;0
00733223;7909823600677;sapatenis molekinho 2623-102 rust neo (61877 preto/camel 23);52,39;12;0;0;0
00733224;7909823600684;sapatenis molekinho 2623-102 rust neo (61877 preto/camel 24);52,39;12;0;0;0
00733225;7909823600691;sapatenis molekinho 2623-102 rust neo (61877 preto/camel 25);52,39;12;0;0;0
00733226;7909823600707;sapatenis molekinho 2623-102 rust neo (61877 preto/camel 26);52,39;12;0;0;0
00733717;;tenis molekinho 2147-113 napa floter (90448 rustico/neon 17);39,60;12;0;0;0
00733718;;tenis molekinho 2147-113 napa floter (90448 rustico/neon 18);39,60;12;0;0;0
00733719;7890015691545;tenis molekinho 2147-113 napa floter (90448 rustico/neon 19);39,60;12;0;0;0
00733720;7890015691552;tenis molekinho 2147-113 napa floter (90448 rustico/neon 20);39,60;12;0;0;0
00733721;7890015691569;tenis molekinho 2147-113 napa floter (90448 rustico/neon 21);39,60;12;0;0;0
00733722;7890015691576;tenis molekinho 2147-113 napa floter (90448 rustico/neon 22);39,60;12;0;0;0
00733723;7890015691583;tenis molekinho 2147-113 napa floter (90448 rustico/neon 23);39,60;12;0;0;0
00733724;7890015691590;tenis molekinho 2147-113 napa floter (90448 rustico/neon 24);39,60;12;0;0;0
00733725;7890015691606;tenis molekinho 2147-113 napa floter (90448 rustico/neon 25);39,60;12;0;0;0
00733726;7890015691613;tenis molekinho 2147-113 napa floter (90448 rustico/neon 26);39,60;12;0;0;0
00733817;;tenis molekinho 2147-113 napa floter (16805 preto/baby 17);38,03;12;0;0;0
00733818;;tenis molekinho 2147-113 napa floter (16805 preto/baby 18);38,03;12;0;0;0
00733819;7890015470447;tenis molekinho 2147-113 napa floter (16805 preto/baby 19);38,03;12;0;0;0
00733820;7890015470454;tenis molekinho 2147-113 napa floter (16805 preto/baby 20);38,03;12;0;0;0
00733821;7890015470461;tenis molekinho 2147-113 napa floter (16805 preto/baby 21);38,03;12;0;0;0
00733822;7900015470474;tenis molekinho 2147-113 napa floter (16805 preto/baby 22);38,03;12;0;0;0
00733823;7890015470485;tenis molekinho 2147-113 napa floter (16805 preto/baby 23);38,03;12;0;0;0
00733824;7890015470492;tenis molekinho 2147-113 napa floter (16805 preto/baby 24);38,03;12;0;0;0
00733825;7890015470508;tenis molekinho 2147-113 napa floter (16805 preto/baby 25);38,03;12;0;0;0
00733826;7890015470515;tenis molekinho 2147-113 napa floter (16805 preto/baby 26);38,03;12;0;0;0
00734500;7899671006748;bolsa transversal coca cola 20132 bags drink (coca cola / vermelho un);50,65;12;0;0;0
00734817;;sapatenis molekinho 2623-105 flot rust (88285 off/branco 17);48,17;12;0;0;0
00734818;;sapatenis molekinho 2623-105 flot rust (88285 off/branco 18);48,17;12;0;0;0
00734819;7909914517044;sapatenis molekinho 2623-105 flot rust (88285 off/branco 19);48,17;12;0;0;0
00734820;7909914517051;sapatenis molekinho 2623-105 flot rust (88285 off/branco 20);48,17;12;0;0;0
00734821;7909914517068;sapatenis molekinho 2623-105 flot rust (88285 off/branco 21);48,17;12;0;0;0
00734822;7909914517075;sapatenis molekinho 2623-105 flot rust (88285 off/branco 22);48,17;12;0;0;0
00734823;7909914517082;sapatenis molekinho 2623-105 flot rust (88285 off/branco 23);48,17;12;0;0;0
00734824;7909914517099;sapatenis molekinho 2623-105 flot rust (88285 off/branco 24);48,17;12;0;0;0
00734825;7909914517105;sapatenis molekinho 2623-105 flot rust (88285 off/branco 25);48,17;12;0;0;0
00734826;7909914517112;sapatenis molekinho 2623-105 flot rust (88285 off/branco 26);48,17;12;0;0;0
00736717;7909800387515;sapatilha molekinho 2617-100 lycra robo (16261 multi/marinho 17);31,98;12;0;0;0
00736718;7909800387522;sapatilha molekinho 2617-100 lycra robo (16261 multi/marinho 18);31,98;12;0;0;0
00736719;7909800387539;sapatilha molekinho 2617-100 lycra robo (16261 multi/marinho 19);31,98;12;0;0;0
00736720;7909800387546;sapatilha molekinho 2617-100 lycra robo (16261 multi/marinho 20);31,98;12;0;0;0
00736721;7909800387553;sapatilha molekinho 2617-100 lycra robo (16261 multi/marinho 21);31,98;12;0;0;0
00736722;7909800387560;sapatilha molekinho 2617-100 lycra robo (16261 multi/marinho 22);31,98;12;0;0;0
00736723;7909800387577;sapatilha molekinho 2617-100 lycra robo (16261 multi/marinho 23);31,98;12;0;0;0
00736724;7909800387584;sapatilha molekinho 2617-100 lycra robo (16261 multi/marinho 24);31,98;12;0;0;0
00736725;7909800387591;sapatilha molekinho 2617-100 lycra robo (16261 multi/marinho 25);31,98;12;0;0;0
00736726;7909800387607;sapatilha molekinho 2617-100 lycra robo (16261 multi/marinho 26);31,98;12;0;0;0
00736817;;tenis molekinho 2147-138 neop masc (40915 baby/marinho 17);48,17;12;0;0;0
00736818;;tenis molekinho 2147-138 neop masc (40915 baby/marinho 18);48,17;12;0;0;0
00736819;7890015307910;tenis molekinho 2147-138 neop masc (40915 baby/marinho 19);48,17;12;0;0;0
00736820;7890015307927;tenis molekinho 2147-138 neop masc (40915 baby/marinho 20);48,17;12;0;0;0
00736821;7890015307934;tenis molekinho 2147-138 neop masc (40915 baby/marinho 21);48,17;12;0;0;0
00736822;7890015307941;tenis molekinho 2147-138 neop masc (40915 baby/marinho 22);48,17;12;0;0;0
00736823;7890015307958;tenis molekinho 2147-138 neop masc (40915 baby/marinho 23);48,17;12;0;0;0
00736824;7890015307965;tenis molekinho 2147-138 neop masc (40915 baby/marinho 24);48,17;12;0;0;0
00736825;7890015307972;tenis molekinho 2147-138 neop masc (40915 baby/marinho 25);48,17;12;0;0;0
00736826;7890015307989;tenis molekinho 2147-138 neop masc (40915 baby/marinho 26);48,17;12;0;0;0
00738117;;sapatenis molekinho 2631.202 denver neo (01 preto/bege 17);44,74;12;0;0;0
00738118;;sapatenis molekinho 2631.202 denver neo (01 preto/bege 18);44,74;12;0;0;0
00738119;7890015718921;sapatenis molekinho 2631.202 denver neo (01 preto/bege 19);44,74;12;0;0;0
00738120;7890015718938;sapatenis molekinho 2631.202 denver neo (01 preto/bege 20);44,74;12;0;0;0
00738121;7890015718945;sapatenis molekinho 2631.202 denver neo (01 preto/bege 21);44,74;12;0;0;0
00738122;7890015712806;sapatenis molekinho 2631.202 denver neo (01 preto/bege 22);44,74;12;0;0;0
00738123;7890015718952;sapatenis molekinho 2631.202 denver neo (01 preto/bege 23);44,74;12;0;0;0
00738124;7890015718969;sapatenis molekinho 2631.202 denver neo (01 preto/bege 24);44,74;12;0;0;0
00738125;7890015718976;sapatenis molekinho 2631.202 denver neo (01 preto/bege 25);44,74;12;0;0;0
00738126;7890015718983;sapatenis molekinho 2631.202 denver neo (01 preto/bege 26);44,74;12;0;0;0
00738317;;sapatenis molekinho 2631.202 denver neo (526 branco off 17);44,74;12;0;0;0
00738318;;sapatenis molekinho 2631.202 denver neo (526 branco off 18);44,74;12;0;0;0
00738319;7890015859198;sapatenis molekinho 2631.202 denver neo (526 branco off 19);44,74;12;0;0;0
00738320;7890015859204;sapatenis molekinho 2631.202 denver neo (526 branco off 20);44,74;12;0;0;0
00738321;7890015859211;sapatenis molekinho 2631.202 denver neo (526 branco off 21);44,74;12;0;0;0
00738322;7890015859228;sapatenis molekinho 2631.202 denver neo (526 branco off 22);44,74;12;0;0;0
00738323;7890015859235;sapatenis molekinho 2631.202 denver neo (526 branco off 23);44,74;12;0;0;0
00738324;7890015859242;sapatenis molekinho 2631.202 denver neo (526 branco off 24);44,74;12;0;0;0
00738325;7890015859259;sapatenis molekinho 2631.202 denver neo (526 branco off 25);44,74;12;0;0;0
00738326;7890015859266;sapatenis molekinho 2631.202 denver neo (526 branco off 26);44,74;12;0;0;0
00739317;;tenis molekinho 2617-103 sider masc (90823 preto 17);35,79;12;0;0;0
00739318;7890015693631;tenis molekinho 2617-103 sider masc (90823 preto 18);35,79;12;0;0;0
00739319;7890015693648;tenis molekinho 2617-103 sider masc (90823 preto 19);35,79;12;0;0;0
00739320;7890015693655;tenis molekinho 2617-103 sider masc (90823 preto 20);35,79;12;0;0;0
00739321;7890015693662;tenis molekinho 2617-103 sider masc (90823 preto 21);35,79;12;0;0;0
00739322;7890015693679;tenis molekinho 2617-103 sider masc (90823 preto 22);35,79;12;0;0;0
00739323;7890015693686;tenis molekinho 2617-103 sider masc (90823 preto 23);35,79;12;0;0;0
00739324;7890015693693;tenis molekinho 2617-103 sider masc (90823 preto 24);35,79;12;0;0;0
00739325;7890015693709;tenis molekinho 2617-103 sider masc (90823 preto 25);35,79;12;0;0;0
00739326;;tenis molekinho 2617-103 sider masc (90823 preto 26);35,79;12;0;0;0
00739517;;tenis molekinho 2632102 run floter neo (01 preto/led 17);62,05;12;0;0;0
00739518;;tenis molekinho 2632102 run floter neo (01 preto/led 18);62,05;12;0;0;0
00739519;;tenis molekinho 2632102 run floter neo (01 preto/led 19);62,05;12;0;0;0
00739520;;tenis molekinho 2632102 run floter neo (01 preto/led 20);62,05;12;0;0;0
00739521;7890067220366;tenis molekinho 2632102 run floter neo (01 preto/led 21);62,05;12;0;0;0
00739522;7890067220373;tenis molekinho 2632102 run floter neo (01 preto/led 22);62,05;12;0;0;0
00739523;7890067220380;tenis molekinho 2632102 run floter neo (01 preto/led 23);62,05;12;0;0;0
00739524;7890067220397;tenis molekinho 2632102 run floter neo (01 preto/led 24);62,05;12;0;0;0
00739525;7890067220403;tenis molekinho 2632102 run floter neo (01 preto/led 25);62,05;12;0;0;0
00739526;7890067220410;tenis molekinho 2632102 run floter neo (01 preto/led 26);62,05;12;0;0;0
00742903;7909914993374;sandalia molekinho 2951-156 vermont rn (0526 branco/off 03);30,46;12;0;0;0
00742904;7909914993046;sandalia molekinho 2951-156 vermont rn (0526 branco/off 04);30,46;12;0;0;0
00742905;7909914993381;sandalia molekinho 2951-156 vermont rn (0526 branco/off 05);30,46;12;0;0;0
00742906;7909914993398;sandalia molekinho 2951-156 vermont rn (0526 branco/off 06);30,46;12;0;0;0
00744427;7909968797027;tenis molekinho 2831.104 rust neo (15860 preto/preto l 27);52,69;12;0;0;0
00744428;7909968797034;tenis molekinho 2831.104 rust neo (15860 preto/preto l 28);52,69;12;0;0;0
00744429;7909968797041;tenis molekinho 2831.104 rust neo (15860 preto/preto l 29);52,69;12;0;0;0
00744430;7909968797058;tenis molekinho 2831.104 rust neo (15860 preto/preto l 30);52,69;12;0;0;0
00744431;7909968797065;tenis molekinho 2831.104 rust neo (15860 preto/preto l 31);52,69;12;0;0;0
00744432;7909968797072;tenis molekinho 2831.104 rust neo (15860 preto/preto l 32);52,69;12;0;0;0
00744433;7909968797089;tenis molekinho 2831.104 rust neo (15860 preto/preto l 33);52,69;12;0;0;0
00744434;7909968797096;tenis molekinho 2831.104 rust neo (15860 preto/preto l 34);52,69;12;0;0;0
00744435;7909968797102;tenis molekinho 2831.104 rust neo (15860 preto/preto l 35);52,69;12;0;0;0
00744436;7909968797119;tenis molekinho 2831.104 rust neo (15860 preto/preto l 36);52,69;12;0;0;0
00747627;7909882832248;sandalia molekinho 2400-155 napa neo (7282 cafe/caramelo 27);46,12;12;0;0;0
00747628;7909882832255;sandalia molekinho 2400-155 napa neo (7282 cafe/caramelo 28);46,12;12;0;0;0
00747629;7909882832262;sandalia molekinho 2400-155 napa neo (7282 cafe/caramelo 29);46,12;12;0;0;0
00747630;7909882832279;sandalia molekinho 2400-155 napa neo (7282 cafe/caramelo 30);46,12;12;0;0;0
00747631;7909882832286;sandalia molekinho 2400-155 napa neo (7282 cafe/caramelo 31);46,12;12;0;0;0
00747632;7909882832293;sandalia molekinho 2400-155 napa neo (7282 cafe/caramelo 32);46,12;12;0;0;0
00747633;7909882832309;sandalia molekinho 2400-155 napa neo (7282 cafe/caramelo 33);46,12;12;0;0;0
00747634;7909882832316;sandalia molekinho 2400-155 napa neo (7282 cafe/caramelo 34);46,12;12;0;0;0
00747635;7909882832323;sandalia molekinho 2400-155 napa neo (7282 cafe/caramelo 35);46,12;12;0;0;0
00747636;7909882832330;sandalia molekinho 2400-155 napa neo (7282 cafe/caramelo 36);46,12;12;0;0;0
00747827;7900015615417;sandalia molekinho 2400.355 floter rustico (1395 preto 27);42,69;12;0;0;0
00747828;7900015615424;sandalia molekinho 2400.355 floter rustico (1395 preto 28);42,69;12;0;0;0
00747829;7900015615431;sandalia molekinho 2400.355 floter rustico (1395 preto 29);42,69;12;0;0;0
00747830;7900015615448;sandalia molekinho 2400.355 floter rustico (1395 preto 30);42,69;12;0;0;0
00747831;7900015615455;sandalia molekinho 2400.355 floter rustico (1395 preto 31);42,69;12;0;0;0
00747832;7900015615462;sandalia molekinho 2400.355 floter rustico (1395 preto 32);42,69;12;0;0;0
00747833;7900015615479;sandalia molekinho 2400.355 floter rustico (1395 preto 33);42,69;12;0;0;0
00747834;7900015615486;sandalia molekinho 2400.355 floter rustico (1395 preto 34);42,69;12;0;0;0
00747835;7900015615493;sandalia molekinho 2400.355 floter rustico (1395 preto 35);42,69;12;0;0;0
00747836;7900015615509;sandalia molekinho 2400.355 floter rustico (1395 preto 36);42,69;12;0;0;0
00749300;7899670929185;bolsa transversal coca cola 20132 bags drink (coca cola/preto un);50,65;12;0;0;0
00750000;7899671003587;bolsa transversal coca cola 78410 bags bf (0532 preto // branco un);47,95;12;0;0;0
00766433;7909690029120;chinelo dedo havaianas slim glitter dois new (slim/glitter ii areia 33/34);40,51;12;0;0;0
00766435;7909690029137;chinelo dedo havaianas slim glitter dois new (slim/glitter ii areia 35/36);40,51;12;0;0;0
00766437;7909690029144;chinelo dedo havaianas slim glitter dois new (slim/glitter ii areia 37/38);40,51;12;0;0;0
00766439;7909690029151;chinelo dedo havaianas slim glitter dois new (slim/glitter ii areia 39/40);40,51;12;0;0;0
00766441;7909690029168;chinelo dedo havaianas slim glitter dois new (slim/glitter ii areia 41/42);40,51;12;0;0;0
00767815;;sapatenis klin 1661.700 flyer baby (5517 areia 15);54,13;12;0;0;0
00767816;;sapatenis klin 1661.700 flyer baby (5517 areia 16);54,13;12;0;0;0
00767817;;sapatenis klin 1661.700 flyer baby (5517 areia 17);54,13;12;0;0;0
00767818;7909874135500;sapatenis klin 1661.700 flyer baby (5517 areia 18);54,13;12;0;0;0
00767819;7909874135517;sapatenis klin 1661.700 flyer baby (5517 areia 19);54,13;12;0;0;0
00767820;7909874135524;sapatenis klin 1661.700 flyer baby (5517 areia 20);54,13;12;0;0;0
00767821;7909874135531;sapatenis klin 1661.700 flyer baby (5517 areia 21);54,13;12;0;0;0
00767822;7909874135548;sapatenis klin 1661.700 flyer baby (5517 areia 22);54,13;12;0;0;0
00767823;;sapatenis klin 1661.700 flyer baby (5517 areia 23);54,13;12;0;0;0
00767824;;sapatenis klin 1661.700 flyer baby (5517 areia 24);54,13;12;0;0;0
00767825;;sapatenis klin 1661.700 flyer baby (5517 areia 25);54,13;12;0;0;0
00767826;;sapatenis klin 1661.700 flyer baby (5517 areia 26);54,13;12;0;0;0
00767827;;sapatenis klin 1661.700 flyer baby (5517 areia 27);54,13;12;0;0;0
00770127;;sandalia klin 129145 urban san (9191 marinho 27);53,97;12;0;0;0
00770128;7909874009153;sandalia klin 129145 urban san (9191 marinho 28);53,97;12;0;0;0
00770129;7909874009160;sandalia klin 129145 urban san (9191 marinho 29);53,97;12;0;0;0
00770131;7909874009184;sandalia klin 129145 urban san (9191 marinho 31);53,97;12;0;0;0
00770132;7909874009191;sandalia klin 129145 urban san (9191 marinho 32);53,97;12;0;0;0
00770133;7909874009177;sandalia klin 129145 urban san (9191 marinho 33);53,97;12;0;0;0
00770134;7909874009399;sandalia klin 129145 urban san (9191 marinho 34);53,97;12;0;0;0
00770135;7909874009405;sandalia klin 129145 urban san (9191 marinho 35);53,97;12;0;0;0
00770136;7909874009382;sandalia klin 129145 urban san (9191 marinho 36);53,97;12;0;0;0
00772915;7909874138495;sandalia klin 515.223 cake san (8532 rosa/claro 15);49,96;12;0;0;0
00772916;7909874138501;sandalia klin 515.223 cake san (8532 rosa/claro 16);49,96;12;0;0;0
00772917;7909874114406;sandalia klin 515.223 cake san (8532 rosa/claro 17);49,96;12;0;0;0
00772918;7909874138518;sandalia klin 515.223 cake san (8532 rosa/claro 18);49,96;12;0;0;0
00772919;7909874138525;sandalia klin 515.223 cake san (8532 rosa/claro 19);49,96;12;0;0;0
00772920;7909874138532;sandalia klin 515.223 cake san (8532 rosa/claro 20);49,96;12;0;0;0
00773017;;babuche worldcolors 126.062 wboys jacaré (1792 preto/royal 17/18);35,14;12;0;0;0
00773019;7908065354003;babuche worldcolors 126.062 wboys jacaré (1792 preto/royal 19/20);35,14;12;0;0;0
00773021;7908065354010;babuche worldcolors 126.062 wboys jacaré (1792 preto/royal 21/22);35,14;12;0;0;0
00773023;7908065354027;babuche worldcolors 126.062 wboys jacaré (1792 preto/royal 23/24);35,14;12;0;0;0
00773025;7908065354034;babuche worldcolors 126.062 wboys jacaré (1792 preto/royal 25/26);35,14;12;0;0;0
00773217;;babuche worldcolors 126.062 wboys jacaré (423 marinho/laranja 17/18);35,14;12;0;0;0
00773219;7908065351361;babuche worldcolors 126.062 wboys jacaré (423 marinho/laranja 19/20);35,14;12;0;0;0
00773221;7908065351378;babuche worldcolors 126.062 wboys jacaré (423 marinho/laranja 21/22);35,14;12;0;0;0
00773223;7908065351385;babuche worldcolors 126.062 wboys jacaré (423 marinho/laranja 23/24);35,14;12;0;0;0
00773225;7908065351392;babuche worldcolors 126.062 wboys jacaré (423 marinho/laranja 25/26);35,14;12;0;0;0
00773415;;tenis klin 453.108 walk baby (3428 marinho/rosa 15);61,81;12;0;0;0
00773416;;tenis klin 453.108 walk baby (3428 marinho/rosa 16);61,81;12;0;0;0
00773417;;tenis klin 453.108 walk baby (3428 marinho/rosa 17);61,81;12;0;0;0
00773418;;tenis klin 453.108 walk baby (3428 marinho/rosa 18);61,81;12;0;0;0
00773419;7909874163411;tenis klin 453.108 walk baby (3428 marinho/rosa 19);61,81;12;0;0;0
00773420;7909874163428;tenis klin 453.108 walk baby (3428 marinho/rosa 20);61,81;12;0;0;0
00773421;7909874163435;tenis klin 453.108 walk baby (3428 marinho/rosa 21);61,81;12;0;0;0
00773422;7909874163442;tenis klin 453.108 walk baby (3428 marinho/rosa 22);61,81;12;0;0;0
00773423;;tenis klin 453.108 walk baby (3428 marinho/rosa 23);61,81;12;0;0;0
00773424;;tenis klin 453.108 walk baby (3428 marinho/rosa 24);61,81;12;0;0;0
00773425;;tenis klin 453.108 walk baby (3428 marinho/rosa 25);61,81;12;0;0;0
00773426;;tenis klin 453.108 walk baby (3428 marinho/rosa 26);61,81;12;0;0;0
00773427;;tenis klin 453.108 walk baby (3428 marinho/rosa 27);61,81;12;0;0;0
00774417;;babuche worldcolors 126.066 wboys bombeiro (1526 marinho/vermelho 17/18);37,40;12;0;0;0
00774419;7908065376456;babuche worldcolors 126.066 wboys bombeiro (1526 marinho/vermelho 19/20);37,40;12;0;0;0
00774421;7908065376487;babuche worldcolors 126.066 wboys bombeiro (1526 marinho/vermelho 21/22);37,40;12;0;0;0
00774423;7908065376470;babuche worldcolors 126.066 wboys bombeiro (1526 marinho/vermelho 23/24);37,40;12;0;0;0
00774425;7908065376463;babuche worldcolors 126.066 wboys bombeiro (1526 marinho/vermelho 25/26);37,40;12;0;0;0
00774720;;sandalia klin 177.088 suami flor (4824 white/perolizado 20);57,42;12;0;0;0
00774721;;sandalia klin 177.088 suami flor (4824 white/perolizado 21);57,42;12;0;0;0
00774722;7909874134794;sandalia klin 177.088 suami flor (4824 white/perolizado 22);57,42;12;0;0;0
00774723;7909874134800;sandalia klin 177.088 suami flor (4824 white/perolizado 23);57,42;12;0;0;0
00774724;7909874116820;sandalia klin 177.088 suami flor (4824 white/perolizado 24);57,42;12;0;0;0
00774725;7909874134817;sandalia klin 177.088 suami flor (4824 white/perolizado 25);57,42;12;0;0;0
00774726;7909874134824;sandalia klin 177.088 suami flor (4824 white/perolizado 26);57,42;12;0;0;0
00774727;7909874134831;sandalia klin 177.088 suami flor (4824 white/perolizado 27);57,42;12;0;0;0
00775817;;babuche worldcolors 126.061 wboys dino (1792/preto/royal/wboys 17/18);38,97;12;0;0;0
00775819;7908065325942;babuche worldcolors 126.061 wboys dino (1792/preto/royal/wboys 19/20);38,97;12;0;0;0
00775821;7908065307818;babuche worldcolors 126.061 wboys dino (1792/preto/royal/wboys 21/22);38,97;12;0;0;0
00775823;7908065325959;babuche worldcolors 126.061 wboys dino (1792/preto/royal/wboys 23/24);38,97;12;0;0;0
00775825;7908065325966;babuche worldcolors 126.061 wboys dino (1792/preto/royal/wboys 25/26);38,97;12;0;0;0
00776020;7909874047155;sandalia klin 171.202 tic tac (7209 marinho 20);41,42;12;0;0;0
00776021;7909874047162;sandalia klin 171.202 tic tac (7209 marinho 21);41,42;12;0;0;0
00776022;7909874047179;sandalia klin 171.202 tic tac (7209 marinho 22);41,42;12;0;0;0
00776023;7909874047186;sandalia klin 171.202 tic tac (7209 marinho 23);41,42;12;0;0;0
00776024;7909874047193;sandalia klin 171.202 tic tac (7209 marinho 24);41,42;12;0;0;0
00776025;7909874047209;sandalia klin 171.202 tic tac (7209 marinho 25);41,42;12;0;0;0
00776026;7909874047216;sandalia klin 171.202 tic tac (7209 marinho 26);41,42;12;0;0;0
00776027;7909874047223;sandalia klin 171.202 tic tac (7209 marinho 27);41,42;12;0;0;0
00777020;7909874044048;sandalia klin 171.199 tic casual (4093 azul/rosacandy 20);45,56;12;0;0;0
00777021;7909874013211;sandalia klin 171.199 tic casual (4093 azul/rosacandy 21);45,56;12;0;0;0
00777022;7909874044055;sandalia klin 171.199 tic casual (4093 azul/rosacandy 22);45,56;12;0;0;0
00777023;7909874044062;sandalia klin 171.199 tic casual (4093 azul/rosacandy 23);45,56;12;0;0;0
00777024;7909874044079;sandalia klin 171.199 tic casual (4093 azul/rosacandy 24);45,56;12;0;0;0
00777025;7909874044086;sandalia klin 171.199 tic casual (4093 azul/rosacandy 25);45,56;12;0;0;0
00777026;7909874044093;sandalia klin 171.199 tic casual (4093 azul/rosacandy 26);45,56;12;0;0;0
00777027;7909874044109;sandalia klin 171.199 tic casual (4093 azul/rosacandy 27);45,56;12;0;0;0
00780017;;tenis molekinha 2723.100 suica femi (5805 pink/preto 17);39,43;12;0;0;0
00780018;;tenis molekinha 2723.100 suica femi (5805 pink/preto 18);39,43;12;0;0;0
00780019;;tenis molekinha 2723.100 suica femi (5805 pink/preto 19);39,43;12;0;0;0
00780020;7890067215751;tenis molekinha 2723.100 suica femi (5805 pink/preto 20);39,43;12;0;0;0
00780021;7890067215768;tenis molekinha 2723.100 suica femi (5805 pink/preto 21);39,43;12;0;0;0
00780022;7890067215775;tenis molekinha 2723.100 suica femi (5805 pink/preto 22);39,43;12;0;0;0
00780023;7890067215782;tenis molekinha 2723.100 suica femi (5805 pink/preto 23);39,43;12;0;0;0
00780024;7890067215799;tenis molekinha 2723.100 suica femi (5805 pink/preto 24);39,43;12;0;0;0
00780025;7890067215805;tenis molekinha 2723.100 suica femi (5805 pink/preto 25);39,43;12;0;0;0
00780026;;tenis molekinha 2723.100 suica femi (5805 pink/preto 26);39,43;12;0;0;0
00780317;;tenis molekinha 2131.625 verniz glow (5738 branco 17);49,18;12;0;0;0
00780318;;tenis molekinha 2131.625 verniz glow (5738 branco 18);49,18;12;0;0;0
00780319;7890015725707;tenis molekinha 2131.625 verniz glow (5738 branco 19);49,18;12;0;0;0
00780320;7890015725714;tenis molekinha 2131.625 verniz glow (5738 branco 20);49,18;12;0;0;0
00780321;7890015725721;tenis molekinha 2131.625 verniz glow (5738 branco 21);49,18;12;0;0;0
00780322;7890015725738;tenis molekinha 2131.625 verniz glow (5738 branco 22);49,18;12;0;0;0
00780323;7890015725745;tenis molekinha 2131.625 verniz glow (5738 branco 23);49,18;12;0;0;0
00780324;7890015725752;tenis molekinha 2131.625 verniz glow (5738 branco 24);49,18;12;0;0;0
00780325;7890015725769;tenis molekinha 2131.625 verniz glow (5738 branco 25);49,18;12;0;0;0
00780326;;tenis molekinha 2131.625 verniz glow (5738 branco 26);49,18;12;0;0;0
00784933;7897120940070;MEIA CANO CURTO MODARE 7499.3.25395 (M375C/ CURTO BRANCA 33-40);19,12;12;0;0;0
00785333;7897120940032;MEIA INVISÍVEL MODARE 749.2.25395 (M0373I/ PRETA 33-40);19,12;12;0;0;0
00785533;7897120940063;MEIA INVISÍVEL MODARE 749.2.25395 (M0373I/C BRANCA 33-40);19,12;12;0;0;0
00789737;7898540860986;babuche boaonda 1944.208 brave (0993 blue/pitanga 37/38);68,38;12;0;0;0
00789739;7898540860993;babuche boaonda 1944.208 brave (0993 blue/pitanga 39/40);68,38;12;0;0;0
00789741;7898540861006;babuche boaonda 1944.208 brave (0993 blue/pitanga 41/42);68,38;12;0;0;0
00789743;7898540865677;babuche boaonda 1944.208 brave (0993 blue/pitanga 43/44);68,38;12;0;0;0
00790434;;bota moleca 5338.103 berlim ela (1034 preto 34);105,72;12;0;0;0
00790435;7890015131034;bota moleca 5338.103 berlim ela (1034 preto 35);105,72;12;0;0;0
00790436;7890015131041;bota moleca 5338.103 berlim ela (1034 preto 36);105,72;12;0;0;0
00790437;7890015131065;bota moleca 5338.103 berlim ela (1034 preto 37);105,72;12;0;0;0
00790438;7890015131089;bota moleca 5338.103 berlim ela (1034 preto 38);105,72;12;0;0;0
00790439;7890015131096;bota moleca 5338.103 berlim ela (1034 preto 39);105,72;12;0;0;0
00790440;7890015131102;bota moleca 5338.103 berlim ela (1034 preto 40);105,72;12;0;0;0
00800923;7891109749227;chinelo dedo havaianas 012.43 hav top (5209 preto 23/24);18,60;12;0;0;0
00800925;7891109749234;chinelo dedo havaianas 012.43 hav top (5209 preto 25/26);18,60;12;0;0;0
00800927;7891109635193;chinelo dedo havaianas 012.43 hav top (5209 preto 27/28);18,60;12;0;0;0
00800929;7891109635209;chinelo dedo havaianas 012.43 hav top (5209 preto 29/30);18,60;12;0;0;0
00800931;7901114703289;chinelo dedo havaianas 012.43 hav top (5209 preto 31/32);18,60;12;0;0;0
00800933;;chinelo dedo havaianas 012.43 hav top (5209 preto 33/34);18,60;12;0;0;0
00800935;;chinelo dedo havaianas 012.43 hav top (5209 preto 35/36);18,60;12;0;0;0
00801820;7908065370232;sandalia worldcolors 296.001 encanto baby (1463 baby dourado 20);55,83;12;0;0;0
00801821;7908065370249;sandalia worldcolors 296.001 encanto baby (1463 baby dourado 21);55,83;12;0;0;0
00801822;7908065358780;sandalia worldcolors 296.001 encanto baby (1463 baby dourado 22);55,83;12;0;0;0
00801823;7908065370294;sandalia worldcolors 296.001 encanto baby (1463 baby dourado 23);55,83;12;0;0;0
00801824;7908065370263;sandalia worldcolors 296.001 encanto baby (1463 baby dourado 24);55,83;12;0;0;0
00801825;7908065370270;sandalia worldcolors 296.001 encanto baby (1463 baby dourado 25);55,83;12;0;0;0
00801826;7908065370287;sandalia worldcolors 296.001 encanto baby (1463 baby dourado 26);55,83;12;0;0;0
00801827;7908065370256;sandalia worldcolors 296.001 encanto baby (1463 baby dourado 27);55,83;12;0;0;0
00802020;7908065382853;sandalia worldcolors 296.001 encanto baby (992 baby preto 20);55,83;12;0;0;0
00802021;7908065382860;sandalia worldcolors 296.001 encanto baby (992 baby preto 21);55,83;12;0;0;0
00802022;7908065382433;sandalia worldcolors 296.001 encanto baby (992 baby preto 22);55,83;12;0;0;0
00802023;7908065382440;sandalia worldcolors 296.001 encanto baby (992 baby preto 23);55,83;12;0;0;0
00802024;7908065382488;sandalia worldcolors 296.001 encanto baby (992 baby preto 24);55,83;12;0;0;0
00802025;7908065382464;sandalia worldcolors 296.001 encanto baby (992 baby preto 25);55,83;12;0;0;0
00802026;7908065382471;sandalia worldcolors 296.001 encanto baby (992 baby preto 26);55,83;12;0;0;0
00802027;7908065382457;sandalia worldcolors 296.001 encanto baby (992 baby preto 27);55,83;12;0;0;0
00805317;;sandalia molekinha 2729.202 verniz pre baby (93824 baby branco 99/pink 17);40,29;12;0;0;0
00805318;;sandalia molekinha 2729.202 verniz pre baby (93824 baby branco 99/pink 18);40,29;12;0;0;0
00805319;7890015717511;sandalia molekinha 2729.202 verniz pre baby (93824 baby branco 99/pink 19);40,29;12;0;0;0
00805320;7890015717528;sandalia molekinha 2729.202 verniz pre baby (93824 baby branco 99/pink 20);40,29;12;0;0;0
00805321;7890015717535;sandalia molekinha 2729.202 verniz pre baby (93824 baby branco 99/pink 21);40,29;12;0;0;0
00805322;;sandalia molekinha 2729.202 verniz pre baby (93824 baby branco 99/pink 22);40,29;12;0;0;0
00805323;;sandalia molekinha 2729.202 verniz pre baby (93824 baby branco 99/pink 23);40,29;12;0;0;0
00805324;7890015717566;sandalia molekinha 2729.202 verniz pre baby (93824 baby branco 99/pink 24);40,29;12;0;0;0
00805325;;sandalia molekinha 2729.202 verniz pre baby (93824 baby branco 99/pink 25);40,29;12;0;0;0
00805326;;sandalia molekinha 2729.202 verniz pre baby (93824 baby branco 99/pink 26);40,29;12;0;0;0
00811800;7898723630764;massinha stiica e pula dinossauro 20g (dino cores diversas un);7,53;12;0;0;0
00811900;7898723630740;massinha stiica e pula unicornio 20g (rosa/azul/branco/lilas un);7,53;12;0;0;0
00812000;7898723630757;stiica e pula gelele tradicional 20g (tradicional cores variada un);6,70;12;0;0;0
00812100;7898723630863;stiica e pula gelele look monster 14g (monster cores variadas un);6,97;12;0;0;0
00812200;7898723630962;leleba gel magico 265g gelele fundo do mar menina (g/rosa/violeta/laranja un);28,87;12;0;0;0
00812300;7898723630979;leleba gel magico gelele fundo do mar menino (g/azul/red/amarelo un);28,87;12;0;0;0
00812400;7898723630924;slime brilha no escuro 110g gelele surpresa espaci (b/escuro cores surpresa un);6,55;12;0;0;0
00820433;7900123064381;TAMANCO MODARE 7142.106 NP/SEN FLEX (96782.PRETO 01/CAMEL 1165 33);49,06;12;0;0;0
00820434;7909694687210;TAMANCO MODARE 7142.106 NP/SEN FLEX (96782.PRETO 01/CAMEL 1165 34);49,06;12;0;0;0
00820435;7900123064404;TAMANCO MODARE 7142.106 NP/SEN FLEX (96782.PRETO 01/CAMEL 1165 35);49,06;12;0;0;0
00820436;7900123064411;TAMANCO MODARE 7142.106 NP/SEN FLEX (96782.PRETO 01/CAMEL 1165 36);49,06;12;0;0;0
00820437;7900123064435;TAMANCO MODARE 7142.106 NP/SEN FLEX (96782.PRETO 01/CAMEL 1165 37);49,06;12;0;0;0
00820438;7900123064459;TAMANCO MODARE 7142.106 NP/SEN FLEX (96782.PRETO 01/CAMEL 1165 38);49,06;12;0;0;0
00820439;7909694687289;TAMANCO MODARE 7142.106 NP/SEN FLEX (96782.PRETO 01/CAMEL 1165 39);49,06;12;0;0;0
00820440;7900123064473;TAMANCO MODARE 7142.106 NP/SEN FLEX (96782.PRETO 01/CAMEL 1165 40);49,06;12;0;0;0
00820441;;TAMANCO MODARE 7142.106 NP/SEN FLEX (96782.PRETO 01/CAMEL 1165 41);49,06;12;0;0;0
00820833;7900123068792;TAMANCO MODARE 7142.106 NP/SEN FLEX (96783.NUDE 658/CAMEL1165 33);45,99;12;0;0;0
00820834;7900123068808;TAMANCO MODARE 7142.106 NP/SEN FLEX (96783.NUDE 658/CAMEL1165 34);45,99;12;0;0;0
00820835;7900123068815;TAMANCO MODARE 7142.106 NP/SEN FLEX (96783.NUDE 658/CAMEL1165 35);45,99;12;0;0;0
00820836;7900123068822;TAMANCO MODARE 7142.106 NP/SEN FLEX (96783.NUDE 658/CAMEL1165 36);45,99;12;0;0;0
00820837;7900123068846;TAMANCO MODARE 7142.106 NP/SEN FLEX (96783.NUDE 658/CAMEL1165 37);45,99;12;0;0;0
00820838;7900123068860;TAMANCO MODARE 7142.106 NP/SEN FLEX (96783.NUDE 658/CAMEL1165 38);45,99;12;0;0;0
00820839;7900123068877;TAMANCO MODARE 7142.106 NP/SEN FLEX (96783.NUDE 658/CAMEL1165 39);45,99;12;0;0;0
00820840;7900123068884;TAMANCO MODARE 7142.106 NP/SEN FLEX (96783.NUDE 658/CAMEL1165 40);45,99;12;0;0;0
00820841;;TAMANCO MODARE 7142.106 NP/SEN FLEX (96783.NUDE 658/CAMEL1165 41);45,99;12;0;0;0
00820933;7900123185031;TAMANCO MODARE 7142.106 TRESSE ALBA (96781 NP/TAN 1080/CAMEL11 33);42,61;12;0;0;0
00820934;7900123185048;TAMANCO MODARE 7142.106 TRESSE ALBA (96781 NP/TAN 1080/CAMEL11 34);42,61;12;0;0;0
00820935;7900123185055;TAMANCO MODARE 7142.106 TRESSE ALBA (96781 NP/TAN 1080/CAMEL11 35);42,61;12;0;0;0
00820936;7900123185062;TAMANCO MODARE 7142.106 TRESSE ALBA (96781 NP/TAN 1080/CAMEL11 36);42,61;12;0;0;0
00820937;7900123185086;TAMANCO MODARE 7142.106 TRESSE ALBA (96781 NP/TAN 1080/CAMEL11 37);42,61;12;0;0;0
00820938;7900123185109;TAMANCO MODARE 7142.106 TRESSE ALBA (96781 NP/TAN 1080/CAMEL11 38);42,61;12;0;0;0
00820939;7900123185116;TAMANCO MODARE 7142.106 TRESSE ALBA (96781 NP/TAN 1080/CAMEL11 39);42,61;12;0;0;0
00820940;7900123185123;TAMANCO MODARE 7142.106 TRESSE ALBA (96781 NP/TAN 1080/CAMEL11 40);42,61;12;0;0;0
00820941;;TAMANCO MODARE 7142.106 TRESSE ALBA (96781 NP/TAN 1080/CAMEL11 41);42,61;12;0;0;0
00821033;7900123179122;TAMANCO MODARE 7142.106 TRESSE ALBA (96782.NP/PRETO 01/CAMEL11 33);40,20;12;0;0;0
00821034;7900123179139;TAMANCO MODARE 7142.106 TRESSE ALBA (96782.NP/PRETO 01/CAMEL11 34);40,20;12;0;0;0
00821035;7900123179146;TAMANCO MODARE 7142.106 TRESSE ALBA (96782.NP/PRETO 01/CAMEL11 35);40,20;12;0;0;0
00821036;7900123179153;TAMANCO MODARE 7142.106 TRESSE ALBA (96782.NP/PRETO 01/CAMEL11 36);40,20;12;0;0;0
00821037;7900123179177;TAMANCO MODARE 7142.106 TRESSE ALBA (96782.NP/PRETO 01/CAMEL11 37);40,20;12;0;0;0
00821038;7900123179191;TAMANCO MODARE 7142.106 TRESSE ALBA (96782.NP/PRETO 01/CAMEL11 38);40,20;12;0;0;0
00821039;7900123179207;TAMANCO MODARE 7142.106 TRESSE ALBA (96782.NP/PRETO 01/CAMEL11 39);40,20;12;0;0;0
00821040;7900123179214;TAMANCO MODARE 7142.106 TRESSE ALBA (96782.NP/PRETO 01/CAMEL11 40);40,20;12;0;0;0
00821041;;TAMANCO MODARE 7142.106 TRESSE ALBA (96782.NP/PRETO 01/CAMEL11 41);40,20;12;0;0;0
00831337;7909410233189;chinelo slide pegada 131661 (03 sl anilina cravo 37);86,28;12;0;0;0
00831338;7909410233196;chinelo slide pegada 131661 (03 sl anilina cravo 38);86,28;12;0;0;0
00831339;7909410182531;chinelo slide pegada 131661 (03 sl anilina cravo 39);86,28;12;0;0;0
00831340;7909410233202;chinelo slide pegada 131661 (03 sl anilina cravo 40);86,28;12;0;0;0
00831341;7909410233219;chinelo slide pegada 131661 (03 sl anilina cravo 41);86,28;12;0;0;0
00831342;7909410233226;chinelo slide pegada 131661 (03 sl anilina cravo 42);86,28;12;0;0;0
00831343;7909410233233;chinelo slide pegada 131661 (03 sl anilina cravo 43);86,28;12;0;0;0
00831344;7909410233240;chinelo slide pegada 131661 (03 sl anilina cravo 44);86,28;12;0;0;0
00831345;7909410249678;chinelo slide pegada 131661 (03 sl anilina cravo 45);86,28;12;0;0;0
00832237;7909940016931;chinelo couro pegada 133155 (155-02 anilina 24l cravo 37);81,51;12;0;0;0
00832238;7909410999009;chinelo couro pegada 133155 (155-02 anilina 24l cravo 38);81,51;12;0;0;0
00832239;7909410982902;chinelo couro pegada 133155 (155-02 anilina 24l cravo 39);81,51;12;0;0;0
00832240;7909410999016;chinelo couro pegada 133155 (155-02 anilina 24l cravo 40);81,51;12;0;0;0
00832241;7909410999023;chinelo couro pegada 133155 (155-02 anilina 24l cravo 41);81,51;12;0;0;0
00832242;7909410999030;chinelo couro pegada 133155 (155-02 anilina 24l cravo 42);81,51;12;0;0;0
00832243;7909410999047;chinelo couro pegada 133155 (155-02 anilina 24l cravo 43);81,51;12;0;0;0
00832244;7909940004211;chinelo couro pegada 133155 (155-02 anilina 24l cravo 44);81,51;12;0;0;0
00832437;7909410233042;chinelo couro pegada 131663 (663-03 anilina cravo 37);86,28;12;0;0;0
00832438;7909410233059;chinelo couro pegada 131663 (663-03 anilina cravo 38);86,28;12;0;0;0
00832439;7909410182678;chinelo couro pegada 131663 (663-03 anilina cravo 39);86,28;12;0;0;0
00832440;7909410233066;chinelo couro pegada 131663 (663-03 anilina cravo 40);86,28;12;0;0;0
00832441;7909410233073;chinelo couro pegada 131663 (663-03 anilina cravo 41);86,28;12;0;0;0
00832442;7909410233080;chinelo couro pegada 131663 (663-03 anilina cravo 42);86,28;12;0;0;0
00832443;7909410233097;chinelo couro pegada 131663 (663-03 anilina cravo 43);86,28;12;0;0;0
00832444;7909410233103;chinelo couro pegada 131663 (663-03 anilina cravo 44);86,28;12;0;0;0
00832445;7909410266637;chinelo couro pegada 131663 (663-03 anilina cravo 45);86,28;12;0;0;0
00833137;7909410652195;chinelo couro pegada 132232 (232-01 anilina pinhao 37);66,78;12;0;0;0
00833138;7909410652058;chinelo couro pegada 132232 (232-01 anilina pinhao 38);66,78;12;0;0;0
00833139;7909410611147;chinelo couro pegada 132232 (232-01 anilina pinhao 39);66,78;12;0;0;0
00833140;7909410652065;chinelo couro pegada 132232 (232-01 anilina pinhao 40);66,78;12;0;0;0
00833141;7909410652072;chinelo couro pegada 132232 (232-01 anilina pinhao 41);66,78;12;0;0;0
00833142;7909410652089;chinelo couro pegada 132232 (232-01 anilina pinhao 42);66,78;12;0;0;0
00833143;7909410652096;chinelo couro pegada 132232 (232-01 anilina pinhao 43);66,78;12;0;0;0
00833144;7909410652201;chinelo couro pegada 132232 (232-01 anilina pinhao 44);66,78;12;0;0;0
00833537;7909410509321;chinelo couro pegada 130641 (641-02 anilina pinhao 37);67,42;12;0;0;0
00833538;;chinelo couro pegada 130641 (641-02 anilina pinhao 38);67,42;12;0;0;0
00833539;7909410500373;chinelo couro pegada 130641 (641-02 anilina pinhao 39);67,42;12;0;0;0
00833540;7909410509284;chinelo couro pegada 130641 (641-02 anilina pinhao 40);67,42;12;0;0;0
00833541;;chinelo couro pegada 130641 (641-02 anilina pinhao 41);67,42;12;0;0;0
00833542;;chinelo couro pegada 130641 (641-02 anilina pinhao 42);67,42;12;0;0;0
00833543;7909410509314;chinelo couro pegada 130641 (641-02 anilina pinhao 43);67,42;12;0;0;0
00833544;;chinelo couro pegada 130641 (641-02 anilina pinhao 44);67,42;12;0;0;0
00833626;7900123667926;bota molekinha 2164.137 b/mx gliter (15787 mg/preto 01/preto 26);77,77;12;0;0;0
00833627;7900123667933;bota molekinha 2164.137 b/mx gliter (15787 mg/preto 01/preto 27);77,77;12;0;0;0
00833628;7900123667940;bota molekinha 2164.137 b/mx gliter (15787 mg/preto 01/preto 28);77,77;12;0;0;0
00833629;7900123667957;bota molekinha 2164.137 b/mx gliter (15787 mg/preto 01/preto 29);77,77;12;0;0;0
00833630;7900123667964;bota molekinha 2164.137 b/mx gliter (15787 mg/preto 01/preto 30);77,77;12;0;0;0
00833631;7900123667971;bota molekinha 2164.137 b/mx gliter (15787 mg/preto 01/preto 31);77,77;12;0;0;0
00833632;7900123667988;bota molekinha 2164.137 b/mx gliter (15787 mg/preto 01/preto 32);77,77;12;0;0;0
00833633;7900123667995;bota molekinha 2164.137 b/mx gliter (15787 mg/preto 01/preto 33);77,77;12;0;0;0
00833634;7900123668008;bota molekinha 2164.137 b/mx gliter (15787 mg/preto 01/preto 34);77,77;12;0;0;0
00833635;;bota molekinha 2164.137 b/mx gliter (15787 mg/preto 01/preto 35);77,77;12;0;0;0
00833636;;bota molekinha 2164.137 b/mx gliter (15787 mg/preto 01/preto 36);77,77;12;0;0;0
00833937;7909410510488;sandalia couro pegada 131669 (669-06 anilina preto 37);105,89;12;0;0;0
00833938;7909410510433;sandalia couro pegada 131669 (669-06 anilina preto 38);105,89;12;0;0;0
00833939;7909410499493;sandalia couro pegada 131669 (669-06 anilina preto 39);105,89;12;0;0;0
00833940;7909410510440;sandalia couro pegada 131669 (669-06 anilina preto 40);105,89;12;0;0;0
00833941;7909410510457;sandalia couro pegada 131669 (669-06 anilina preto 41);105,89;12;0;0;0
00833942;7909410510464;sandalia couro pegada 131669 (669-06 anilina preto 42);105,89;12;0;0;0
00833943;7909410510471;sandalia couro pegada 131669 (669-06 anilina preto 43);105,89;12;0;0;0
00833944;7909410510495;sandalia couro pegada 131669 (669-06 anilina preto 44);105,89;12;0;0;0
00836045;7909410538840;sandalia couro plus size pegada 530645 (645-02 anilina pinhao 24l 45);129,53;12;0;0;0
00836046;7909410538857;sandalia couro plus size pegada 530645 (645-02 anilina pinhao 24l 46);129,53;12;0;0;0
00836047;7909410538864;sandalia couro plus size pegada 530645 (645-02 anilina pinhao 24l 47);129,53;12;0;0;0
00836048;7909410538871;sandalia couro plus size pegada 530645 (645-02 anilina pinhao 24l 48);129,53;12;0;0;0
00836145;7909410539939;chinelo slide couro plus size pegada 530642 (642-02 siz anilina pinhao 45);110,24;12;0;0;0
00836146;7909410539915;chinelo slide couro plus size pegada 530642 (642-02 siz anilina pinhao 46);110,24;12;0;0;0
00836147;7909410539922;chinelo slide couro plus size pegada 530642 (642-02 siz anilina pinhao 47);110,24;12;0;0;0
00836148;7909410501004;chinelo slide couro plus size pegada 530642 (642-02 siz anilina pinhao 48);110,24;12;0;0;0
00836245;7909410538888;chinelo couro plus size pegada 530641 (641-04 anilina preto plus 45);89,70;12;0;0;0
00836246;7909410538895;chinelo couro plus size pegada 530641 (641-04 anilina preto plus 46);89,70;12;0;0;0
00836247;7909410538901;chinelo couro plus size pegada 530641 (641-04 anilina preto plus 47);89,70;12;0;0;0
00836248;7909410501028;chinelo couro plus size pegada 530641 (641-04 anilina preto plus 48);89,70;12;0;0;0
00836345;7909410538918;chinelo couro plus size pegada 530641 (641-02 anilina pinhao  pl 45);110,24;12;0;0;0
00836346;7909410538925;chinelo couro plus size pegada 530641 (641-02 anilina pinhao  pl 46);110,24;12;0;0;0
00836347;7909410538932;chinelo couro plus size pegada 530641 (641-02 anilina pinhao  pl 47);110,24;12;0;0;0
00836348;7909410538949;chinelo couro plus size pegada 530641 (641-02 anilina pinhao  pl 48);110,24;12;0;0;0
00837717;;bota molekinha 2126.526 berlim baby (15745berlim preto 01 17);53,04;12;0;0;0
00837718;;bota molekinha 2126.526 berlim baby (15745berlim preto 01 18);53,04;12;0;0;0
00837719;;bota molekinha 2126.526 berlim baby (15745berlim preto 01 19);53,04;12;0;0;0
00837720;7900123146223;bota molekinha 2126.526 berlim baby (15745berlim preto 01 20);53,04;12;0;0;0
00837721;7900123146230;bota molekinha 2126.526 berlim baby (15745berlim preto 01 21);53,04;12;0;0;0
00837722;7900123146247;bota molekinha 2126.526 berlim baby (15745berlim preto 01 22);53,04;12;0;0;0
00837723;7900123146254;bota molekinha 2126.526 berlim baby (15745berlim preto 01 23);53,04;12;0;0;0
00837724;7900123146261;bota molekinha 2126.526 berlim baby (15745berlim preto 01 24);53,04;12;0;0;0
00837725;7900123146278;bota molekinha 2126.526 berlim baby (15745berlim preto 01 25);53,04;12;0;0;0
00837726;;bota molekinha 2126.526 berlim baby (15745berlim preto 01 26);53,04;12;0;0;0
00840435;;CHINELO DEDO OLYMPIKUS 921 (921 OLY CHOCO/CASTOR 35/36);74,20;12;0;0;0
00840437;;CHINELO DEDO OLYMPIKUS 921 (921 OLY CHOCO/CASTOR 37/38);74,20;12;0;0;0
00840439;;CHINELO DEDO OLYMPIKUS 921 (921 OLY CHOCO/CASTOR 39/40);74,20;12;0;0;0
00840441;;CHINELO DEDO OLYMPIKUS 921 (921 OLY CHOCO/CASTOR 41/42);74,20;12;0;0;0
00840443;;CHINELO DEDO OLYMPIKUS 921 (921 OLY CHOCO/CASTOR 43/44);74,20;12;0;0;0
00840535;;CHINELO DEDO OLYMPIKUS 921 (921 OLY PRETO/CHUMBO 35/36);74,20;12;0;0;0
00840537;;CHINELO DEDO OLYMPIKUS 921 (921 OLY PRETO/CHUMBO 37/38);74,20;12;0;0;0
00840539;;CHINELO DEDO OLYMPIKUS 921 (921 OLY PRETO/CHUMBO 39/40);74,20;12;0;0;0
00840541;;CHINELO DEDO OLYMPIKUS 921 (921 OLY PRETO/CHUMBO 41/42);74,20;12;0;0;0
00840543;;CHINELO DEDO OLYMPIKUS 921 (921 OLY PRETO/CHUMBO 43/44);74,20;12;0;0;0
00843837;7899404958252;babuche boaonda 1944.208 brave (006 brave selva/preto 37/38);70,07;12;0;0;0
00843839;7899404958269;babuche boaonda 1944.208 brave (006 brave selva/preto 39/40);70,07;12;0;0;0
00843841;7899404958276;babuche boaonda 1944.208 brave (006 brave selva/preto 41/42);70,07;12;0;0;0
00843843;7899404958283;babuche boaonda 1944.208 brave (006 brave selva/preto 43/44);70,07;12;0;0;0
00843937;7899935181648;babuche boaonda 1944.208 brave (001 brave preto/cinza 37/38);70,07;12;0;0;0
00843939;7899935181655;babuche boaonda 1944.208 brave (001 brave preto/cinza 39/40);70,07;12;0;0;0
00843941;7899935181662;babuche boaonda 1944.208 brave (001 brave preto/cinza 41/42);70,07;12;0;0;0
00843943;7899935181679;babuche boaonda 1944.208 brave (001 brave preto/cinza 43/44);70,07;12;0;0;0
00844837;7909937039677;chinelo cartago 10738 dakar (a0575 dak marrom/marr 37/38);19,17;12;0;0;0
00844839;7909937039684;chinelo cartago 10738 dakar (a0575 dak marrom/marr 39);19,17;12;0;0;0
00844840;;chinelo cartago 10738 dakar (a0575 dak marrom/marr 40);19,17;12;0;0;0
00844841;7909937039707;chinelo cartago 10738 dakar (a0575 dak marrom/marr 41);19,17;12;0;0;0
00844842;7909937039714;chinelo cartago 10738 dakar (a0575 dak marrom/marr 42);19,17;12;0;0;0
00844843;7909937039721;chinelo cartago 10738 dakar (a0575 dak marrom/marr 43/44);19,17;12;0;0;0
00850133;7890557662058;chinelo dedo havaianas top liso (top liso verde patria 33/34);19,99;12;0;0;0
00850135;7890557636844;chinelo dedo havaianas top liso (top liso verde patria 35/36);19,99;12;0;0;0
00850137;7890557662065;chinelo dedo havaianas top liso (top liso verde patria 37/38);19,99;12;0;0;0
00850139;7890557644023;chinelo dedo havaianas top liso (top liso verde patria 39/40);19,99;12;0;0;0
00850141;7890557662072;chinelo dedo havaianas top liso (top liso verde patria 41/42);19,99;12;0;0;0
00850143;7890557621802;chinelo dedo havaianas top liso (top liso verde patria 43/44);19,99;12;0;0;0
00850145;;chinelo dedo havaianas top liso (top liso verde patria 45/46);19,99;12;0;0;0
00850147;;chinelo dedo havaianas top liso (top liso verde patria 47/48);19,99;12;0;0;0
00850233;7890541641892;chinelo dedo havaianas top liso (top liso cinza aco 33/34);19,99;12;0;0;0
00850235;7890541641908;chinelo dedo havaianas top liso (top liso cinza aco 35/36);19,99;12;0;0;0
00850237;7890541641915;chinelo dedo havaianas top liso (top liso cinza aco 37/38);19,99;12;0;0;0
00850239;7890541641922;chinelo dedo havaianas top liso (top liso cinza aco 39/40);19,99;12;0;0;0
00850241;7890541642431;chinelo dedo havaianas top liso (top liso cinza aco 41/42);19,99;12;0;0;0
00850243;7893249647845;chinelo dedo havaianas top liso (top liso cinza aco 43/44);19,99;12;0;0;0
00850245;7893249647852;chinelo dedo havaianas top liso (top liso cinza aco 45/46);19,99;12;0;0;0
00850247;;chinelo dedo havaianas top liso (top liso cinza aco 47/48);19,99;12;0;0;0
00850333;7909989354292;chinelo dedo havaianas slim liso (slim liso pessego 33/34);24,52;12;0;0;0
00850335;7909989354308;chinelo dedo havaianas slim liso (slim liso pessego 35/36);24,52;12;0;0;0
00850337;7909989354315;chinelo dedo havaianas slim liso (slim liso pessego 37/38);24,52;12;0;0;0
00850339;7909989354322;chinelo dedo havaianas slim liso (slim liso pessego 39/40);24,52;12;0;0;0
00850341;7909989354339;chinelo dedo havaianas slim liso (slim liso pessego 41/42);24,52;12;0;0;0
00850343;;chinelo dedo havaianas slim liso (slim liso pessego 43/44);24,52;12;0;0;0
00850345;;chinelo dedo havaianas slim liso (slim liso pessego 45/46);24,52;12;0;0;0
00850433;7909989354391;chinelo dedo havaianas slim liso (slim liso buttercream 33/34);24,52;12;0;0;0
00850435;7909989354407;chinelo dedo havaianas slim liso (slim liso buttercream 35/36);24,52;12;0;0;0
00850437;7909989354414;chinelo dedo havaianas slim liso (slim liso buttercream 37/38);24,52;12;0;0;0
00850439;7909989354421;chinelo dedo havaianas slim liso (slim liso buttercream 39/40);24,52;12;0;0;0
00850441;7909989354438;chinelo dedo havaianas slim liso (slim liso buttercream 41/42);24,52;12;0;0;0
00850443;;chinelo dedo havaianas slim liso (slim liso buttercream 43/44);24,52;12;0;0;0
00850445;;chinelo dedo havaianas slim liso (slim liso buttercream 45/46);24,52;12;0;0;0
00850533;7909989354490;chinelo dedo havaianas slim liso (slim liso verde matcha 33/34);24,52;12;0;0;0
00850535;7909989354506;chinelo dedo havaianas slim liso (slim liso verde matcha 35/36);24,52;12;0;0;0
00850537;7909989354513;chinelo dedo havaianas slim liso (slim liso verde matcha 37/38);24,52;12;0;0;0
00850539;7909989354520;chinelo dedo havaianas slim liso (slim liso verde matcha 39/40);24,52;12;0;0;0
00850541;7909989354537;chinelo dedo havaianas slim liso (slim liso verde matcha 41/42);24,52;12;0;0;0
00850543;;chinelo dedo havaianas slim liso (slim liso verde matcha 43/44);24,52;12;0;0;0
00850545;;chinelo dedo havaianas slim liso (slim liso verde matcha 45/46);24,52;12;0;0;0
00850633;7891266541993;chinelo dedo havaianas slim liso (slim liso lilas escuro 33/34);24,52;12;0;0;0
00850635;7891266542006;chinelo dedo havaianas slim liso (slim liso lilas escuro 35/36);24,52;12;0;0;0
00850637;7891266542013;chinelo dedo havaianas slim liso (slim liso lilas escuro 37/38);24,52;12;0;0;0
00850639;7891266542020;chinelo dedo havaianas slim liso (slim liso lilas escuro 39/40);24,52;12;0;0;0
00850641;7891266542037;chinelo dedo havaianas slim liso (slim liso lilas escuro 41/42);24,52;12;0;0;0
00850643;;chinelo dedo havaianas slim liso (slim liso lilas escuro 43/44);24,52;12;0;0;0
00850645;;chinelo dedo havaianas slim liso (slim liso lilas escuro 45/46);24,52;12;0;0;0
00851723;7909989687338;chinelo havaianas kids athletic 24/25 (hav at. branco/azul naval 23/24);14,81;12;0;0;0
00851725;7909989687345;chinelo havaianas kids athletic 24/25 (hav at. branco/azul naval 25/26);14,81;12;0;0;0
00851727;7909989687352;chinelo havaianas kids athletic 24/25 (hav at. branco/azul naval 27/28);14,81;12;0;0;0
00851729;7909989687369;chinelo havaianas kids athletic 24/25 (hav at. branco/azul naval 29/30);14,81;12;0;0;0
00851731;7909989687376;chinelo havaianas kids athletic 24/25 (hav at. branco/azul naval 31/32);14,81;12;0;0;0
00851733;7909989687383;chinelo havaianas kids athletic 24/25 (hav at. branco/azul naval 33/34);14,81;12;0;0;0
00851735;7909989687390;chinelo havaianas kids athletic 24/25 (hav at. branco/azul naval 35/36);14,81;12;0;0;0
00851833;7909989351833;chinelo havaianas slim organic 24/25 (hav.slim preto/cinza/dark 33/34);27,32;12;0;0;0
00851835;7909989351840;chinelo havaianas slim organic 24/25 (hav.slim preto/cinza/dark 35/36);27,32;12;0;0;0
00851837;7909989351857;chinelo havaianas slim organic 24/25 (hav.slim preto/cinza/dark 37/38);27,32;12;0;0;0
00851839;7909989351864;chinelo havaianas slim organic 24/25 (hav.slim preto/cinza/dark 39/40);27,32;12;0;0;0
00851841;7909989351871;chinelo havaianas slim organic 24/25 (hav.slim preto/cinza/dark 41/42);27,32;12;0;0;0
00861533;7909989351789;chinelo havaianas slim organic 24/25 (h.slim rosa/rose gold 33/34);27,32;12;0;0;0
00861535;7909989351796;chinelo havaianas slim organic 24/25 (h.slim rosa/rose gold 35/36);27,32;12;0;0;0
00861537;7909989351802;chinelo havaianas slim organic 24/25 (h.slim rosa/rose gold 37/38);27,32;12;0;0;0
00861539;7909989351819;chinelo havaianas slim organic 24/25 (h.slim rosa/rose gold 39/40);27,32;12;0;0;0
00861541;7909989351826;chinelo havaianas slim organic 24/25 (h.slim rosa/rose gold 41/42);27,32;12;0;0;0
00864033;7909800761551;kit meia invisivel actvitta mesclado (act/branco/branco/preto 33/38);15,78;12;0;0;0
00864039;7909800761568;kit meia invisivel actvitta mesclado (act/branco/branco/preto 39/44);15,78;12;0;0;0
00865333;7909989325063;chinelo havaianas slim gloss 2024/25 (h. gloss amaranto 33/34);26,17;12;0;0;0
00865335;7909989325070;chinelo havaianas slim gloss 2024/25 (h. gloss amaranto 35/36);26,17;12;0;0;0
00865337;7909989325087;chinelo havaianas slim gloss 2024/25 (h. gloss amaranto 37/38);26,17;12;0;0;0
00865339;7909989325117;chinelo havaianas slim gloss 2024/25 (h. gloss amaranto 39/40);26,17;12;0;0;0
00865341;7909989325124;chinelo havaianas slim gloss 2024/25 (h. gloss amaranto 41/42);26,17;12;0;0;0
00865637;7909989912607;chinelo havaianas track waves 2024/25 (t/waves branco 37/38);23,55;12;0;0;0
00865639;7909989912614;chinelo havaianas track waves 2024/25 (t/waves branco 39/40);23,55;12;0;0;0
00865641;7909989912621;chinelo havaianas track waves 2024/25 (t/waves branco 41/42);23,55;12;0;0;0
00865643;7909989912638;chinelo havaianas track waves 2024/25 (t/waves branco 43/44);23,55;12;0;0;0
00865645;7909989912645;chinelo havaianas track waves 2024/25 (t/waves branco 45/46);23,55;12;0;0;0
00865837;7909989459973;chinelo dedo havaianas dual (verde olive/branco 37/38);36,63;12;0;0;0
00865839;7909989459980;chinelo dedo havaianas dual (verde olive/branco 39/40);36,63;12;0;0;0
00865841;7909989459997;chinelo dedo havaianas dual (verde olive/branco 41/42);36,63;12;0;0;0
00865843;7909989460009;chinelo dedo havaianas dual (verde olive/branco 43/44);36,63;12;0;0;0
00865845;7909989460016;chinelo dedo havaianas dual (verde olive/branco 45/46);36,63;12;0;0;0
00866433;;chinelo havaianas h. brasil logo 2024/25 (h. logo azul naval 33/34);32,97;12;0;0;0
00866435;7895265369794;chinelo havaianas h. brasil logo 2024/25 (h. logo azul naval 35/36);32,97;12;0;0;0
00866437;7895265369800;chinelo havaianas h. brasil logo 2024/25 (h. logo azul naval 37/38);32,97;12;0;0;0
00866439;7895265369817;chinelo havaianas h. brasil logo 2024/25 (h. logo azul naval 39/40);32,97;12;0;0;0
00866441;7895265369824;chinelo havaianas h. brasil logo 2024/25 (h. logo azul naval 41/42);32,97;12;0;0;0
00866443;7895265369831;chinelo havaianas h. brasil logo 2024/25 (h. logo azul naval 43/44);32,97;12;0;0;0
00866445;7895265369848;chinelo havaianas h. brasil logo 2024/25 (h. logo azul naval 45/46);32,97;12;0;0;0
00866533;7891224864577;chinelo havaianas h. brasil logo 2024/25 (h. logo preto 33/34);32,97;12;0;0;0
00866535;7891224864584;chinelo havaianas h. brasil logo 2024/25 (h. logo preto 35/36);32,97;12;0;0;0
00866537;7891224864591;chinelo havaianas h. brasil logo 2024/25 (h. logo preto 37/38);32,97;12;0;0;0
00866539;7891224864607;chinelo havaianas h. brasil logo 2024/25 (h. logo preto 39/40);32,97;12;0;0;0
00866541;7891224864614;chinelo havaianas h. brasil logo 2024/25 (h. logo preto 41/42);32,97;12;0;0;0
00866543;7891224864621;chinelo havaianas h. brasil logo 2024/25 (h. logo preto 43/44);32,97;12;0;0;0
00866545;7891224864638;chinelo havaianas h. brasil logo 2024/25 (h. logo preto 45/46);32,97;12;0;0;0
00866633;7891109342343;chinelo havaianas h. brasil logo 2024/25 (h. logo branco 33/34);32,97;12;0;0;0
00866635;7891109342350;chinelo havaianas h. brasil logo 2024/25 (h. logo branco 35/36);32,97;12;0;0;0
00866637;7891109342367;chinelo havaianas h. brasil logo 2024/25 (h. logo branco 37/38);32,97;12;0;0;0
00866639;7891109342374;chinelo havaianas h. brasil logo 2024/25 (h. logo branco 39/40);32,97;12;0;0;0
00866641;7891109342381;chinelo havaianas h. brasil logo 2024/25 (h. logo branco 41/42);32,97;12;0;0;0
00866643;7891109342398;chinelo havaianas h. brasil logo 2024/25 (h. logo branco 43/44);32,97;12;0;0;0
00866645;7891109342404;chinelo havaianas h. brasil logo 2024/25 (h. logo branco 45/46);32,97;12;0;0;0
00867617;;sandalia papete rider 12149 r line plus (ax857 grafite/preto 17/18);32,85;12;0;0;0
00867619;7909937601133;sandalia papete rider 12149 r line plus (ax857 grafite/preto 19);32,85;12;0;0;0
00867620;7909937601126;sandalia papete rider 12149 r line plus (ax857 grafite/preto 20/21);32,85;12;0;0;0
00867622;7909937601119;sandalia papete rider 12149 r line plus (ax857 grafite/preto 22);32,85;12;0;0;0
00867623;7909937601102;sandalia papete rider 12149 r line plus (ax857 grafite/preto 23/24);32,85;12;0;0;0
00867625;7909937601096;sandalia papete rider 12149 r line plus (ax857 grafite/preto 25);32,85;12;0;0;0
00867626;7909937601089;sandalia papete rider 12149 r line plus (ax857 grafite/preto 26/27);32,85;12;0;0;0
00868237;7909989703717;chinelo havaianas aloha 2024/2025 (hav.alo/marinho/marinho 37/38);28,25;12;0;0;0
00868239;7909989703724;chinelo havaianas aloha 2024/2025 (hav.alo/marinho/marinho 39/40);28,25;12;0;0;0
00868241;7909989703731;chinelo havaianas aloha 2024/2025 (hav.alo/marinho/marinho 41/42);28,25;12;0;0;0
00868243;7909989703748;chinelo havaianas aloha 2024/2025 (hav.alo/marinho/marinho 43/44);28,25;12;0;0;0
00868245;7909989703755;chinelo havaianas aloha 2024/2025 (hav.alo/marinho/marinho 45/46);28,25;12;0;0;0
00868337;7909989703533;chinelo havaianas aloha 2024/2025 (hav.alo/branco/bra/verde 37/38);28,25;12;0;0;0
00868339;7909989703540;chinelo havaianas aloha 2024/2025 (hav.alo/branco/bra/verde 39/40);28,25;12;0;0;0
00868341;7909989703557;chinelo havaianas aloha 2024/2025 (hav.alo/branco/bra/verde 41/42);28,25;12;0;0;0
00868343;7909989703564;chinelo havaianas aloha 2024/2025 (hav.alo/branco/bra/verde 43/44);28,25;12;0;0;0
00868345;7909989703571;chinelo havaianas aloha 2024/2025 (hav.alo/branco/bra/verde 45/46);28,25;12;0;0;0
00868437;7909989691397;chinelo havaianas aloha 2024/2025 (hav.alo/preto/preto/cz 37/38);28,25;12;0;0;0
00868439;7909989691403;chinelo havaianas aloha 2024/2025 (hav.alo/preto/preto/cz 39/40);28,25;12;0;0;0
00868441;7909989691410;chinelo havaianas aloha 2024/2025 (hav.alo/preto/preto/cz 41/42);28,25;12;0;0;0
00868443;7909989691427;chinelo havaianas aloha 2024/2025 (hav.alo/preto/preto/cz 43/44);28,25;12;0;0;0
00868445;7909989691434;chinelo havaianas aloha 2024/2025 (hav.alo/preto/preto/cz 45/46);28,25;12;0;0;0
00869927;7900190233079;sandalia molekinho 2402.745 f.camurcao (17063-marin/areia/caramel 27);46,12;12;0;0;0
00869928;7900190233086;sandalia molekinho 2402.745 f.camurcao (17063-marin/areia/caramel 28);46,12;12;0;0;0
00869929;7900190233093;sandalia molekinho 2402.745 f.camurcao (17063-marin/areia/caramel 29);46,12;12;0;0;0
00869930;7900190231037;sandalia molekinho 2402.745 f.camurcao (17063-marin/areia/caramel 30);46,12;12;0;0;0
00869931;7900190233109;sandalia molekinho 2402.745 f.camurcao (17063-marin/areia/caramel 31);46,12;12;0;0;0
00869932;7900190233116;sandalia molekinho 2402.745 f.camurcao (17063-marin/areia/caramel 32);46,12;12;0;0;0
00869933;7900190233123;sandalia molekinho 2402.745 f.camurcao (17063-marin/areia/caramel 33);46,12;12;0;0;0
00869934;7900190233130;sandalia molekinho 2402.745 f.camurcao (17063-marin/areia/caramel 34);46,12;12;0;0;0
00869935;7900190233147;sandalia molekinho 2402.745 f.camurcao (17063-marin/areia/caramel 35);46,12;12;0;0;0
00869936;7900190233154;sandalia molekinho 2402.745 f.camurcao (17063-marin/areia/caramel 36);46,12;12;0;0;0
00870127;7900123644224;tenis molekinho 2850.310 nylon/free (27981-preto/preto/cinza 27);60,24;12;0;0;0
00870128;7900123644231;tenis molekinho 2850.310 nylon/free (27981-preto/preto/cinza 28);60,24;12;0;0;0
00870129;7900123644248;tenis molekinho 2850.310 nylon/free (27981-preto/preto/cinza 29);60,24;12;0;0;0
00870130;7900123644255;tenis molekinho 2850.310 nylon/free (27981-preto/preto/cinza 30);60,24;12;0;0;0
00870131;7900123644262;tenis molekinho 2850.310 nylon/free (27981-preto/preto/cinza 31);60,24;12;0;0;0
00870132;7900123644279;tenis molekinho 2850.310 nylon/free (27981-preto/preto/cinza 32);60,24;12;0;0;0
00870133;7900123644286;tenis molekinho 2850.310 nylon/free (27981-preto/preto/cinza 33);60,24;12;0;0;0
00870134;7900123644293;tenis molekinho 2850.310 nylon/free (27981-preto/preto/cinza 34);60,24;12;0;0;0
00870135;7900123644309;tenis molekinho 2850.310 nylon/free (27981-preto/preto/cinza 35);60,24;12;0;0;0
00870136;7900123644316;tenis molekinho 2850.310 nylon/free (27981-preto/preto/cinza 36);60,24;12;0;0;0
00870617;7909937571603;chinelo ipanema 25431 baby gatinha (ax725 rosa/rosa/c 17/18);11,98;12;0;0;0
00870619;7909937571597;chinelo ipanema 25431 baby gatinha (ax725 rosa/rosa/c 19);11,98;12;0;0;0
00870620;7909937571580;chinelo ipanema 25431 baby gatinha (ax725 rosa/rosa/c 20/21);11,98;12;0;0;0
00870622;7909937571573;chinelo ipanema 25431 baby gatinha (ax725 rosa/rosa/c 22);11,98;12;0;0;0
00870623;7909937571566;chinelo ipanema 25431 baby gatinha (ax725 rosa/rosa/c 23/24);11,98;12;0;0;0
00870625;;chinelo ipanema 25431 baby gatinha (ax725 rosa/rosa/c 25);11,98;12;0;0;0
00870717;7909937968359;chinelo ipanema 25431 baby leaozinho (be697 ip/azul/azul 17/18);11,98;12;0;0;0
00870719;7909937968342;chinelo ipanema 25431 baby leaozinho (be697 ip/azul/azul 19);11,98;12;0;0;0
00870720;7909937968335;chinelo ipanema 25431 baby leaozinho (be697 ip/azul/azul 20/21);11,98;12;0;0;0
00870722;7909937968328;chinelo ipanema 25431 baby leaozinho (be697 ip/azul/azul 22);11,98;12;0;0;0
00870723;7909937968311;chinelo ipanema 25431 baby leaozinho (be697 ip/azul/azul 23/24);11,98;12;0;0;0
00870725;;chinelo ipanema 25431 baby leaozinho (be697 ip/azul/azul 25);11,98;12;0;0;0
00871617;7909937946975;chinelo ipanema 27182 glitter baby (be467 rosa/rosa/glitter 17/18);14,08;12;0;0;0
00871619;7909937946968;chinelo ipanema 27182 glitter baby (be467 rosa/rosa/glitter 19);14,08;12;0;0;0
00871620;7909937946951;chinelo ipanema 27182 glitter baby (be467 rosa/rosa/glitter 20/21);14,08;12;0;0;0
00871622;7909937946944;chinelo ipanema 27182 glitter baby (be467 rosa/rosa/glitter 22);14,08;12;0;0;0
00871623;7909937946937;chinelo ipanema 27182 glitter baby (be467 rosa/rosa/glitter 23/24);14,08;12;0;0;0
00871625;;chinelo ipanema 27182 glitter baby (be467 rosa/rosa/glitter 25);14,08;12;0;0;0
00872017;7909937935689;chinelo ipanema 27296 patrulha canin (be822 azul/azul 17/18);14,37;12;0;0;0
00872019;7909937935696;chinelo ipanema 27296 patrulha canin (be822 azul/azul 19);14,37;12;0;0;0
00872020;7909937935702;chinelo ipanema 27296 patrulha canin (be822 azul/azul 20/21);14,37;12;0;0;0
00872022;7909937935719;chinelo ipanema 27296 patrulha canin (be822 azul/azul 22);14,37;12;0;0;0
00872023;7909937935726;chinelo ipanema 27296 patrulha canin (be822 azul/azul 23/24);14,37;12;0;0;0
00872025;;chinelo ipanema 27296 patrulha canin (be822 azul/azul 25);14,37;12;0;0;0
00873737;7909989912720;chinelo havaianas track waves 2024/25 (waves-cinza gelo 37/38);23,55;12;0;0;0
00873739;7909989912737;chinelo havaianas track waves 2024/25 (waves-cinza gelo 39/40);23,55;12;0;0;0
00873741;7909989912744;chinelo havaianas track waves 2024/25 (waves-cinza gelo 41/42);23,55;12;0;0;0
00873743;7909989912751;chinelo havaianas track waves 2024/25 (waves-cinza gelo 43/44);23,55;12;0;0;0
00873745;7909989912768;chinelo havaianas track waves 2024/25 (waves-cinza gelo 45/46);23,55;12;0;0;0
00878917;;sandalia molekinho 2135.763 rustico neo (36786bm marinho 488/branc 17);35,17;12;0;0;0
00878918;;sandalia molekinho 2135.763 rustico neo (36786bm marinho 488/branc 18);35,17;12;0;0;0
00878919;7900190232775;sandalia molekinho 2135.763 rustico neo (36786bm marinho 488/branc 19);35,17;12;0;0;0
00878920;7900190232782;sandalia molekinho 2135.763 rustico neo (36786bm marinho 488/branc 20);35,17;12;0;0;0
00878921;7900190232799;sandalia molekinho 2135.763 rustico neo (36786bm marinho 488/branc 21);35,17;12;0;0;0
00878922;7900190229409;sandalia molekinho 2135.763 rustico neo (36786bm marinho 488/branc 22);35,17;12;0;0;0
00878923;7900190232805;sandalia molekinho 2135.763 rustico neo (36786bm marinho 488/branc 23);35,17;12;0;0;0
00878924;7900190232812;sandalia molekinho 2135.763 rustico neo (36786bm marinho 488/branc 24);35,17;12;0;0;0
00878925;7900190232829;sandalia molekinho 2135.763 rustico neo (36786bm marinho 488/branc 25);35,17;12;0;0;0
00878926;7900190232836;sandalia molekinho 2135.763 rustico neo (36786bm marinho 488/branc 26);35,17;12;0;0;0
00882517;7909937844486;sandalia zaxynina 18501 moderninha ii (be138z/mod rosa iogurte 17/18);30,48;12;0;0;0
00882519;7909937844493;sandalia zaxynina 18501 moderninha ii (be138z/mod rosa iogurte 19);30,48;12;0;0;0
00882520;7909937844509;sandalia zaxynina 18501 moderninha ii (be138z/mod rosa iogurte 20);30,48;12;0;0;0
00882521;7909937844516;sandalia zaxynina 18501 moderninha ii (be138z/mod rosa iogurte 21);30,48;12;0;0;0
00882522;7909937844523;sandalia zaxynina 18501 moderninha ii (be138z/mod rosa iogurte 22);30,48;12;0;0;0
00882523;7909937844530;sandalia zaxynina 18501 moderninha ii (be138z/mod rosa iogurte 23/24);30,48;12;0;0;0
00882525;7909937844547;sandalia zaxynina 18501 moderninha ii (be138z/mod rosa iogurte 25);30,48;12;0;0;0
00882526;7909937844554;sandalia zaxynina 18501 moderninha ii (be138z/mod rosa iogurte 26/27);30,48;12;0;0;0
00882617;7909937844561;sandalia zaxynina 18501 moderninha ii (be145-rosa quartzo degrad 17/18);30,48;12;0;0;0
00882619;7909937844578;sandalia zaxynina 18501 moderninha ii (be145-rosa quartzo degrad 19);30,48;12;0;0;0
00882620;7909937844585;sandalia zaxynina 18501 moderninha ii (be145-rosa quartzo degrad 20);30,48;12;0;0;0
00882621;7909937844592;sandalia zaxynina 18501 moderninha ii (be145-rosa quartzo degrad 21);30,48;12;0;0;0
00882622;7909937844608;sandalia zaxynina 18501 moderninha ii (be145-rosa quartzo degrad 22);30,48;12;0;0;0
00882623;7909937844615;sandalia zaxynina 18501 moderninha ii (be145-rosa quartzo degrad 23/24);30,48;12;0;0;0
00882625;7909937844622;sandalia zaxynina 18501 moderninha ii (be145-rosa quartzo degrad 25);30,48;12;0;0;0
00882626;7909937844639;sandalia zaxynina 18501 moderninha ii (be145-rosa quartzo degrad 26/27);30,48;12;0;0;0
00883917;7909937781057;sandalia papete grendene kids 22710 patru canina f (bc893p/can rosa/branco 17/18);28,75;12;0;0;0
00883919;7909937781040;sandalia papete grendene kids 22710 patru canina f (bc893p/can rosa/branco 19);28,75;12;0;0;0
00883920;7909937781033;sandalia papete grendene kids 22710 patru canina f (bc893p/can rosa/branco 20/21);28,75;12;0;0;0
00883922;7909937781026;sandalia papete grendene kids 22710 patru canina f (bc893p/can rosa/branco 22);28,75;12;0;0;0
00883923;7909937781019;sandalia papete grendene kids 22710 patru canina f (bc893p/can rosa/branco 23/24);28,75;12;0;0;0
00883925;7909937781002;sandalia papete grendene kids 22710 patru canina f (bc893p/can rosa/branco 25);28,75;12;0;0;0
00883926;7909937780999;sandalia papete grendene kids 22710 patru canina f (bc893p/can rosa/branco 26/27);28,75;12;0;0;0
00884633;7909989317648;chinelo dedo havaianas elegance liso (el/lis rosa ballet 33/34);15,70;12;0;0;0
00884635;7909989317655;chinelo dedo havaianas elegance liso (el/lis rosa ballet 35/36);15,70;12;0;0;0
00884637;7909989317662;chinelo dedo havaianas elegance liso (el/lis rosa ballet 37/38);15,70;12;0;0;0
00884639;7909989317679;chinelo dedo havaianas elegance liso (el/lis rosa ballet 39/40);15,70;12;0;0;0
00884641;7909989317686;chinelo dedo havaianas elegance liso (el/lis rosa ballet 41/42);15,70;12;0;0;0
00884737;7909806650712;chinelo cartago 11840 atlanta (aj521c/atl marrom/marrom 37/38);19,69;12;0;0;0
00884739;7909806650729;chinelo cartago 11840 atlanta (aj521c/atl marrom/marrom 39);19,69;12;0;0;0
00884740;7909806650736;chinelo cartago 11840 atlanta (aj521c/atl marrom/marrom 40);19,69;12;0;0;0
00884741;7909806650743;chinelo cartago 11840 atlanta (aj521c/atl marrom/marrom 41);19,69;12;0;0;0
00884742;7909806650750;chinelo cartago 11840 atlanta (aj521c/atl marrom/marrom 42);19,69;12;0;0;0
00884743;7909806650767;chinelo cartago 11840 atlanta (aj521c/atl marrom/marrom 43/44);19,69;12;0;0;0
00884837;7909937244996;chinelo cartago 11840 atlanta (as401c/atl preto/preto 37/38);19,69;12;0;0;0
00884839;7909937245009;chinelo cartago 11840 atlanta (as401c/atl preto/preto 39);19,69;12;0;0;0
00884840;7909937245016;chinelo cartago 11840 atlanta (as401c/atl preto/preto 40);19,69;12;0;0;0
00884841;7909937245023;chinelo cartago 11840 atlanta (as401c/atl preto/preto 41);19,69;12;0;0;0
00884842;7909937245030;chinelo cartago 11840 atlanta (as401c/atl preto/preto 42);19,69;12;0;0;0
00884843;7909937245047;chinelo cartago 11840 atlanta (as401c/atl preto/preto 43/44);19,69;12;0;0;0
00885317;7909937753863;chinelo ipanema 26791 turm monica f (bb032i/tmon rosa/rosa/ve 17/18);11,98;12;0;0;0
00885319;7909937753870;chinelo ipanema 26791 turm monica f (bb032i/tmon rosa/rosa/ve 19);11,98;12;0;0;0
00885320;7909937753887;chinelo ipanema 26791 turm monica f (bb032i/tmon rosa/rosa/ve 20/21);11,98;12;0;0;0
00885322;7909937753894;chinelo ipanema 26791 turm monica f (bb032i/tmon rosa/rosa/ve 22);11,98;12;0;0;0
00885323;7909937753900;chinelo ipanema 26791 turm monica f (bb032i/tmon rosa/rosa/ve 23/24);11,98;12;0;0;0
00885325;;chinelo ipanema 26791 turm monica f (bb032i/tmon rosa/rosa/ve 25);11,98;12;0;0;0
00885417;7909937753962;chinelo ipanema 26791 turm monica m (bb036i/tmon azul/azul 17/18);12,42;12;0;0;0
00885419;7909937753979;chinelo ipanema 26791 turm monica m (bb036i/tmon azul/azul 19);12,42;12;0;0;0
00885420;7909937753986;chinelo ipanema 26791 turm monica m (bb036i/tmon azul/azul 20/21);12,42;12;0;0;0
00885422;7909937753993;chinelo ipanema 26791 turm monica m (bb036i/tmon azul/azul 22);12,42;12;0;0;0
00885423;7909937754006;chinelo ipanema 26791 turm monica m (bb036i/tmon azul/azul 23/24);12,42;12;0;0;0
00885425;;chinelo ipanema 26791 turm monica m (bb036i/tmon azul/azul 25);12,42;12;0;0;0
00885517;7909937872489;chinelo ipanema 27065 disney marie (bc951i/disn rosa/glitter 17/18);16,77;12;0;0;0
00885519;7909937872496;chinelo ipanema 27065 disney marie (bc951i/disn rosa/glitter 19);16,77;12;0;0;0
00885520;7909937872502;chinelo ipanema 27065 disney marie (bc951i/disn rosa/glitter 20/21);16,77;12;0;0;0
00885522;7909937872519;chinelo ipanema 27065 disney marie (bc951i/disn rosa/glitter 22);16,77;12;0;0;0
00885523;7909937872526;chinelo ipanema 27065 disney marie (bc951i/disn rosa/glitter 23/24);16,77;12;0;0;0
00885525;;chinelo ipanema 27065 disney marie (bc951i/disn rosa/glitter 25);16,77;12;0;0;0
00888217;7909937768294;sandalia zaxynina 18988 fofurinha (ba656z/fo rosa dalia 17/18);35,55;12;0;0;0
00888219;7909937768300;sandalia zaxynina 18988 fofurinha (ba656z/fo rosa dalia 19);35,55;12;0;0;0
00888220;7909937768317;sandalia zaxynina 18988 fofurinha (ba656z/fo rosa dalia 20);35,55;12;0;0;0
00888221;7909937768324;sandalia zaxynina 18988 fofurinha (ba656z/fo rosa dalia 21);35,55;12;0;0;0
00888222;7909937768331;sandalia zaxynina 18988 fofurinha (ba656z/fo rosa dalia 22);35,55;12;0;0;0
00888223;7909937768348;sandalia zaxynina 18988 fofurinha (ba656z/fo rosa dalia 23/24);35,55;12;0;0;0
00888225;7909937768355;sandalia zaxynina 18988 fofurinha (ba656z/fo rosa dalia 25);35,55;12;0;0;0
00888226;7909937768362;sandalia zaxynina 18988 fofurinha (ba656z/fo rosa dalia 26/27);35,55;12;0;0;0
00891500;7909766410432;bolsa moleca 50007.1 gorgurão (52531 nude/ gor/ 658 mol un);41,39;12;0;0;0
00895237;7900015853581;tenis casual actvitta 4916.518 sorano (15745a/sor preto 01 37);84,05;12;0;0;0
00895238;7900015853598;tenis casual actvitta 4916.518 sorano (15745a/sor preto 01 38);84,05;12;0;0;0
00895239;7900015853604;tenis casual actvitta 4916.518 sorano (15745a/sor preto 01 39);84,05;12;0;0;0
00895240;7900015853611;tenis casual actvitta 4916.518 sorano (15745a/sor preto 01 40);84,05;12;0;0;0
00895241;7900015853628;tenis casual actvitta 4916.518 sorano (15745a/sor preto 01 41);84,05;12;0;0;0
00895242;7900015853635;tenis casual actvitta 4916.518 sorano (15745a/sor preto 01 42);84,05;12;0;0;0
00895243;7900015853642;tenis casual actvitta 4916.518 sorano (15745a/sor preto 01 43);84,05;12;0;0;0
00895244;7900015853659;tenis casual actvitta 4916.518 sorano (15745a/sor preto 01 44);84,05;12;0;0;0
00895245;;tenis casual actvitta 4916.518 sorano (15745a/sor preto 01 45);84,05;12;0;0;0
00895337;7900015743790;tenis casual actvitta 4916.518 sorano (93249a/sor areia 1137 37);84,05;12;0;0;0
00895338;7900015743806;tenis casual actvitta 4916.518 sorano (93249a/sor areia 1137 38);84,05;12;0;0;0
00895339;7900015743813;tenis casual actvitta 4916.518 sorano (93249a/sor areia 1137 39);84,05;12;0;0;0
00895340;7900015743578;tenis casual actvitta 4916.518 sorano (93249a/sor areia 1137 40);84,05;12;0;0;0
00895341;7900015743820;tenis casual actvitta 4916.518 sorano (93249a/sor areia 1137 41);84,05;12;0;0;0
00895342;7900015743837;tenis casual actvitta 4916.518 sorano (93249a/sor areia 1137 42);84,05;12;0;0;0
00895343;7900015743844;tenis casual actvitta 4916.518 sorano (93249a/sor areia 1137 43);84,05;12;0;0;0
00895344;7900015743851;tenis casual actvitta 4916.518 sorano (93249a/sor areia 1137 44);84,05;12;0;0;0
00895345;;tenis casual actvitta 4916.518 sorano (93249a/sor areia 1137 45);84,05;12;0;0;0
00898633;7900190316123;tamanco anabela modare 7151.115 leaz/ paris (015745t preto lea 33);68,49;12;0;0;0
00898634;7900190316130;tamanco anabela modare 7151.115 leaz/ paris (015745t preto lea 34);68,49;12;0;0;0
00898635;7900190316147;tamanco anabela modare 7151.115 leaz/ paris (015745t preto lea 35);68,49;12;0;0;0
00898636;7900190316154;tamanco anabela modare 7151.115 leaz/ paris (015745t preto lea 36);68,49;12;0;0;0
00898637;7900190316178;tamanco anabela modare 7151.115 leaz/ paris (015745t preto lea 37);68,49;12;0;0;0
00898638;7900190316192;tamanco anabela modare 7151.115 leaz/ paris (015745t preto lea 38);68,49;12;0;0;0
00898639;7900190316208;tamanco anabela modare 7151.115 leaz/ paris (015745t preto lea 39);68,49;12;0;0;0
00898640;;tamanco anabela modare 7151.115 leaz/ paris (015745t preto lea 40);68,49;12;0;0;0
00898833;7909694159533;sandalia anabela modare 7151.102 canelado ii (000003s/can preto 33);68,49;12;0;0;0
00898834;7909694159540;sandalia anabela modare 7151.102 canelado ii (000003s/can preto 34);68,49;12;0;0;0
00898835;7909694159557;sandalia anabela modare 7151.102 canelado ii (000003s/can preto 35);68,49;12;0;0;0
00898836;7909694159564;sandalia anabela modare 7151.102 canelado ii (000003s/can preto 36);68,49;12;0;0;0
00898837;7909694159588;sandalia anabela modare 7151.102 canelado ii (000003s/can preto 37);68,49;12;0;0;0
00898838;7909694159601;sandalia anabela modare 7151.102 canelado ii (000003s/can preto 38);68,49;12;0;0;0
00898839;7909694159618;sandalia anabela modare 7151.102 canelado ii (000003s/can preto 39);68,49;12;0;0;0
00898840;7909694159625;sandalia anabela modare 7151.102 canelado ii (000003s/can preto 40);68,49;12;0;0;0
00900433;;chinelo havaianas top times i (corinthians i 33/34);27,16;12;0;0;0
00900437;7909989136980;chinelo havaianas top times i (corinthians i 37/38);27,16;12;0;0;0
00900441;7909989137000;chinelo havaianas top times i (corinthians i 41/42);27,16;12;0;0;0
00900443;7909989137017;chinelo havaianas top times i (corinthians i 43/44);27,16;12;0;0;0
00900537;7909989138014;chinelo havaianas top times i (palmeiras i 37/38);27,16;12;0;0;0
00900547;;chinelo havaianas top times i (palmeiras i 47/48);27,16;12;0;0;0
00901223;7909989481882;chinelo havaianas kids herois (k her marinho 23/24);27,16;12;0;0;0
00901225;7909989481899;chinelo havaianas kids herois (k her marinho 25/26);27,16;12;0;0;0
00901227;7909989481905;chinelo havaianas kids herois (k her marinho 27/28);27,16;12;0;0;0
00901229;7909989481912;chinelo havaianas kids herois (k her marinho 29/30);27,16;12;0;0;0
00901231;7909989481929;chinelo havaianas kids herois (k her marinho 31/32);27,16;12;0;0;0
00901233;7909989481936;chinelo havaianas kids herois (k her marinho 33/34);27,16;12;0;0;0
00901235;7909989481943;chinelo havaianas kids herois (k her marinho 35/36);27,16;12;0;0;0
00901323;7909989481950;chinelo havaianas kids herois (k her cinza aco 23/24);27,16;12;0;0;0
00901325;7909989481967;chinelo havaianas kids herois (k her cinza aco 25/26);27,16;12;0;0;0
00901327;7909989481974;chinelo havaianas kids herois (k her cinza aco 27/28);27,16;12;0;0;0
00901329;7909989481981;chinelo havaianas kids herois (k her cinza aco 29/30);27,16;12;0;0;0
00901331;7909989481998;chinelo havaianas kids herois (k her cinza aco 31/32);27,16;12;0;0;0
00901333;7909989482001;chinelo havaianas kids herois (k her cinza aco 33/34);27,16;12;0;0;0
00901335;7909989482018;chinelo havaianas kids herois (k her cinza aco 35/36);27,16;12;0;0;0
00903137;7909989765722;chinelo dedo havaianas power 2.0 (power marinho/azul 37/38);43,44;12;0;0;0
00903139;7909989765739;chinelo dedo havaianas power 2.0 (power marinho/azul 39/40);43,44;12;0;0;0
00903141;7909989765746;chinelo dedo havaianas power 2.0 (power marinho/azul 41/42);43,44;12;0;0;0
00903145;7909989765760;chinelo dedo havaianas power 2.0 (power marinho/azul 45/46);43,44;12;0;0;0
00903434;7900190247656;tenis actvitta 4841.103 loc salem (15758 preto/branco 34);78,43;12;0;0;0
00903435;7900190247663;tenis actvitta 4841.103 loc salem (15758 preto/branco 35);78,43;12;0;0;0
00903436;7900190247670;tenis actvitta 4841.103 loc salem (15758 preto/branco 36);78,43;12;0;0;0
00903437;7900190247694;tenis actvitta 4841.103 loc salem (15758 preto/branco 37);78,43;12;0;0;0
00903438;7900190247717;tenis actvitta 4841.103 loc salem (15758 preto/branco 38);78,43;12;0;0;0
00903439;7900190247724;tenis actvitta 4841.103 loc salem (15758 preto/branco 39);78,43;12;0;0;0
00903440;7900190247731;tenis actvitta 4841.103 loc salem (15758 preto/branco 40);78,43;12;0;0;0
00903717;7909937985387;sandalia zaxynina 19060 zaxynina mod (bf040 rosa medio 17/18);30,48;12;0;0;0
00903719;7909937985394;sandalia zaxynina 19060 zaxynina mod (bf040 rosa medio 19);30,48;12;0;0;0
00903720;7909937985400;sandalia zaxynina 19060 zaxynina mod (bf040 rosa medio 20);30,48;12;0;0;0
00903721;7909937985417;sandalia zaxynina 19060 zaxynina mod (bf040 rosa medio 21);30,48;12;0;0;0
00903722;7909937985424;sandalia zaxynina 19060 zaxynina mod (bf040 rosa medio 22);30,48;12;0;0;0
00903723;7909937985431;sandalia zaxynina 19060 zaxynina mod (bf040 rosa medio 23/24);30,48;12;0;0;0
00903725;7909937985448;sandalia zaxynina 19060 zaxynina mod (bf040 rosa medio 25);30,48;12;0;0;0
00903726;7909937985455;sandalia zaxynina 19060 zaxynina mod (bf040 rosa medio 26/27);30,48;12;0;0;0
00903817;7900204050548;sandalia papete zaxynina 19061 joaninha (bf748 rosa dalia 17/18);33,54;12;0;0;0
00903819;7900204050555;sandalia papete zaxynina 19061 joaninha (bf748 rosa dalia 19);33,54;12;0;0;0
00903820;7900204050562;sandalia papete zaxynina 19061 joaninha (bf748 rosa dalia 20);33,54;12;0;0;0
00903821;7900204050579;sandalia papete zaxynina 19061 joaninha (bf748 rosa dalia 21);33,54;12;0;0;0
00903822;7900204050586;sandalia papete zaxynina 19061 joaninha (bf748 rosa dalia 22);33,54;12;0;0;0
00903823;7900204050593;sandalia papete zaxynina 19061 joaninha (bf748 rosa dalia 23/24);33,54;12;0;0;0
00903825;7900204050609;sandalia papete zaxynina 19061 joaninha (bf748 rosa dalia 25);33,54;12;0;0;0
00903826;7900204050616;sandalia papete zaxynina 19061 joaninha (bf748 rosa dalia 26/27);33,54;12;0;0;0
00904233;;chinelo havaianas old top times ii (old santos branco/branco 33/34);34,99;12;0;0;0
00904243;7909989146545;chinelo havaianas old top times ii (old santos branco/branco 43/44);34,99;12;0;0;0
00904245;7909989146552;chinelo havaianas old top times ii (old santos branco/branco 45/46);34,99;12;0;0;0
00904247;;chinelo havaianas old top times ii (old santos branco/branco 47/48);34,99;12;0;0;0
00904433;;chinelo havaianas top simpsons 2025 (simpsons amarelo pop 33/34);31,25;12;0;0;0
00904435;7909989480052;chinelo havaianas top simpsons 2025 (simpsons amarelo pop 35/36);31,25;12;0;0;0
00904437;7909989480069;chinelo havaianas top simpsons 2025 (simpsons amarelo pop 37/38);31,25;12;0;0;0
00904439;7909989480076;chinelo havaianas top simpsons 2025 (simpsons amarelo pop 39/40);31,25;12;0;0;0
00904441;7909989480083;chinelo havaianas top simpsons 2025 (simpsons amarelo pop 41/42);31,25;12;0;0;0
00904443;7909989480090;chinelo havaianas top simpsons 2025 (simpsons amarelo pop 43/44);31,25;12;0;0;0
00904445;;chinelo havaianas top simpsons 2025 (simpsons amarelo pop 45/46);31,25;12;0;0;0
00904447;;chinelo havaianas top simpsons 2025 (simpsons amarelo pop 47/48);31,25;12;0;0;0
00905933;7909989748794;chinelo dedo havaianas square neon glitter (bege/verde 33/34);36,63;12;0;0;0
00905935;7909989748800;chinelo dedo havaianas square neon glitter (bege/verde 35/36);36,63;12;0;0;0
00905937;7909989748817;chinelo dedo havaianas square neon glitter (bege/verde 37/38);36,63;12;0;0;0
00905939;7909989748824;chinelo dedo havaianas square neon glitter (bege/verde 39/40);36,63;12;0;0;0
00905941;7909989748831;chinelo dedo havaianas square neon glitter (bege/verde 41/42);36,63;12;0;0;0
00906033;7909989748848;chinelo dedo havaianas square neon glitter (bege palha / azul 33/34);36,63;12;0;0;0
00906035;7909989748855;chinelo dedo havaianas square neon glitter (bege palha / azul 35/36);36,63;12;0;0;0
00906037;7909989748862;chinelo dedo havaianas square neon glitter (bege palha / azul 37/38);36,63;12;0;0;0
00906039;7909989748879;chinelo dedo havaianas square neon glitter (bege palha / azul 39/40);36,63;12;0;0;0
00906041;7909989748886;chinelo dedo havaianas square neon glitter (bege palha / azul 41/42);36,63;12;0;0;0
00906137;7900190247168;tenis actvitta 4931.103 loc oregon (83802 preto-preto/preto 37);82,49;12;0;0;0
00906138;7900190247175;tenis actvitta 4931.103 loc oregon (83802 preto-preto/preto 38);82,49;12;0;0;0
00906139;7900190247182;tenis actvitta 4931.103 loc oregon (83802 preto-preto/preto 39);82,49;12;0;0;0
00906140;7900190247199;tenis actvitta 4931.103 loc oregon (83802 preto-preto/preto 40);82,49;12;0;0;0
00906141;7900190247205;tenis actvitta 4931.103 loc oregon (83802 preto-preto/preto 41);82,49;12;0;0;0
00906142;7900190247212;tenis actvitta 4931.103 loc oregon (83802 preto-preto/preto 42);82,49;12;0;0;0
00906143;7900190247229;tenis actvitta 4931.103 loc oregon (83802 preto-preto/preto 43);82,49;12;0;0;0
00906144;7900190247236;tenis actvitta 4931.103 loc oregon (83802 preto-preto/preto 44);82,49;12;0;0;0
00906145;;tenis actvitta 4931.103 loc oregon (83802 preto-preto/preto 45);82,49;12;0;0;0
00906500;7909766425191;bolsa moleca 50007.1 gorgurão (15787- preto 01/ preto go un);45,18;12;0;0;0
00907833;7899404944194;chinelo boaonda 1319 lily borboleta (250-002 acai/borboleta 33/34);46,69;12;0;0;0
00907835;7899404944200;chinelo boaonda 1319 lily borboleta (250-002 acai/borboleta 35/36);46,69;12;0;0;0
00907837;7899404944217;chinelo boaonda 1319 lily borboleta (250-002 acai/borboleta 37/38);46,69;12;0;0;0
00907839;7899404944224;chinelo boaonda 1319 lily borboleta (250-002 acai/borboleta 39/40);46,69;12;0;0;0
00908700;7898915801927;slime gelele gelele slime color 152g (color - gelele slime un);5,64;12;0;0;0
00910333;;chinelo havaianas top times i (sao paulo i 33/34);27,16;12;0;0;0
00910335;;chinelo havaianas top times i (sao paulo i 35/36);27,16;12;0;0;0
00910337;7909989166536;chinelo havaianas top times i (sao paulo i 37/38);27,16;12;0;0;0
00910339;7909989166543;chinelo havaianas top times i (sao paulo i 39/40);27,16;12;0;0;0
00910341;7909989166550;chinelo havaianas top times i (sao paulo i 41/42);27,16;12;0;0;0
00910343;7909989166567;chinelo havaianas top times i (sao paulo i 43/44);27,16;12;0;0;0
00910345;7909989166574;chinelo havaianas top times i (sao paulo i 45/46);27,16;12;0;0;0
00911437;7909989559055;chinelo havaianas top surfer 2024/25 (h.top s/ branco/branco/az 37/38);28,79;12;0;0;0
00911439;7909989559062;chinelo havaianas top surfer 2024/25 (h.top s/ branco/branco/az 39/40);28,79;12;0;0;0
00911441;7909989559079;chinelo havaianas top surfer 2024/25 (h.top s/ branco/branco/az 41/42);28,79;12;0;0;0
00911443;7909989559086;chinelo havaianas top surfer 2024/25 (h.top s/ branco/branco/az 43/44);28,79;12;0;0;0
00911445;7909989559093;chinelo havaianas top surfer 2024/25 (h.top s/ branco/branco/az 45/46);28,79;12;0;0;0
00912700;7898915802337;slime gelele balde 1,5kg tradicional (big trad. cores variadas un);29,13;12;0;0;0
00913334;;babuche yvate crocs (preto ivate 34);32,00;12;0;0;0
00913335;;babuche yvate crocs (preto ivate 35);32,00;12;0;0;0
00913336;;babuche yvate crocs (preto ivate 36);32,00;12;0;0;0
00913337;;babuche yvate crocs (preto ivate 37);32,00;12;0;0;0
00913338;;babuche yvate crocs (preto ivate 38);32,00;12;0;0;0
00913339;;babuche yvate crocs (preto ivate 39);32,00;12;0;0;0
00913340;;babuche yvate crocs (preto ivate 40);32,00;12;0;0;0
00913341;;babuche yvate crocs (preto ivate 41);32,00;12;0;0;0
00913342;;babuche yvate crocs (preto ivate 42);32,00;12;0;0;0
00913343;;babuche yvate crocs (preto ivate 43);32,00;12;0;0;0
00913344;;babuche yvate crocs (preto ivate 44);32,00;12;0;0;0
00913434;;babuche yvate crocs (azul marinho ivate 34);32,00;12;0;0;0
00913435;;babuche yvate crocs (azul marinho ivate 35);32,00;12;0;0;0
00913436;;babuche yvate crocs (azul marinho ivate 36);32,00;12;0;0;0
00913437;;babuche yvate crocs (azul marinho ivate 37);32,00;12;0;0;0
00913438;;babuche yvate crocs (azul marinho ivate 38);32,00;12;0;0;0
00913439;;babuche yvate crocs (azul marinho ivate 39);32,00;12;0;0;0
00913440;;babuche yvate crocs (azul marinho ivate 40);32,00;12;0;0;0
00913441;;babuche yvate crocs (azul marinho ivate 41);32,00;12;0;0;0
00913442;;babuche yvate crocs (azul marinho ivate 42);32,00;12;0;0;0
00913443;;babuche yvate crocs (azul marinho ivate 43);32,00;12;0;0;0
00913444;;babuche yvate crocs (azul marinho ivate 44);32,00;12;0;0;0
00913700;7908040449588;mochila clio pets cp3398d doguinho (cp3398 cinza/vermelho/pre un);44,95;12;0;0;0
00914500;7900190810966;bolsa moleca 50007.1 gorgurão (95373 camel 1165 un);47,95;12;0;0;0
00914700;7900190512310;bolsa moleca 50048.3 neo gorgurao (99533b/mc nude/nude un);56,04;12;0;0;0
00914900;7900190810331;bolsa moleca 50048.3 neo gorgurao (98768b/mc camel/camel un);59,20;12;0;0;0
00915000;7900190512303;bolsa moleca 50048.3 neo gorgurao (98407b/mc preto/cinza un);56,04;12;0;0;0
00916017;;sandalia papete zaxynina 19061 joaninha (bf750 lilas lavanda 17/18);33,54;12;0;0;0
00916019;7900204050715;sandalia papete zaxynina 19061 joaninha (bf750 lilas lavanda 19);33,54;12;0;0;0
00916020;7900204050722;sandalia papete zaxynina 19061 joaninha (bf750 lilas lavanda 20);33,54;12;0;0;0
00916021;7900204050739;sandalia papete zaxynina 19061 joaninha (bf750 lilas lavanda 21);33,54;12;0;0;0
00916022;7900204050746;sandalia papete zaxynina 19061 joaninha (bf750 lilas lavanda 22);33,54;12;0;0;0
00916023;7900204050753;sandalia papete zaxynina 19061 joaninha (bf750 lilas lavanda 23/24);33,54;12;0;0;0
00916025;7900204050760;sandalia papete zaxynina 19061 joaninha (bf750 lilas lavanda 25);33,54;12;0;0;0
00916026;;sandalia papete zaxynina 19061 joaninha (bf750 lilas lavanda 26/27);33,54;12;0;0;0
00916217;7900204095310;sandalia papete zaxynina 19062 fofurice (bf259 rosa dalia 17/18);35,55;12;0;0;0
00916219;7900204095327;sandalia papete zaxynina 19062 fofurice (bf259 rosa dalia 19);35,55;12;0;0;0
00916220;7900204095334;sandalia papete zaxynina 19062 fofurice (bf259 rosa dalia 20);35,55;12;0;0;0
00916221;7900204095341;sandalia papete zaxynina 19062 fofurice (bf259 rosa dalia 21);35,55;12;0;0;0
00916222;7900204095358;sandalia papete zaxynina 19062 fofurice (bf259 rosa dalia 22);35,55;12;0;0;0
00916223;7900204095365;sandalia papete zaxynina 19062 fofurice (bf259 rosa dalia 23/24);35,55;12;0;0;0
00916225;7900204095372;sandalia papete zaxynina 19062 fofurice (bf259 rosa dalia 25);35,55;12;0;0;0
00916226;7900204095389;sandalia papete zaxynina 19062 fofurice (bf259 rosa dalia 26/27);35,55;12;0;0;0
00916626;7900190642116;sandalia molekinha 2357.108 florenca (100108 ouro rosado/rosa 26);56,21;12;0;0;0
00916627;7900190642123;sandalia molekinha 2357.108 florenca (100108 ouro rosado/rosa 27);56,21;12;0;0;0
00916628;7900190642130;sandalia molekinha 2357.108 florenca (100108 ouro rosado/rosa 28);56,21;12;0;0;0
00916629;7900190642147;sandalia molekinha 2357.108 florenca (100108 ouro rosado/rosa 29);56,21;12;0;0;0
00916630;7900190642154;sandalia molekinha 2357.108 florenca (100108 ouro rosado/rosa 30);56,21;12;0;0;0
00916631;7900190642161;sandalia molekinha 2357.108 florenca (100108 ouro rosado/rosa 31);56,21;12;0;0;0
00916632;7900190642178;sandalia molekinha 2357.108 florenca (100108 ouro rosado/rosa 32);56,21;12;0;0;0
00916633;7900190642185;sandalia molekinha 2357.108 florenca (100108 ouro rosado/rosa 33);56,21;12;0;0;0
00916634;7900190642192;sandalia molekinha 2357.108 florenca (100108 ouro rosado/rosa 34);56,21;12;0;0;0
00916635;;sandalia molekinha 2357.108 florenca (100108 ouro rosado/rosa 35);56,21;12;0;0;0
00916636;;sandalia molekinha 2357.108 florenca (100108 ouro rosado/rosa 36);56,21;12;0;0;0
00916726;7900190616124;sandalia molekinha 2357.108 florenca (97266 branco-off/cristal 26);54,67;12;0;0;0
00916727;7900190616131;sandalia molekinha 2357.108 florenca (97266 branco-off/cristal 27);54,67;12;0;0;0
00916728;7900190616148;sandalia molekinha 2357.108 florenca (97266 branco-off/cristal 28);54,67;12;0;0;0
00916729;7900190616155;sandalia molekinha 2357.108 florenca (97266 branco-off/cristal 29);54,67;12;0;0;0
00916730;7900190616162;sandalia molekinha 2357.108 florenca (97266 branco-off/cristal 30);54,67;12;0;0;0
00916731;7900190616179;sandalia molekinha 2357.108 florenca (97266 branco-off/cristal 31);54,67;12;0;0;0
00916732;7900190616186;sandalia molekinha 2357.108 florenca (97266 branco-off/cristal 32);54,67;12;0;0;0
00916733;7900190616193;sandalia molekinha 2357.108 florenca (97266 branco-off/cristal 33);54,67;12;0;0;0
00916734;7900190616209;sandalia molekinha 2357.108 florenca (97266 branco-off/cristal 34);54,67;12;0;0;0
00916735;;sandalia molekinha 2357.108 florenca (97266 branco-off/cristal 35);54,67;12;0;0;0
00916736;;sandalia molekinha 2357.108 florenca (97266 branco-off/cristal 36);54,67;12;0;0;0
00917026;7900190913940;papete molekinha 2358.108 tp strass (91004 ouro rosado-silver 26);50,14;12;0;0;0
00917027;7900190913957;papete molekinha 2358.108 tp strass (91004 ouro rosado-silver 27);50,14;12;0;0;0
00917028;7900190911168;papete molekinha 2358.108 tp strass (91004 ouro rosado-silver 28);50,14;12;0;0;0
00917029;7900190913964;papete molekinha 2358.108 tp strass (91004 ouro rosado-silver 29);50,14;12;0;0;0
00917030;7900190913971;papete molekinha 2358.108 tp strass (91004 ouro rosado-silver 30);50,14;12;0;0;0
00917031;7900190913988;papete molekinha 2358.108 tp strass (91004 ouro rosado-silver 31);50,14;12;0;0;0
00917032;7900190913995;papete molekinha 2358.108 tp strass (91004 ouro rosado-silver 32);50,14;12;0;0;0
00917033;7900190914008;papete molekinha 2358.108 tp strass (91004 ouro rosado-silver 33);50,14;12;0;0;0
00917034;7900190914015;papete molekinha 2358.108 tp strass (91004 ouro rosado-silver 34);50,14;12;0;0;0
00917035;7900190914022;papete molekinha 2358.108 tp strass (91004 ouro rosado-silver 35);50,14;12;0;0;0
00917036;7900190914039;papete molekinha 2358.108 tp strass (91004 ouro rosado-silver 36);50,14;12;0;0;0
00917524;7900190905549;tenis molekinho 2638.103 neo/camurca (72828 preto/caramelo 24);57,57;12;0;0;0
00917617;;tenis molekinho 2638.100 neoplex (15860 preto/preto 17);45,40;12;0;0;0
00917618;;tenis molekinho 2638.100 neoplex (15860 preto/preto 18);45,40;12;0;0;0
00917619;7900190957890;tenis molekinho 2638.100 neoplex (15860 preto/preto 19);45,40;12;0;0;0
00917620;7900190957906;tenis molekinho 2638.100 neoplex (15860 preto/preto 20);45,40;12;0;0;0
00917621;7900190957913;tenis molekinho 2638.100 neoplex (15860 preto/preto 21);45,40;12;0;0;0
00917622;7900190957920;tenis molekinho 2638.100 neoplex (15860 preto/preto 22);45,40;12;0;0;0
00917623;7900190957937;tenis molekinho 2638.100 neoplex (15860 preto/preto 23);45,40;12;0;0;0
00917624;7900190957944;tenis molekinho 2638.100 neoplex (15860 preto/preto 24);45,40;12;0;0;0
00917625;7900190957951;tenis molekinho 2638.100 neoplex (15860 preto/preto 25);45,40;12;0;0;0
00917626;7900190957968;tenis molekinho 2638.100 neoplex (15860 preto/preto 26);45,40;12;0;0;0
00918100;7899690507714;mochila coca cola 78412904 blank (coca blank bordo un);87,24;12;0;0;0
00918200;7899690507707;mochila coca cola 78412904 blank (coca blank preta un);87,24;12;0;0;0
00918833;7899404944156;chinelo boaonda 1319 lily borboleta (250-001 preto/borboleta 33/34);46,69;12;0;0;0
00918835;7899404944163;chinelo boaonda 1319 lily borboleta (250-001 preto/borboleta 35/36);46,69;12;0;0;0
00918837;7899404944170;chinelo boaonda 1319 lily borboleta (250-001 preto/borboleta 37/38);46,69;12;0;0;0
00918839;7899404944187;chinelo boaonda 1319 lily borboleta (250-001 preto/borboleta 39/40);46,69;12;0;0;0
00922927;7900190905679;tenis kids molekinho 2866.101 np rustico (marinho rustico 27);78,61;12;0;0;0
00922928;7900190905686;tenis kids molekinho 2866.101 np rustico (marinho rustico 28);78,61;12;0;0;0
00922929;7900190905693;tenis kids molekinho 2866.101 np rustico (marinho rustico 29);78,61;12;0;0;0
00922930;7900190905709;tenis kids molekinho 2866.101 np rustico (marinho rustico 30);78,61;12;0;0;0
00922931;7900190905716;tenis kids molekinho 2866.101 np rustico (marinho rustico 31);78,61;12;0;0;0
00922932;7900190905723;tenis kids molekinho 2866.101 np rustico (marinho rustico 32);78,61;12;0;0;0
00922933;7900190905730;tenis kids molekinho 2866.101 np rustico (marinho rustico 33);78,61;12;0;0;0
00922934;7900190905747;tenis kids molekinho 2866.101 np rustico (marinho rustico 34);78,61;12;0;0;0
00922935;7900190905754;tenis kids molekinho 2866.101 np rustico (marinho rustico 35);78,61;12;0;0;0
00922936;7900190905761;tenis kids molekinho 2866.101 np rustico (marinho rustico 36);78,61;12;0;0;0
00923533;7900123051442;TAMANCO MODARE 7142.106 NP/SEN FLEX (7142.106 - CAMEL 1165 33);49,06;12;0;0;0
00923534;7900123051459;TAMANCO MODARE 7142.106 NP/SEN FLEX (7142.106 - CAMEL 1165 34);49,06;12;0;0;0
00923535;7900123051466;TAMANCO MODARE 7142.106 NP/SEN FLEX (7142.106 - CAMEL 1165 35);49,06;12;0;0;0
00923536;7900123051473;TAMANCO MODARE 7142.106 NP/SEN FLEX (7142.106 - CAMEL 1165 36);49,06;12;0;0;0
00923537;7900123051497;TAMANCO MODARE 7142.106 NP/SEN FLEX (7142.106 - CAMEL 1165 37);49,06;12;0;0;0
00923538;7900123051510;TAMANCO MODARE 7142.106 NP/SEN FLEX (7142.106 - CAMEL 1165 38);49,06;12;0;0;0
00923539;7900123051527;TAMANCO MODARE 7142.106 NP/SEN FLEX (7142.106 - CAMEL 1165 39);49,06;12;0;0;0
00923540;7900123051534;TAMANCO MODARE 7142.106 NP/SEN FLEX (7142.106 - CAMEL 1165 40);49,06;12;0;0;0
00926835;;CHINELO DEDO OLYMPIKUS 54102318 - CARAIVA (54102318 CARAIVA PRETO 35/36);68,90;12;0;0;0
00926837;;CHINELO DEDO OLYMPIKUS 54102318 - CARAIVA (54102318 CARAIVA PRETO 37/38);68,90;12;0;0;0
00926839;;CHINELO DEDO OLYMPIKUS 54102318 - CARAIVA (54102318 CARAIVA PRETO 39/40);68,90;12;0;0;0
00926841;;CHINELO DEDO OLYMPIKUS 54102318 - CARAIVA (54102318 CARAIVA PRETO 41/42);68,90;12;0;0;0
00926843;;CHINELO DEDO OLYMPIKUS 54102318 - CARAIVA (54102318 CARAIVA PRETO 43/44);68,90;12;0;0;0
00927137;7909940346724;chinelo couro pegada 134501 anilina (134501-01 pinhao 37);81,83;12;0;0;0
00927138;7909940346731;chinelo couro pegada 134501 anilina (134501-01 pinhao 38);81,83;12;0;0;0
00927139;7909940298177;chinelo couro pegada 134501 anilina (134501-01 pinhao 39);81,83;12;0;0;0
00927140;7909940346748;chinelo couro pegada 134501 anilina (134501-01 pinhao 40);81,83;12;0;0;0
00927141;7909940346755;chinelo couro pegada 134501 anilina (134501-01 pinhao 41);81,83;12;0;0;0
00927142;7909940346762;chinelo couro pegada 134501 anilina (134501-01 pinhao 42);81,83;12;0;0;0
00927143;7909940346779;chinelo couro pegada 134501 anilina (134501-01 pinhao 43);81,83;12;0;0;0
00927144;7909940346786;chinelo couro pegada 134501 anilina (134501-01 pinhao 44);81,83;12;0;0;0
00927145;;chinelo couro pegada 134501 anilina (134501-01 pinhao 45);81,83;12;0;0;0
00927534;7900123194460;sandalia salto modare 7187.100 el/canelado (7187.100 preto 34);79,31;12;0;0;0
00927535;7900123194477;sandalia salto modare 7187.100 el/canelado (7187.100 preto 35);79,31;12;0;0;0
00927536;7900123194484;sandalia salto modare 7187.100 el/canelado (7187.100 preto 36);79,31;12;0;0;0
00927537;7900123194507;sandalia salto modare 7187.100 el/canelado (7187.100 preto 37);79,31;12;0;0;0
00927538;7900123194521;sandalia salto modare 7187.100 el/canelado (7187.100 preto 38);79,31;12;0;0;0
00927539;7900123194538;sandalia salto modare 7187.100 el/canelado (7187.100 preto 39);79,31;12;0;0;0
00927540;7900123194545;sandalia salto modare 7187.100 el/canelado (7187.100 preto 40);79,31;12;0;0;0
00927634;7900123141846;sandalia salto modare 7187.100 el/canelado (7187.100 nude/tan 34);79,31;12;0;0;0
00927635;7900123141853;sandalia salto modare 7187.100 el/canelado (7187.100 nude/tan 35);79,31;12;0;0;0
00927636;7900123141860;sandalia salto modare 7187.100 el/canelado (7187.100 nude/tan 36);79,31;12;0;0;0
00927637;7900123141884;sandalia salto modare 7187.100 el/canelado (7187.100 nude/tan 37);79,31;12;0;0;0
00927638;7900123141907;sandalia salto modare 7187.100 el/canelado (7187.100 nude/tan 38);79,31;12;0;0;0
00927639;7900123141914;sandalia salto modare 7187.100 el/canelado (7187.100 nude/tan 39);79,31;12;0;0;0
00927640;7900123141921;sandalia salto modare 7187.100 el/canelado (7187.100 nude/tan 40);79,31;12;0;0;0
00928720;;tenis wboys 360.001 voltas aulas (327 marinho 20);41,63;12;0;0;0
00928721;;tenis wboys 360.001 voltas aulas (327 marinho 21);41,63;12;0;0;0
00928722;7908023542985;tenis wboys 360.001 voltas aulas (327 marinho 22);41,63;12;0;0;0
00928723;7908023542992;tenis wboys 360.001 voltas aulas (327 marinho 23);41,63;12;0;0;0
00928724;7908023543036;tenis wboys 360.001 voltas aulas (327 marinho 24);41,63;12;0;0;0
00928725;7908023543012;tenis wboys 360.001 voltas aulas (327 marinho 25);41,63;12;0;0;0
00928726;7908023543029;tenis wboys 360.001 voltas aulas (327 marinho 26);41,63;12;0;0;0
00928727;7908023543005;tenis wboys 360.001 voltas aulas (327 marinho 27);41,63;12;0;0;0
00931637;7909937777203;chinelo dedo cartago 12432 atlanta ii (ay837 preto/bege 37/38);19,79;12;0;0;0
00931639;7909937777210;chinelo dedo cartago 12432 atlanta ii (ay837 preto/bege 39);19,79;12;0;0;0
00931640;7909937777227;chinelo dedo cartago 12432 atlanta ii (ay837 preto/bege 40);19,79;12;0;0;0
00931641;7909937777234;chinelo dedo cartago 12432 atlanta ii (ay837 preto/bege 41);19,79;12;0;0;0
00931642;7909937777241;chinelo dedo cartago 12432 atlanta ii (ay837 preto/bege 42);19,79;12;0;0;0
00931643;7909937777258;chinelo dedo cartago 12432 atlanta ii (ay837 preto/bege 43/44);19,79;12;0;0;0
00931817;;tenis molekinho 2631.110 np rustico (2631.110 branco/cinza 17);50,23;12;0;0;0
00931818;;tenis molekinho 2631.110 np rustico (2631.110 branco/cinza 18);50,23;12;0;0;0
00931819;;tenis molekinho 2631.110 np rustico (2631.110 branco/cinza 19);50,23;12;0;0;0
00931820;7900190233499;tenis molekinho 2631.110 np rustico (2631.110 branco/cinza 20);50,23;12;0;0;0
00931821;7900190233505;tenis molekinho 2631.110 np rustico (2631.110 branco/cinza 21);50,23;12;0;0;0
00931822;7900190231075;tenis molekinho 2631.110 np rustico (2631.110 branco/cinza 22);50,23;12;0;0;0
00931823;7900190233512;tenis molekinho 2631.110 np rustico (2631.110 branco/cinza 23);50,23;12;0;0;0
00931824;7900190233529;tenis molekinho 2631.110 np rustico (2631.110 branco/cinza 24);50,23;12;0;0;0
00931825;7900190233536;tenis molekinho 2631.110 np rustico (2631.110 branco/cinza 25);50,23;12;0;0;0
00931826;7900190233543;tenis molekinho 2631.110 np rustico (2631.110 branco/cinza 26);50,23;12;0;0;0
00931917;;tenis molekinho 2631.110 np rustico (2631.110 areia/preto 17);50,23;12;0;0;0
00931918;;tenis molekinho 2631.110 np rustico (2631.110 areia/preto 18);50,23;12;0;0;0
00931919;7900190233550;tenis molekinho 2631.110 np rustico (2631.110 areia/preto 19);50,23;12;0;0;0
00931920;7900190233567;tenis molekinho 2631.110 np rustico (2631.110 areia/preto 20);50,23;12;0;0;0
00931921;7900190233574;tenis molekinho 2631.110 np rustico (2631.110 areia/preto 21);50,23;12;0;0;0
00931922;7900190231082;tenis molekinho 2631.110 np rustico (2631.110 areia/preto 22);50,23;12;0;0;0
00931923;7900190233581;tenis molekinho 2631.110 np rustico (2631.110 areia/preto 23);50,23;12;0;0;0
00931924;7900190233598;tenis molekinho 2631.110 np rustico (2631.110 areia/preto 24);50,23;12;0;0;0
00931925;7900190233604;tenis molekinho 2631.110 np rustico (2631.110 areia/preto 25);50,23;12;0;0;0
00931926;7900190233611;tenis molekinho 2631.110 np rustico (2631.110 areia/preto 26);50,23;12;0;0;0
00932327;7900123784104;tenis molekinho 2852.102 vermont neo (2852.102 branco-off/caram 27);64,79;12;0;0;0
00932328;7900123784111;tenis molekinho 2852.102 vermont neo (2852.102 branco-off/caram 28);64,79;12;0;0;0
00932329;7900123784128;tenis molekinho 2852.102 vermont neo (2852.102 branco-off/caram 29);64,79;12;0;0;0
00932330;7900123784135;tenis molekinho 2852.102 vermont neo (2852.102 branco-off/caram 30);64,79;12;0;0;0
00932331;7900123784142;tenis molekinho 2852.102 vermont neo (2852.102 branco-off/caram 31);64,79;12;0;0;0
00932332;7900123784159;tenis molekinho 2852.102 vermont neo (2852.102 branco-off/caram 32);64,79;12;0;0;0
00932333;7900123784166;tenis molekinho 2852.102 vermont neo (2852.102 branco-off/caram 33);64,79;12;0;0;0
00932334;7900123784173;tenis molekinho 2852.102 vermont neo (2852.102 branco-off/caram 34);64,79;12;0;0;0
00932335;7900123784180;tenis molekinho 2852.102 vermont neo (2852.102 branco-off/caram 35);64,79;12;0;0;0
00932336;7900123784197;tenis molekinho 2852.102 vermont neo (2852.102 branco-off/caram 36);64,79;12;0;0;0
00932500;7898723631761;slime gelele sonic disco surpresa (gelele sonic variados un);9,55;12;0;0;0
00932600;7898723631822;bola quebra-cabeça gelele sonic surpresa (bola sonic variados un);12,17;12;0;0;0
00934437;7909937895426;chinelo dedo cartago 12390 sevilha (bd152 cinza/azul/vermelho 37/38);45,72;12;0;0;0
00934439;7909937895433;chinelo dedo cartago 12390 sevilha (bd152 cinza/azul/vermelho 39);45,72;12;0;0;0
00934440;7909937895440;chinelo dedo cartago 12390 sevilha (bd152 cinza/azul/vermelho 40);45,72;12;0;0;0
00934441;7909937895457;chinelo dedo cartago 12390 sevilha (bd152 cinza/azul/vermelho 41);45,72;12;0;0;0
00934442;7909937895464;chinelo dedo cartago 12390 sevilha (bd152 cinza/azul/vermelho 42);45,72;12;0;0;0
00934443;7909937895471;chinelo dedo cartago 12390 sevilha (bd152 cinza/azul/vermelho 43/44);45,72;12;0;0;0
00934933;7909989757635;chinelo dedo havaianas slim tropical fem (slim coral tropical 33/34);36,63;12;0;0;0
00934935;7909989757642;chinelo dedo havaianas slim tropical fem (slim coral tropical 35/36);36,63;12;0;0;0
00934937;7909989757659;chinelo dedo havaianas slim tropical fem (slim coral tropical 37/38);36,63;12;0;0;0
00934939;7909989757666;chinelo dedo havaianas slim tropical fem (slim coral tropical 39/40);36,63;12;0;0;0
00934941;7909989757673;chinelo dedo havaianas slim tropical fem (slim coral tropical 41/42);36,63;12;0;0;0
00935033;7909989757536;chinelo dedo havaianas slim tropical fem (slim tropical turquesa 33/34);36,63;12;0;0;0
00935035;7909989757543;chinelo dedo havaianas slim tropical fem (slim tropical turquesa 35/36);36,63;12;0;0;0
00935037;7909989757550;chinelo dedo havaianas slim tropical fem (slim tropical turquesa 37/38);36,63;12;0;0;0
00935039;7909989757567;chinelo dedo havaianas slim tropical fem (slim tropical turquesa 39/40);36,63;12;0;0;0
00935041;7909989757574;chinelo dedo havaianas slim tropical fem (slim tropical turquesa 41/42);36,63;12;0;0;0
00936415;;sandalia klin 171227 tictac casual (16550 cafe/taupe/caramelo 15);49,56;12;0;0;0
00936416;;sandalia klin 171227 tictac casual (16550 cafe/taupe/caramelo 16);49,56;12;0;0;0
00936417;;sandalia klin 171227 tictac casual (16550 cafe/taupe/caramelo 17);49,56;12;0;0;0
00936418;;sandalia klin 171227 tictac casual (16550 cafe/taupe/caramelo 18);49,56;12;0;0;0
00936419;7909874379638;sandalia klin 171227 tictac casual (16550 cafe/taupe/caramelo 19);49,56;12;0;0;0
00936420;7909874374664;sandalia klin 171227 tictac casual (16550 cafe/taupe/caramelo 20);49,56;12;0;0;0
00936421;7909874348450;sandalia klin 171227 tictac casual (16550 cafe/taupe/caramelo 21);49,56;12;0;0;0
00936422;7909874374671;sandalia klin 171227 tictac casual (16550 cafe/taupe/caramelo 22);49,56;12;0;0;0
00936423;7909874374688;sandalia klin 171227 tictac casual (16550 cafe/taupe/caramelo 23);49,56;12;0;0;0
00936424;7909874374695;sandalia klin 171227 tictac casual (16550 cafe/taupe/caramelo 24);49,56;12;0;0;0
00936425;7909874374701;sandalia klin 171227 tictac casual (16550 cafe/taupe/caramelo 25);49,56;12;0;0;0
00936426;7909874374718;sandalia klin 171227 tictac casual (16550 cafe/taupe/caramelo 26);49,56;12;0;0;0
00936427;7909874374725;sandalia klin 171227 tictac casual (16550 cafe/taupe/caramelo 27);49,56;12;0;0;0
00936523;;sandalia klin 129163 urban (408 grafite/preto 23);58,58;12;0;0;0
00936524;;sandalia klin 129163 urban (408 grafite/preto 24);58,58;12;0;0;0
00936525;;sandalia klin 129163 urban (408 grafite/preto 25);58,58;12;0;0;0
00936526;;sandalia klin 129163 urban (408 grafite/preto 26);58,58;12;0;0;0
00936527;;sandalia klin 129163 urban (408 grafite/preto 27);58,58;12;0;0;0
00936528;7909874368052;sandalia klin 129163 urban (408 grafite/preto 28);58,58;12;0;0;0
00936529;7909874368069;sandalia klin 129163 urban (408 grafite/preto 29);58,58;12;0;0;0
00936530;7909874368076;sandalia klin 129163 urban (408 grafite/preto 30);58,58;12;0;0;0
00936531;7909874368083;sandalia klin 129163 urban (408 grafite/preto 31);58,58;12;0;0;0
00936532;7909874368090;sandalia klin 129163 urban (408 grafite/preto 32);58,58;12;0;0;0
00936533;7909874368106;sandalia klin 129163 urban (408 grafite/preto 33);58,58;12;0;0;0
00936534;7909874368113;sandalia klin 129163 urban (408 grafite/preto 34);58,58;12;0;0;0
00936535;7909874368120;sandalia klin 129163 urban (408 grafite/preto 35);58,58;12;0;0;0
00936536;7909874368137;sandalia klin 129163 urban (408 grafite/preto 36);58,58;12;0;0;0
00936628;7909874328056;sandalia klin 129165 urban (4768 verde militar/preto 28);59,45;12;0;0;0
00936629;7909874368793;sandalia klin 129165 urban (4768 verde militar/preto 29);59,45;12;0;0;0
00936630;7909874368809;sandalia klin 129165 urban (4768 verde militar/preto 30);59,45;12;0;0;0
00936631;7909874368816;sandalia klin 129165 urban (4768 verde militar/preto 31);59,45;12;0;0;0
00936632;7909874368823;sandalia klin 129165 urban (4768 verde militar/preto 32);59,45;12;0;0;0
00936633;7909874368830;sandalia klin 129165 urban (4768 verde militar/preto 33);59,45;12;0;0;0
00936634;7909874368847;sandalia klin 129165 urban (4768 verde militar/preto 34);59,45;12;0;0;0
00936635;7909874368854;sandalia klin 129165 urban (4768 verde militar/preto 35);59,45;12;0;0;0
00936636;7909874368861;sandalia klin 129165 urban (4768 verde militar/preto 36);59,45;12;0;0;0
00936715;;sandalia papete klin 171223 tictac casual (6998 off-white 15);50,96;12;0;0;0
00936716;;sandalia papete klin 171223 tictac casual (6998 off-white 16);50,96;12;0;0;0
00936717;;sandalia papete klin 171223 tictac casual (6998 off-white 17);50,96;12;0;0;0
00936718;7909874371830;sandalia papete klin 171223 tictac casual (6998 off-white 18);50,96;12;0;0;0
00936719;7909874344551;sandalia papete klin 171223 tictac casual (6998 off-white 19);50,96;12;0;0;0
00936720;7909874344568;sandalia papete klin 171223 tictac casual (6998 off-white 20);50,96;12;0;0;0
00936721;7909874334521;sandalia papete klin 171223 tictac casual (6998 off-white 21);50,96;12;0;0;0
00936722;7909874344575;sandalia papete klin 171223 tictac casual (6998 off-white 22);50,96;12;0;0;0
00936723;7909874344582;sandalia papete klin 171223 tictac casual (6998 off-white 23);50,96;12;0;0;0
00936724;7909874344599;sandalia papete klin 171223 tictac casual (6998 off-white 24);50,96;12;0;0;0
00936725;7909874344605;sandalia papete klin 171223 tictac casual (6998 off-white 25);50,96;12;0;0;0
00936726;;sandalia papete klin 171223 tictac casual (6998 off-white 26);50,96;12;0;0;0
00936727;;sandalia papete klin 171223 tictac casual (6998 off-white 27);50,96;12;0;0;0
00936820;7909874372615;sandalia papete klin 171225 tictac casual (0069 dourado 20);54,07;12;0;0;0
00936821;7909874334934;sandalia papete klin 171225 tictac casual (0069 dourado 21);54,07;12;0;0;0
00936822;7909874372622;sandalia papete klin 171225 tictac casual (0069 dourado 22);54,07;12;0;0;0
00936823;7909874372639;sandalia papete klin 171225 tictac casual (0069 dourado 23);54,07;12;0;0;0
00936824;7909874372646;sandalia papete klin 171225 tictac casual (0069 dourado 24);54,07;12;0;0;0
00936825;7909874372653;sandalia papete klin 171225 tictac casual (0069 dourado 25);54,07;12;0;0;0
00936826;7909874372660;sandalia papete klin 171225 tictac casual (0069 dourado 26);54,07;12;0;0;0
00937337;7909937979744;chinelo dedo cartago 12397 palermo (be705 cinza/marrom 37/38);26,36;12;0;0;0
00937339;7909937979751;chinelo dedo cartago 12397 palermo (be705 cinza/marrom 39);26,36;12;0;0;0
00937340;7909937979768;chinelo dedo cartago 12397 palermo (be705 cinza/marrom 40);26,36;12;0;0;0
00937341;7909937979775;chinelo dedo cartago 12397 palermo (be705 cinza/marrom 41);26,36;12;0;0;0
00937342;7909937979782;chinelo dedo cartago 12397 palermo (be705 cinza/marrom 42);26,36;12;0;0;0
00937343;7909937979799;chinelo dedo cartago 12397 palermo (be705 cinza/marrom 43/44);26,36;12;0;0;0
00937345;7909937979805;chinelo dedo cartago 12397 palermo (be705 cinza/marrom 45);26,36;12;0;0;0
00937437;7909937979812;chinelo dedo cartago 12397 palermo (be706 cinza/azul 37/38);26,36;12;0;0;0
00937439;7909937979829;chinelo dedo cartago 12397 palermo (be706 cinza/azul 39);26,36;12;0;0;0
00937440;7909937979836;chinelo dedo cartago 12397 palermo (be706 cinza/azul 40);26,36;12;0;0;0
00937441;7909937979843;chinelo dedo cartago 12397 palermo (be706 cinza/azul 41);26,36;12;0;0;0
00937442;7909937979850;chinelo dedo cartago 12397 palermo (be706 cinza/azul 42);26,36;12;0;0;0
00937443;7909937979867;chinelo dedo cartago 12397 palermo (be706 cinza/azul 43/44);26,36;12;0;0;0
00937445;7909937979874;chinelo dedo cartago 12397 palermo (be706 cinza/azul 45);26,36;12;0;0;0
00937537;7900204134712;chinelo dedo cartago 11729 montreal (bi162 marrom/marrom 37/38);30,25;12;0;0;0
00937539;7900204134729;chinelo dedo cartago 11729 montreal (bi162 marrom/marrom 39);30,25;12;0;0;0
00937540;7900204134736;chinelo dedo cartago 11729 montreal (bi162 marrom/marrom 40);30,25;12;0;0;0
00937541;7900204134743;chinelo dedo cartago 11729 montreal (bi162 marrom/marrom 41);30,25;12;0;0;0
00937542;7900204134750;chinelo dedo cartago 11729 montreal (bi162 marrom/marrom 42);30,25;12;0;0;0
00937543;7900204134767;chinelo dedo cartago 11729 montreal (bi162 marrom/marrom 43/44);30,25;12;0;0;0
00937545;7900204134774;chinelo dedo cartago 11729 montreal (bi162 marrom/marrom 45);30,25;12;0;0;0
00937637;7900204134781;chinelo dedo cartago 11729 montreal (bi163 preto/preto 37/38);30,25;12;0;0;0
00937639;7900204134798;chinelo dedo cartago 11729 montreal (bi163 preto/preto 39);30,25;12;0;0;0
00937640;7900204134804;chinelo dedo cartago 11729 montreal (bi163 preto/preto 40);30,25;12;0;0;0
00937641;7900204134811;chinelo dedo cartago 11729 montreal (bi163 preto/preto 41);30,25;12;0;0;0
00937642;7900204134828;chinelo dedo cartago 11729 montreal (bi163 preto/preto 42);30,25;12;0;0;0
00937643;7900204134835;chinelo dedo cartago 11729 montreal (bi163 preto/preto 43/44);30,25;12;0;0;0
00937645;7900204134842;chinelo dedo cartago 11729 montreal (bi163 preto/preto 45);30,25;12;0;0;0
00937828;;babuche yvate crocs kids (yvate kids rosa 28);32,90;12;0;0;0
00937829;;babuche yvate crocs kids (yvate kids rosa 29);32,90;12;0;0;0
00937830;;babuche yvate crocs kids (yvate kids rosa 30);32,90;12;0;0;0
00937831;;babuche yvate crocs kids (yvate kids rosa 31);32,90;12;0;0;0
00937832;;babuche yvate crocs kids (yvate kids rosa 32);32,90;12;0;0;0
00937833;;babuche yvate crocs kids (yvate kids rosa 33);32,90;12;0;0;0
00938517;7900204007092;chinelo dedo ipanema 27311 baby shark (bf676 azul/azul 17/18);14,68;12;0;0;0
00938519;7900204007108;chinelo dedo ipanema 27311 baby shark (bf676 azul/azul 19);14,68;12;0;0;0
00938520;7900204007115;chinelo dedo ipanema 27311 baby shark (bf676 azul/azul 20/21);14,68;12;0;0;0
00938522;7900204007122;chinelo dedo ipanema 27311 baby shark (bf676 azul/azul 22);14,68;12;0;0;0
00938523;7900204007139;chinelo dedo ipanema 27311 baby shark (bf676 azul/azul 23/24);14,68;12;0;0;0
00938525;;chinelo dedo ipanema 27311 baby shark (bf676 azul/azul 25);14,68;12;0;0;0
00939434;7900245509203;sandalia salto modare 7187.100 el/canelado (102139 oliva/camel 34);74,59;12;0;0;0
00939435;7900245509210;sandalia salto modare 7187.100 el/canelado (102139 oliva/camel 35);74,59;12;0;0;0
00939436;7900245509227;sandalia salto modare 7187.100 el/canelado (102139 oliva/camel 36);74,59;12;0;0;0
00939437;7900245509241;sandalia salto modare 7187.100 el/canelado (102139 oliva/camel 37);74,59;12;0;0;0
00939438;7900245509265;sandalia salto modare 7187.100 el/canelado (102139 oliva/camel 38);74,59;12;0;0;0
00939439;7900245509272;sandalia salto modare 7187.100 el/canelado (102139 oliva/camel 39);74,59;12;0;0;0
00939440;7900245509289;sandalia salto modare 7187.100 el/canelado (102139 oliva/camel 40);74,59;12;0;0;0
00939633;7900245588673;tamanco modare 7142.106 np/sen flex (102417 olivia/camel 33);49,70;12;0;0;0
00939634;7900245588680;tamanco modare 7142.106 np/sen flex (102417 olivia/camel 34);49,70;12;0;0;0
00939635;7900245588697;tamanco modare 7142.106 np/sen flex (102417 olivia/camel 35);49,70;12;0;0;0
00939636;7900245588703;tamanco modare 7142.106 np/sen flex (102417 olivia/camel 36);49,70;12;0;0;0
00939637;7900245588727;tamanco modare 7142.106 np/sen flex (102417 olivia/camel 37);49,70;12;0;0;0
00939638;7900245588741;tamanco modare 7142.106 np/sen flex (102417 olivia/camel 38);49,70;12;0;0;0
00939639;7900245588758;tamanco modare 7142.106 np/sen flex (102417 olivia/camel 39);49,70;12;0;0;0
00939640;7900245588765;tamanco modare 7142.106 np/sen flex (102417 olivia/camel 40);49,70;12;0;0;0
00939734;7900245482223;tenis modare 7401.102 london (branco dourado london 34);107,12;12;0;0;0
00939735;7900245482230;tenis modare 7401.102 london (branco dourado london 35);107,12;12;0;0;0
00939736;7900245482247;tenis modare 7401.102 london (branco dourado london 36);107,12;12;0;0;0
00939737;7900245482261;tenis modare 7401.102 london (branco dourado london 37);107,12;12;0;0;0
00939738;7900245482285;tenis modare 7401.102 london (branco dourado london 38);107,12;12;0;0;0
00939739;7900245482292;tenis modare 7401.102 london (branco dourado london 39);107,12;12;0;0;0
00939740;7900245482308;tenis modare 7401.102 london (branco dourado london 40);107,12;12;0;0;0
00940133;7900245482315;tenis modare 7401.102 london (branco off/ verde london 33);107,12;12;0;0;0
00940134;7900245482322;tenis modare 7401.102 london (branco off/ verde london 34);107,12;12;0;0;0
00940135;7900245482339;tenis modare 7401.102 london (branco off/ verde london 35);107,12;12;0;0;0
00940136;7900245482346;tenis modare 7401.102 london (branco off/ verde london 36);107,12;12;0;0;0
00940137;7900245482360;tenis modare 7401.102 london (branco off/ verde london 37);107,12;12;0;0;0
00940139;7900245482391;tenis modare 7401.102 london (branco off/ verde london 39);107,12;12;0;0;0
00940140;7900245482407;tenis modare 7401.102 london (branco off/ verde london 40);107,12;12;0;0;0
00940633;;palmilha oliver eva (laranja oliver 33);12,90;12;0;0;0
00940634;;palmilha oliver eva (laranja oliver 34);12,90;12;0;0;0
00940635;;palmilha oliver eva (laranja oliver 35);12,90;12;0;0;0
00940636;;palmilha oliver eva (laranja oliver 36);12,90;12;0;0;0
00940637;;palmilha oliver eva (laranja oliver 37);12,90;12;0;0;0
00940638;;palmilha oliver eva (laranja oliver 38);12,90;12;0;0;0
00940639;;palmilha oliver eva (laranja oliver 39);12,90;12;0;0;0
00940640;;palmilha oliver eva (laranja oliver 40);12,90;12;0;0;0
00940641;;palmilha oliver eva (laranja oliver 41);12,90;12;0;0;0
00940642;;palmilha oliver eva (laranja oliver 42);12,90;12;0;0;0
00940643;;palmilha oliver eva (laranja oliver 43);12,90;12;0;0;0
00940644;;palmilha oliver eva (laranja oliver 44);12,90;12;0;0;0
00940733;;palmilha oliver silicone (silicone 33á35);26,90;12;0;0;0
00940736;7898378391676;palmilha oliver silicone (silicone 36á38);26,90;12;0;0;0
00940739;;palmilha oliver silicone (silicone 39á41);26,90;12;0;0;0
00940742;7898378391690;palmilha oliver silicone (silicone 42á44);26,90;12;0;0;0
00940800;;calcanheira oliver anti impacto fechado (silicone anti un);12,90;12;0;0;0
00941000;;protetor de ajuste oliver eva (bege eva un);7,90;12;0;0;0
00941100;;protetor de ajuste oliver gel (gel trasparente un);9,90;12;0;0;0
00941200;;protetor de calcanhar oliver (gel cal un);9,90;12;0;0;0
00941300;;cadarço tenis oliver preto (cadarço preto un);3,50;12;0;0;0
00941438;;calcanheira oliver anti impacto alto (silicone alto 38á44);16,90;12;0;0;0
00941500;;cadarço tenis oliver branco (cadarço branco un);3,50;12;0;0;0
00942000;;calcanheira oliver anti impacto universal (silicone an un);12,90;12;0;0;0
00942434;7900245031933;tenis actvitta 4202.554 fav/nap flo (15860 preto/peto flo 34);48,97;12;0;0;0
00942435;7900245031940;tenis actvitta 4202.554 fav/nap flo (15860 preto/peto flo 35);48,97;12;0;0;0
00942436;7900245031957;tenis actvitta 4202.554 fav/nap flo (15860 preto/peto flo 36);48,97;12;0;0;0
00942437;7900245031971;tenis actvitta 4202.554 fav/nap flo (15860 preto/peto flo 37);48,97;12;0;0;0
00942438;7900245031995;tenis actvitta 4202.554 fav/nap flo (15860 preto/peto flo 38);48,97;12;0;0;0
00942439;7900245032008;tenis actvitta 4202.554 fav/nap flo (15860 preto/peto flo 39);48,97;12;0;0;0
00942440;;tenis actvitta 4202.554 fav/nap flo (15860 preto/peto flo 40);48,97;12;0;0;0
00943400;7898915802207;balde gelele balde color slime (mescla bald gele un);13,24;12;0;0;0
00943719;7890015533692;meia invisivel molekinha baby f kit c/3 und (branco/b/preto baby kinha 19-22);15,05;12;0;0;0
00945935;;chinelo havaianas track waves 2024/25 (verde oliv tr/waves 35/36);23,55;12;0;0;0
00945937;7909989912782;chinelo havaianas track waves 2024/25 (verde oliv tr/waves 37/38);23,55;12;0;0;0
00945939;7909989912799;chinelo havaianas track waves 2024/25 (verde oliv tr/waves 39/40);23,55;12;0;0;0
00945941;7909989912805;chinelo havaianas track waves 2024/25 (verde oliv tr/waves 41/42);23,55;12;0;0;0
00945943;7909989912812;chinelo havaianas track waves 2024/25 (verde oliv tr/waves 43/44);23,55;12;0;0;0
00945945;7909989912829;chinelo havaianas track waves 2024/25 (verde oliv tr/waves 45/46);23,55;12;0;0;0
00945947;;chinelo havaianas track waves 2024/25 (verde oliv tr/waves 47/48);23,55;12;0;0;0
00946033;7899404915682;chinelo boaonda 1319 lilly (001preto/preto1319-1000-b 33/34);42,01;12;0;0;0
00946035;7899404915699;chinelo boaonda 1319 lilly (001preto/preto1319-1000-b 35/36);42,01;12;0;0;0
00946037;7899404915705;chinelo boaonda 1319 lilly (001preto/preto1319-1000-b 37/38);42,01;12;0;0;0
00946039;7899404915712;chinelo boaonda 1319 lilly (001preto/preto1319-1000-b 39/40);42,01;12;0;0;0
00948237;7900204231800;sandalia cartago 12481 veneto ii (bi709 marrom/marrom 37/38);48,47;12;0;0;0
00948239;7900204231817;sandalia cartago 12481 veneto ii (bi709 marrom/marrom 39);48,47;12;0;0;0
00948240;7900204231824;sandalia cartago 12481 veneto ii (bi709 marrom/marrom 40);48,47;12;0;0;0
00948241;7900204231831;sandalia cartago 12481 veneto ii (bi709 marrom/marrom 41);48,47;12;0;0;0
00948242;7900204231848;sandalia cartago 12481 veneto ii (bi709 marrom/marrom 42);48,47;12;0;0;0
00948243;7900204231855;sandalia cartago 12481 veneto ii (bi709 marrom/marrom 43/44);48,47;12;0;0;0
00948245;7900204231862;sandalia cartago 12481 veneto ii (bi709 marrom/marrom 45);48,47;12;0;0;0
00948437;7900204259897;sandalia cartago 12489 atlanta (bk064 marrom/marrom 37/38);39,59;12;0;0;0
00948439;7900204259903;sandalia cartago 12489 atlanta (bk064 marrom/marrom 39);39,59;12;0;0;0
00948440;7900204259910;sandalia cartago 12489 atlanta (bk064 marrom/marrom 40);39,59;12;0;0;0
00948441;7900204259927;sandalia cartago 12489 atlanta (bk064 marrom/marrom 41);39,59;12;0;0;0
00948442;7900204259934;sandalia cartago 12489 atlanta (bk064 marrom/marrom 42);39,59;12;0;0;0
00948443;7900204259941;sandalia cartago 12489 atlanta (bk064 marrom/marrom 43/44);39,59;12;0;0;0
00948445;;sandalia cartago 12489 atlanta (bk064 marrom/marrom 45);39,59;12;0;0;0
00948517;7900204344067;chinelo ipanema 26121 anatomica (bl414 rosa/glitte 17/18);16,42;12;0;0;0
00948519;7900204344074;chinelo ipanema 26121 anatomica (bl414 rosa/glitte 19);16,42;12;0;0;0
00948520;7900204344081;chinelo ipanema 26121 anatomica (bl414 rosa/glitte 20/21);16,42;12;0;0;0
00948522;7900204344098;chinelo ipanema 26121 anatomica (bl414 rosa/glitte 22);16,42;12;0;0;0
00948523;7900204344104;chinelo ipanema 26121 anatomica (bl414 rosa/glitte 23/24);16,42;12;0;0;0
00948525;;chinelo ipanema 26121 anatomica (bl414 rosa/glitte 25);16,42;12;0;0;0
00948617;7900204060158;chinelo ipanema 26791 turma monica (bg952 rosa/verde 17/18);11,73;12;0;0;0
00948619;7900204060141;chinelo ipanema 26791 turma monica (bg952 rosa/verde 19);11,73;12;0;0;0
00948620;7900204060134;chinelo ipanema 26791 turma monica (bg952 rosa/verde 20/21);11,73;12;0;0;0
00948622;7900204060127;chinelo ipanema 26791 turma monica (bg952 rosa/verde 22);11,73;12;0;0;0
00948623;7900204060110;chinelo ipanema 26791 turma monica (bg952 rosa/verde 23/24);11,73;12;0;0;0
00948625;;chinelo ipanema 26791 turma monica (bg952 rosa/verde 25);11,73;12;0;0;0
00948717;7909937554910;chinelo ipanema 27182 glitter baby (aw986 rosa/rosa 17/18);14,08;12;0;0;0
00948719;7909937554903;chinelo ipanema 27182 glitter baby (aw986 rosa/rosa 19);14,08;12;0;0;0
00948720;7909937554897;chinelo ipanema 27182 glitter baby (aw986 rosa/rosa 20/21);14,08;12;0;0;0
00948722;7909937554880;chinelo ipanema 27182 glitter baby (aw986 rosa/rosa 22);14,08;12;0;0;0
00948723;7909937554873;chinelo ipanema 27182 glitter baby (aw986 rosa/rosa 23/24);14,08;12;0;0;0
00948725;;chinelo ipanema 27182 glitter baby (aw986 rosa/rosa 25);14,08;12;0;0;0
00950135;7894756431774;chinelo slide olympikus melbourne 2 (branco preto melb 2 35/36);79,50;12;0;0;0
00950137;7894756431743;chinelo slide olympikus melbourne 2 (branco preto melb 2 37/38);79,50;12;0;0;0
00950139;7894756431897;chinelo slide olympikus melbourne 2 (branco preto melb 2 39/40);79,50;12;0;0;0
00950141;7894756431927;chinelo slide olympikus melbourne 2 (branco preto melb 2 41/42);79,50;12;0;0;0
00950143;7894929033149;chinelo slide olympikus melbourne 2 (branco preto melb 2 43/44);79,50;12;0;0;0
00950626;7900190938981;papete molekinha 2358.108 tp strass (diamond/preto 01 26);53,15;12;0;0;0
00950627;7900190938998;papete molekinha 2358.108 tp strass (diamond/preto 01 27);53,15;12;0;0;0
00950628;7900190939001;papete molekinha 2358.108 tp strass (diamond/preto 01 28);53,15;12;0;0;0
00950629;7900190939018;papete molekinha 2358.108 tp strass (diamond/preto 01 29);53,15;12;0;0;0
00950630;7900190939025;papete molekinha 2358.108 tp strass (diamond/preto 01 30);53,15;12;0;0;0
00950631;7900190939032;papete molekinha 2358.108 tp strass (diamond/preto 01 31);53,15;12;0;0;0
00950632;7900190939049;papete molekinha 2358.108 tp strass (diamond/preto 01 32);53,15;12;0;0;0
00950633;7900190939056;papete molekinha 2358.108 tp strass (diamond/preto 01 33);53,15;12;0;0;0
00950634;7900190939063;papete molekinha 2358.108 tp strass (diamond/preto 01 34);53,15;12;0;0;0
00950635;7900190939070;papete molekinha 2358.108 tp strass (diamond/preto 01 35);53,15;12;0;0;0
00950636;7900190939087;papete molekinha 2358.108 tp strass (diamond/preto 01 36);53,15;12;0;0;0
00950826;;papete slide molekinha 2357.106 np turim (2357.106 nude 26);45,32;12;0;0;0
00950827;7900190754161;papete slide molekinha 2357.106 np turim (2357.106 nude 27);45,32;12;0;0;0
00950828;7900190754178;papete slide molekinha 2357.106 np turim (2357.106 nude 28);45,32;12;0;0;0
00950829;7900190754185;papete slide molekinha 2357.106 np turim (2357.106 nude 29);45,32;12;0;0;0
00950830;7900190754192;papete slide molekinha 2357.106 np turim (2357.106 nude 30);45,32;12;0;0;0
00950831;7900190754208;papete slide molekinha 2357.106 np turim (2357.106 nude 31);45,32;12;0;0;0
00950832;7900190754215;papete slide molekinha 2357.106 np turim (2357.106 nude 32);45,32;12;0;0;0
00950833;7900190754222;papete slide molekinha 2357.106 np turim (2357.106 nude 33);45,32;12;0;0;0
00950834;7900190754239;papete slide molekinha 2357.106 np turim (2357.106 nude 34);45,32;12;0;0;0
00950835;7900190754246;papete slide molekinha 2357.106 np turim (2357.106 nude 35);45,32;12;0;0;0
00950836;7900190754253;papete slide molekinha 2357.106 np turim (2357.106 nude 36);45,32;12;0;0;0
00952517;;sandalia grendene kids 22303 d/magic baby m (bl978 azul/vermelho 17/18);19,65;12;0;0;0
00952519;7900204341059;sandalia grendene kids 22303 d/magic baby m (bl978 azul/vermelho 19);19,65;12;0;0;0
00952520;7900204341066;sandalia grendene kids 22303 d/magic baby m (bl978 azul/vermelho 20/21);19,65;12;0;0;0
00952522;7900204341073;sandalia grendene kids 22303 d/magic baby m (bl978 azul/vermelho 22);19,65;12;0;0;0
00952523;7900204341080;sandalia grendene kids 22303 d/magic baby m (bl978 azul/vermelho 23/24);19,65;12;0;0;0
00952525;7900204341097;sandalia grendene kids 22303 d/magic baby m (bl978 azul/vermelho 25);19,65;12;0;0;0
00952526;7900204341103;sandalia grendene kids 22303 d/magic baby m (bl978 azul/vermelho 26/27);19,65;12;0;0;0
00953226;;sandalia molekinha 2357.108 florenca (preto/ cristal niquel 26);56,21;12;0;0;0
00953227;7900190806235;sandalia molekinha 2357.108 florenca (preto/ cristal niquel 27);56,21;12;0;0;0
00953228;7900190806242;sandalia molekinha 2357.108 florenca (preto/ cristal niquel 28);56,21;12;0;0;0
00953229;7900190806259;sandalia molekinha 2357.108 florenca (preto/ cristal niquel 29);56,21;12;0;0;0
00953230;7900190806266;sandalia molekinha 2357.108 florenca (preto/ cristal niquel 30);56,21;12;0;0;0
00953231;7900190806273;sandalia molekinha 2357.108 florenca (preto/ cristal niquel 31);56,21;12;0;0;0
00953232;7900190806280;sandalia molekinha 2357.108 florenca (preto/ cristal niquel 32);56,21;12;0;0;0
00953233;7900190806297;sandalia molekinha 2357.108 florenca (preto/ cristal niquel 33);56,21;12;0;0;0
00953234;7900190806303;sandalia molekinha 2357.108 florenca (preto/ cristal niquel 34);56,21;12;0;0;0
00953627;7900123549734;tenis molekinho 2850.310 nylon/free (15787preto01\preto free 27);60,24;12;0;0;0
00953628;7900123549741;tenis molekinho 2850.310 nylon/free (15787preto01\preto free 28);60,24;12;0;0;0
00953629;7900123549758;tenis molekinho 2850.310 nylon/free (15787preto01\preto free 29);60,24;12;0;0;0
00953630;7900123549765;tenis molekinho 2850.310 nylon/free (15787preto01\preto free 30);60,24;12;0;0;0
00953631;7900123549772;tenis molekinho 2850.310 nylon/free (15787preto01\preto free 31);60,24;12;0;0;0
00953632;7900123549789;tenis molekinho 2850.310 nylon/free (15787preto01\preto free 32);60,24;12;0;0;0
00953633;7900123549796;tenis molekinho 2850.310 nylon/free (15787preto01\preto free 33);60,24;12;0;0;0
00953634;7900123549802;tenis molekinho 2850.310 nylon/free (15787preto01\preto free 34);60,24;12;0;0;0
00953635;7900123549819;tenis molekinho 2850.310 nylon/free (15787preto01\preto free 35);60,24;12;0;0;0
00953636;7900123549826;tenis molekinho 2850.310 nylon/free (15787preto01\preto free 36);60,24;12;0;0;0
00954419;;bota molekinha 2126.526 berlim baby (100196 avela 1248 19);53,04;12;0;0;0
00954420;7900245601488;bota molekinha 2126.526 berlim baby (100196 avela 1248 20);53,04;12;0;0;0
00954421;7900245601495;bota molekinha 2126.526 berlim baby (100196 avela 1248 21);53,04;12;0;0;0
00954422;7900245601501;bota molekinha 2126.526 berlim baby (100196 avela 1248 22);53,04;12;0;0;0
00954423;7900245601518;bota molekinha 2126.526 berlim baby (100196 avela 1248 23);53,04;12;0;0;0
00954424;7900245601525;bota molekinha 2126.526 berlim baby (100196 avela 1248 24);53,04;12;0;0;0
00954425;7900245601532;bota molekinha 2126.526 berlim baby (100196 avela 1248 25);53,04;12;0;0;0
00954726;;bota molekinha 2183.200 berlim k (100196 ber avela 1248 26);70,98;12;0;0;0
00954727;7900245362334;bota molekinha 2183.200 berlim k (100196 ber avela 1248 27);70,98;12;0;0;0
00954728;7900245361948;bota molekinha 2183.200 berlim k (100196 ber avela 1248 28);70,98;12;0;0;0
00954729;7900245362341;bota molekinha 2183.200 berlim k (100196 ber avela 1248 29);70,98;12;0;0;0
00954730;7900245362358;bota molekinha 2183.200 berlim k (100196 ber avela 1248 30);70,98;12;0;0;0
00954731;7900245362365;bota molekinha 2183.200 berlim k (100196 ber avela 1248 31);70,98;12;0;0;0
00954732;7900245362372;bota molekinha 2183.200 berlim k (100196 ber avela 1248 32);70,98;12;0;0;0
00954733;7900245362389;bota molekinha 2183.200 berlim k (100196 ber avela 1248 33);70,98;12;0;0;0
00954734;7900245362396;bota molekinha 2183.200 berlim k (100196 ber avela 1248 34);70,98;12;0;0;0
00954735;;bota molekinha 2183.200 berlim k (100196 ber avela 1248 35);70,98;12;0;0;0
00954736;;bota molekinha 2183.200 berlim k (100196 ber avela 1248 36);70,98;12;0;0;0
00954826;7900245362426;bota molekinha 2183.2012 berlim c/l (15745 ber/c preto 26);80,04;12;0;0;0
00954827;7900245362433;bota molekinha 2183.2012 berlim c/l (15745 ber/c preto 27);80,04;12;0;0;0
00954828;7900245361955;bota molekinha 2183.2012 berlim c/l (15745 ber/c preto 28);80,04;12;0;0;0
00954829;7900245362440;bota molekinha 2183.2012 berlim c/l (15745 ber/c preto 29);80,04;12;0;0;0
00954830;7900245362457;bota molekinha 2183.2012 berlim c/l (15745 ber/c preto 30);80,04;12;0;0;0
00954831;7900245362464;bota molekinha 2183.2012 berlim c/l (15745 ber/c preto 31);80,04;12;0;0;0
00954832;7900245362471;bota molekinha 2183.2012 berlim c/l (15745 ber/c preto 32);80,04;12;0;0;0
00954833;7900245362488;bota molekinha 2183.2012 berlim c/l (15745 ber/c preto 33);80,04;12;0;0;0
00954834;7900245362495;bota molekinha 2183.2012 berlim c/l (15745 ber/c preto 34);80,04;12;0;0;0
00954835;7900245362501;bota molekinha 2183.2012 berlim c/l (15745 ber/c preto 35);80,04;12;0;0;0
00954836;7900245362518;bota molekinha 2183.2012 berlim c/l (15745 ber/c preto 36);80,04;12;0;0;0
00954926;;bota molekinha 2183.202 belim 2/fiv (15745ber/preto five 26);81,01;12;0;0;0
00954927;;bota molekinha 2183.202 belim 2/fiv (15745ber/preto five 27);81,01;12;0;0;0
00954928;7900245361979;bota molekinha 2183.202 belim 2/fiv (15745ber/preto five 28);81,01;12;0;0;0
00954929;7900245362648;bota molekinha 2183.202 belim 2/fiv (15745ber/preto five 29);81,01;12;0;0;0
00954930;7900245362655;bota molekinha 2183.202 belim 2/fiv (15745ber/preto five 30);81,01;12;0;0;0
00954931;7900245362662;bota molekinha 2183.202 belim 2/fiv (15745ber/preto five 31);81,01;12;0;0;0
00954932;7900245362679;bota molekinha 2183.202 belim 2/fiv (15745ber/preto five 32);81,01;12;0;0;0
00954933;7900245362686;bota molekinha 2183.202 belim 2/fiv (15745ber/preto five 33);81,01;12;0;0;0
00954934;7900245362693;bota molekinha 2183.202 belim 2/fiv (15745ber/preto five 34);81,01;12;0;0;0
00954935;;bota molekinha 2183.202 belim 2/fiv (15745ber/preto five 35);81,01;12;0;0;0
00954936;;bota molekinha 2183.202 belim 2/fiv (15745ber/preto five 36);81,01;12;0;0;0
00955933;7909937618469;TAMANCO AZALEIA 18908 FABI LIGHT (AZ804 COBRE/NUDE ESCURO 33/34);37,54;12;0;0;0
00955935;7909937618476;TAMANCO AZALEIA 18908 FABI LIGHT (AZ804 COBRE/NUDE ESCURO 35);37,54;12;0;0;0
00955936;7909937618483;TAMANCO AZALEIA 18908 FABI LIGHT (AZ804 COBRE/NUDE ESCURO 36);37,54;12;0;0;0
00955937;7909937618490;TAMANCO AZALEIA 18908 FABI LIGHT (AZ804 COBRE/NUDE ESCURO 37);37,54;12;0;0;0
00955938;7909937618506;TAMANCO AZALEIA 18908 FABI LIGHT (AZ804 COBRE/NUDE ESCURO 38);37,54;12;0;0;0
00955939;7909937618513;TAMANCO AZALEIA 18908 FABI LIGHT (AZ804 COBRE/NUDE ESCURO 39/40);37,54;12;0;0;0
00956033;;papete slide modare 7208.101 nobuck (15745 preto nobu 33);61,54;12;0;0;0
00956034;7900245504895;papete slide modare 7208.101 nobuck (15745 preto nobu 34);61,54;12;0;0;0
00956035;7900245504901;papete slide modare 7208.101 nobuck (15745 preto nobu 35);61,54;12;0;0;0
00956036;7900245504918;papete slide modare 7208.101 nobuck (15745 preto nobu 36);61,54;12;0;0;0
00956037;7900245504932;papete slide modare 7208.101 nobuck (15745 preto nobu 37);61,54;12;0;0;0
00956038;7900245504956;papete slide modare 7208.101 nobuck (15745 preto nobu 38);61,54;12;0;0;0
00956039;7900245504963;papete slide modare 7208.101 nobuck (15745 preto nobu 39);61,54;12;0;0;0
00956040;7900245504970;papete slide modare 7208.101 nobuck (15745 preto nobu 40);61,54;12;0;0;0
00956133;;papete slide modare 7208.101 nobuck (52531 nude  nobu 33);61,54;12;0;0;0
00956134;7900245504994;papete slide modare 7208.101 nobuck (52531 nude  nobu 34);61,54;12;0;0;0
00956135;7900245505007;papete slide modare 7208.101 nobuck (52531 nude  nobu 35);61,54;12;0;0;0
00956136;7900245505014;papete slide modare 7208.101 nobuck (52531 nude  nobu 36);61,54;12;0;0;0
00956137;7900245505038;papete slide modare 7208.101 nobuck (52531 nude  nobu 37);61,54;12;0;0;0
00956138;7900245505052;papete slide modare 7208.101 nobuck (52531 nude  nobu 38);61,54;12;0;0;0
00956139;7900245505069;papete slide modare 7208.101 nobuck (52531 nude  nobu 39);61,54;12;0;0;0
00956140;7900245505076;papete slide modare 7208.101 nobuck (52531 nude  nobu 40);61,54;12;0;0;0
00956433;7900015816388;chinelo slide beira rio 8360.303 napa turim (15745 preto np/t sl 33);29,61;12;0;0;0
00956434;7900015816395;chinelo slide beira rio 8360.303 napa turim (15745 preto np/t sl 34);29,61;12;0;0;0
00956435;7900015816401;chinelo slide beira rio 8360.303 napa turim (15745 preto np/t sl 35);29,61;12;0;0;0
00956436;7900015816418;chinelo slide beira rio 8360.303 napa turim (15745 preto np/t sl 36);29,61;12;0;0;0
00956437;7900015816432;chinelo slide beira rio 8360.303 napa turim (15745 preto np/t sl 37);29,61;12;0;0;0
00956438;7900015816456;chinelo slide beira rio 8360.303 napa turim (15745 preto np/t sl 38);29,61;12;0;0;0
00956439;7900015816463;chinelo slide beira rio 8360.303 napa turim (15745 preto np/t sl 39);29,61;12;0;0;0
00956440;7900015816470;chinelo slide beira rio 8360.303 napa turim (15745 preto np/t sl 40);29,61;12;0;0;0
00956533;7900015816487;chinelo slide beira rio 8360.303 napa turim (15745 preto/creme np/t sl 33);29,61;12;0;0;0
00956534;7900015816494;chinelo slide beira rio 8360.303 napa turim (15745 preto/creme np/t sl 34);29,61;12;0;0;0
00956535;7900015816500;chinelo slide beira rio 8360.303 napa turim (15745 preto/creme np/t sl 35);29,61;12;0;0;0
00956536;7900015816517;chinelo slide beira rio 8360.303 napa turim (15745 preto/creme np/t sl 36);29,61;12;0;0;0
00956537;7900015816531;chinelo slide beira rio 8360.303 napa turim (15745 preto/creme np/t sl 37);29,61;12;0;0;0
00956538;7900015816555;chinelo slide beira rio 8360.303 napa turim (15745 preto/creme np/t sl 38);29,61;12;0;0;0
00956539;;chinelo slide beira rio 8360.303 napa turim (15745 preto/creme np/t sl 39);29,61;12;0;0;0
00956540;;chinelo slide beira rio 8360.303 napa turim (15745 preto/creme np/t sl 40);29,61;12;0;0;0
00956633;7900245341940;chinelo slide beira rio 8360.353 tu/metaliza (75365 preto tu/met 33);31,74;12;0;0;0
00956634;7900245341957;chinelo slide beira rio 8360.353 tu/metaliza (75365 preto tu/met 34);31,74;12;0;0;0
00956635;7900245341964;chinelo slide beira rio 8360.353 tu/metaliza (75365 preto tu/met 35);31,74;12;0;0;0
00956636;7900245341971;chinelo slide beira rio 8360.353 tu/metaliza (75365 preto tu/met 36);31,74;12;0;0;0
00956637;7900245341995;chinelo slide beira rio 8360.353 tu/metaliza (75365 preto tu/met 37);31,74;12;0;0;0
00956638;7900245342015;chinelo slide beira rio 8360.353 tu/metaliza (75365 preto tu/met 38);31,74;12;0;0;0
00956639;7900245342022;chinelo slide beira rio 8360.353 tu/metaliza (75365 preto tu/met 39);31,74;12;0;0;0
00956640;7900245342039;chinelo slide beira rio 8360.353 tu/metaliza (75365 preto tu/met 40);31,74;12;0;0;0
00956735;7891872424239;chinelo dedo olympikus 921 (921 preto/branco oly 35/36);74,20;12;0;0;0
00956737;7891872424284;chinelo dedo olympikus 921 (921 preto/branco oly 37/38);74,20;12;0;0;0
00956739;7891872424314;chinelo dedo olympikus 921 (921 preto/branco oly 39/40);74,20;12;0;0;0
00956741;;chinelo dedo olympikus 921 (921 preto/branco oly 41/42);74,20;12;0;0;0
00956743;;chinelo dedo olympikus 921 (921 preto/branco oly 43/44);74,20;12;0;0;0
00956833;7909989788486;chinelo dedo havaianas top disney stitch class ad (t/d class buttercream 33/34);25,51;12;0;0;0
00956835;7909989788493;chinelo dedo havaianas top disney stitch class ad (t/d class buttercream 35/36);25,51;12;0;0;0
00956837;7909989788509;chinelo dedo havaianas top disney stitch class ad (t/d class buttercream 37/38);25,51;12;0;0;0
00956839;7909989788516;chinelo dedo havaianas top disney stitch class ad (t/d class buttercream 39/40);25,51;12;0;0;0
00956841;7909989788523;chinelo dedo havaianas top disney stitch class ad (t/d class buttercream 41/42);25,51;12;0;0;0
00956843;7909989788530;chinelo dedo havaianas top disney stitch class ad (t/d class buttercream 43/44);25,51;12;0;0;0
00956845;;chinelo dedo havaianas top disney stitch class ad (t/d class buttercream 45/46);25,51;12;0;0;0
00957133;7900204419284;sandalia grendha 19203 inspira (bn077 marrom cacau 33/34);23,47;12;0;0;0
00957135;7900204419291;sandalia grendha 19203 inspira (bn077 marrom cacau 35);23,47;12;0;0;0
00957136;7900204419307;sandalia grendha 19203 inspira (bn077 marrom cacau 36);23,47;12;0;0;0
00957137;7900204419314;sandalia grendha 19203 inspira (bn077 marrom cacau 37);23,47;12;0;0;0
00957138;7900204419321;sandalia grendha 19203 inspira (bn077 marrom cacau 38);23,47;12;0;0;0
00957139;7900204419338;sandalia grendha 19203 inspira (bn077 marrom cacau 39/40);23,47;12;0;0;0
00957833;7900204163217;chinelo ipanema 27230 diversa (bj760 bege/bege/verde 33/34);9,38;12;0;0;0
00957835;7900204163200;chinelo ipanema 27230 diversa (bj760 bege/bege/verde 35);9,38;12;0;0;0
00957836;7900204163194;chinelo ipanema 27230 diversa (bj760 bege/bege/verde 36);9,38;12;0;0;0
00957837;7900204163187;chinelo ipanema 27230 diversa (bj760 bege/bege/verde 37);9,38;12;0;0;0
00957838;7900204163170;chinelo ipanema 27230 diversa (bj760 bege/bege/verde 38);9,38;12;0;0;0
00957839;7900204163163;chinelo ipanema 27230 diversa (bj760 bege/bege/verde 39/40);9,38;12;0;0;0
00958317;7900204383554;sandalia papete zaxynina 19060 moderninha (bn214 off white claro/cor 17/18);34,82;12;0;0;0
00958319;7900204383547;sandalia papete zaxynina 19060 moderninha (bn214 off white claro/cor 19);34,82;12;0;0;0
00958320;7900204383530;sandalia papete zaxynina 19060 moderninha (bn214 off white claro/cor 20);34,82;12;0;0;0
00958321;7900204383523;sandalia papete zaxynina 19060 moderninha (bn214 off white claro/cor 21);34,82;12;0;0;0
00958322;7900204383516;sandalia papete zaxynina 19060 moderninha (bn214 off white claro/cor 22);34,82;12;0;0;0
00958323;7900204383509;sandalia papete zaxynina 19060 moderninha (bn214 off white claro/cor 23/24);34,82;12;0;0;0
00958325;7900204383493;sandalia papete zaxynina 19060 moderninha (bn214 off white claro/cor 25);34,82;12;0;0;0
00958326;7900204383486;sandalia papete zaxynina 19060 moderninha (bn214 off white claro/cor 26/27);34,82;12;0;0;0
00958417;7900204383394;sandalia papete zaxynina 19060 moderninha (bn218 amarelo abacaxi/flo 17/18);34,82;12;0;0;0
00958419;7900204383387;sandalia papete zaxynina 19060 moderninha (bn218 amarelo abacaxi/flo 19);34,82;12;0;0;0
00958420;7900204383370;sandalia papete zaxynina 19060 moderninha (bn218 amarelo abacaxi/flo 20);34,82;12;0;0;0
00958421;7900204383363;sandalia papete zaxynina 19060 moderninha (bn218 amarelo abacaxi/flo 21);34,82;12;0;0;0
00958422;7900204383356;sandalia papete zaxynina 19060 moderninha (bn218 amarelo abacaxi/flo 22);34,82;12;0;0;0
00958423;7900204383349;sandalia papete zaxynina 19060 moderninha (bn218 amarelo abacaxi/flo 23/24);34,82;12;0;0;0
00958425;7900204383332;sandalia papete zaxynina 19060 moderninha (bn218 amarelo abacaxi/flo 25);34,82;12;0;0;0
00958426;7900204383325;sandalia papete zaxynina 19060 moderninha (bn218 amarelo abacaxi/flo 26/27);34,82;12;0;0;0
00958517;7900204403313;sandalia papete zaxynina 19060 moderninha (bo230 nude claro/capivara 17/18);34,82;12;0;0;0
00958519;7900204403320;sandalia papete zaxynina 19060 moderninha (bo230 nude claro/capivara 19);34,82;12;0;0;0
00958520;7900204403337;sandalia papete zaxynina 19060 moderninha (bo230 nude claro/capivara 20);34,82;12;0;0;0
00958521;7900204403344;sandalia papete zaxynina 19060 moderninha (bo230 nude claro/capivara 21);34,82;12;0;0;0
00958522;7900204403351;sandalia papete zaxynina 19060 moderninha (bo230 nude claro/capivara 22);34,82;12;0;0;0
00958523;7900204403368;sandalia papete zaxynina 19060 moderninha (bo230 nude claro/capivara 23/24);34,82;12;0;0;0
00958525;7900204403375;sandalia papete zaxynina 19060 moderninha (bo230 nude claro/capivara 25);34,82;12;0;0;0
00958526;7900204403382;sandalia papete zaxynina 19060 moderninha (bo230 nude claro/capivara 26/27);34,82;12;0;0;0
00958617;7900204322065;sandalia papete zaxynina 19167 fofinha (bk985 nude claro/la 17/18);34,82;12;0;0;0
00958619;7900204322072;sandalia papete zaxynina 19167 fofinha (bk985 nude claro/la 19);34,82;12;0;0;0
00958620;7900204322089;sandalia papete zaxynina 19167 fofinha (bk985 nude claro/la 20);34,82;12;0;0;0
00958621;7900204322096;sandalia papete zaxynina 19167 fofinha (bk985 nude claro/la 21);34,82;12;0;0;0
00958622;7900204322102;sandalia papete zaxynina 19167 fofinha (bk985 nude claro/la 22);34,82;12;0;0;0
00958623;7900204322119;sandalia papete zaxynina 19167 fofinha (bk985 nude claro/la 23/24);34,82;12;0;0;0
00958625;7900204322126;sandalia papete zaxynina 19167 fofinha (bk985 nude claro/la 25);34,82;12;0;0;0
00958626;7900204322133;sandalia papete zaxynina 19167 fofinha (bk985 nude claro/la 26/27);34,82;12;0;0;0
00959633;7900204338523;tamanco azaleia 18908 fabi light (18908 bege/marrom make 33/34);38,77;12;0;0;0
00959635;7900204338530;tamanco azaleia 18908 fabi light (18908 bege/marrom make 35);38,77;12;0;0;0
00959636;7900204338547;tamanco azaleia 18908 fabi light (18908 bege/marrom make 36);38,77;12;0;0;0
00959637;7900204338554;tamanco azaleia 18908 fabi light (18908 bege/marrom make 37);38,77;12;0;0;0
00959638;7900204338561;tamanco azaleia 18908 fabi light (18908 bege/marrom make 38);38,77;12;0;0;0
00959639;7900204338578;tamanco azaleia 18908 fabi light (18908 bege/marrom make 39/40);38,77;12;0;0;0
00959733;7900204370677;tamanco azaleia 19180 maria (bm637 preto/bege 33/34);51,63;12;0;0;0
00959735;7900204370684;tamanco azaleia 19180 maria (bm637 preto/bege 35);51,63;12;0;0;0
00959736;7900204370691;tamanco azaleia 19180 maria (bm637 preto/bege 36);51,63;12;0;0;0
00959737;7900204370707;tamanco azaleia 19180 maria (bm637 preto/bege 37);51,63;12;0;0;0
00959738;7900204370714;tamanco azaleia 19180 maria (bm637 preto/bege 38);51,63;12;0;0;0
00959739;7900204370721;tamanco azaleia 19180 maria (bm637 preto/bege 39/40);51,63;12;0;0;0
00959833;;tamanco azaleia 19180 maria (bm643 verde salvia/bege 33/34);51,63;12;0;0;0
00959835;7900204370929;tamanco azaleia 19180 maria (bm643 verde salvia/bege 35);51,63;12;0;0;0
00959836;7900204370936;tamanco azaleia 19180 maria (bm643 verde salvia/bege 36);51,63;12;0;0;0
00959837;7900204370943;tamanco azaleia 19180 maria (bm643 verde salvia/bege 37);51,63;12;0;0;0
00959838;7900204370950;tamanco azaleia 19180 maria (bm643 verde salvia/bege 38);51,63;12;0;0;0
00959839;7900204370967;tamanco azaleia 19180 maria (bm643 verde salvia/bege 39/40);51,63;12;0;0;0
00960233;;tenis casual modare 7401.103 supr/m lond (29574 bege/dourado lo 33);107,12;12;0;0;0
00960234;7900245925706;tenis casual modare 7401.103 supr/m lond (29574 bege/dourado lo 34);107,12;12;0;0;0
00960235;7900245925713;tenis casual modare 7401.103 supr/m lond (29574 bege/dourado lo 35);107,12;12;0;0;0
00960236;7900245925720;tenis casual modare 7401.103 supr/m lond (29574 bege/dourado lo 36);107,12;12;0;0;0
00960237;7900245925744;tenis casual modare 7401.103 supr/m lond (29574 bege/dourado lo 37);107,12;12;0;0;0
00960238;7900245925768;tenis casual modare 7401.103 supr/m lond (29574 bege/dourado lo 38);107,12;12;0;0;0
00960239;7900245925775;tenis casual modare 7401.103 supr/m lond (29574 bege/dourado lo 39);107,12;12;0;0;0
00960240;7900245925782;tenis casual modare 7401.103 supr/m lond (29574 bege/dourado lo 40);107,12;12;0;0;0
00962033;;chinelo havaianas top tiras (rosa ballet/tiras 33/34);19,99;12;0;0;0
00962035;7893249588094;chinelo havaianas top tiras (rosa ballet/tiras 35/36);19,99;12;0;0;0
00962037;7893249588100;chinelo havaianas top tiras (rosa ballet/tiras 37/38);19,99;12;0;0;0
00962039;7893249588117;chinelo havaianas top tiras (rosa ballet/tiras 39/40);19,99;12;0;0;0
00962041;7893249588124;chinelo havaianas top tiras (rosa ballet/tiras 41/42);19,99;12;0;0;0
00962043;;chinelo havaianas top tiras (rosa ballet/tiras 43/44);19,99;12;0;0;0
00962045;;chinelo havaianas top tiras (rosa ballet/tiras 45/46);19,99;12;0;0;0
00963137;;chinelo cartago 11859 alabama 1 (preto/casto 37/38);29,53;12;0;0;0
00963139;7900204239073;chinelo cartago 11859 alabama 1 (preto/casto 39);29,53;12;0;0;0
00963140;7900204239080;chinelo cartago 11859 alabama 1 (preto/casto 40);29,53;12;0;0;0
00963141;7900204239097;chinelo cartago 11859 alabama 1 (preto/casto 41);29,53;12;0;0;0
00963142;7900204239103;chinelo cartago 11859 alabama 1 (preto/casto 42);29,53;12;0;0;0
00963143;7900204239110;chinelo cartago 11859 alabama 1 (preto/casto 43/44);29,53;12;0;0;0
00963145;7900204239127;chinelo cartago 11859 alabama 1 (preto/casto 45);29,53;12;0;0;0
00963233;;sandalia modare 7200.102 napa nature (101540 oliva 1281 fl/ 33);77,90;12;0;0;0
00963234;7900245731130;sandalia modare 7200.102 napa nature (101540 oliva 1281 fl/ 34);77,90;12;0;0;0
00963235;7900245731147;sandalia modare 7200.102 napa nature (101540 oliva 1281 fl/ 35);77,90;12;0;0;0
00963236;7900245731154;sandalia modare 7200.102 napa nature (101540 oliva 1281 fl/ 36);77,90;12;0;0;0
00963237;7900245731178;sandalia modare 7200.102 napa nature (101540 oliva 1281 fl/ 37);77,90;12;0;0;0
00963238;7900245731192;sandalia modare 7200.102 napa nature (101540 oliva 1281 fl/ 38);77,90;12;0;0;0
00963239;7900245731208;sandalia modare 7200.102 napa nature (101540 oliva 1281 fl/ 39);77,90;12;0;0;0
00963240;7900245731215;sandalia modare 7200.102 napa nature (101540 oliva 1281 fl/ 40);77,90;12;0;0;0
00965337;;chinelo dedo cartago 12158 dallas (bm370 bege/marrom 37/38);37,41;12;0;0;0
00965339;7900204353267;chinelo dedo cartago 12158 dallas (bm370 bege/marrom 39);37,41;12;0;0;0
00965340;7900204353250;chinelo dedo cartago 12158 dallas (bm370 bege/marrom 40);37,41;12;0;0;0
00965341;7900204353243;chinelo dedo cartago 12158 dallas (bm370 bege/marrom 41);37,41;12;0;0;0
00965342;7900204353236;chinelo dedo cartago 12158 dallas (bm370 bege/marrom 42);37,41;12;0;0;0
00965343;7900204353229;chinelo dedo cartago 12158 dallas (bm370 bege/marrom 43/44);37,41;12;0;0;0
00965345;7900204353212;chinelo dedo cartago 12158 dallas (bm370 bege/marrom 45);37,41;12;0;0;0
00965437;;chinelo dedo cartago 12158 dallas (bm371 azul/vermelho 37/38);37,41;12;0;0;0
00965439;7900204353199;chinelo dedo cartago 12158 dallas (bm371 azul/vermelho 39);37,41;12;0;0;0
00965440;7900204353182;chinelo dedo cartago 12158 dallas (bm371 azul/vermelho 40);37,41;12;0;0;0
00965441;7900204353175;chinelo dedo cartago 12158 dallas (bm371 azul/vermelho 41);37,41;12;0;0;0
00965442;7900204353168;chinelo dedo cartago 12158 dallas (bm371 azul/vermelho 42);37,41;12;0;0;0
00965443;7900204353151;chinelo dedo cartago 12158 dallas (bm371 azul/vermelho 43/44);37,41;12;0;0;0
00965445;7900204353144;chinelo dedo cartago 12158 dallas (bm371 azul/vermelho 45);37,41;12;0;0;0
00966633;;chinelo havaianas h. brasil logo 2024/25 (b.logo marinho 33/34);32,97;12;0;0;0
00966635;;chinelo havaianas h. brasil logo 2024/25 (b.logo marinho 35/36);32,97;12;0;0;0
00966637;7890557432323;chinelo havaianas h. brasil logo 2024/25 (b.logo marinho 37/38);32,97;12;0;0;0
00966639;7890557432330;chinelo havaianas h. brasil logo 2024/25 (b.logo marinho 39/40);32,97;12;0;0;0
00966641;7890557432347;chinelo havaianas h. brasil logo 2024/25 (b.logo marinho 41/42);32,97;12;0;0;0
00966643;7890557432361;chinelo havaianas h. brasil logo 2024/25 (b.logo marinho 43/44);32,97;12;0;0;0
00966645;;chinelo havaianas h. brasil logo 2024/25 (b.logo marinho 45/46);32,97;12;0;0;0
00966647;;chinelo havaianas h. brasil logo 2024/25 (b.logo marinho 47/48);32,97;12;0;0;0
00966733;7909989419687;chinelo havaianas h. brasil logo 2024/25 (azul lavanda/branco 33/34);32,97;12;0;0;0
00966735;7909989419694;chinelo havaianas h. brasil logo 2024/25 (azul lavanda/branco 35/36);32,97;12;0;0;0
00966737;7909989419700;chinelo havaianas h. brasil logo 2024/25 (azul lavanda/branco 37/38);32,97;12;0;0;0
00966739;7909989419717;chinelo havaianas h. brasil logo 2024/25 (azul lavanda/branco 39/40);32,97;12;0;0;0
00966741;;chinelo havaianas h. brasil logo 2024/25 (azul lavanda/branco 41/42);32,97;12;0;0;0
00966743;;chinelo havaianas h. brasil logo 2024/25 (azul lavanda/branco 43/44);32,97;12;0;0;0
00966745;;chinelo havaianas h. brasil logo 2024/25 (azul lavanda/branco 45/46);32,97;12;0;0;0
00966747;;chinelo havaianas h. brasil logo 2024/25 (azul lavanda/branco 47/48);32,97;12;0;0;0
00967300;7898723631839;slime gelele barbie 180g (sort barbie un);9,55;12;0;0;0
00967400;7898723631884;slime gelele hotwheels 180g (sort hotwheels un);8,18;12;0;0;0
00967500;7898723632348;massinha stiica e pula uno 20g (sort uno un);7,75;12;0;0;0
00967600;7898723632386;massinha clayeez fofo dino 12g (sort dino un);6,97;12;0;0;0
00967700;7898723632393;massinha clayeez fofo bicho 12g (diver fofo bicho un);6,97;12;0;0;0
00967800;7898723632409;massinha clayeez fofo movel 12g (sort fofo movel un);6,97;12;0;0;0
00968000;7898723632591;massinha clayeez kit seu pet 38g (sort seu pet un);12,99;12;0;0;0
00968137;7909940346854;chinelo couro pegada 134501 anilina (134501-02 cravo 37);76,04;12;0;0;0
00968138;7909940346847;chinelo couro pegada 134501 anilina (134501-02 cravo 38);76,04;12;0;0;0
00968139;7909940298184;chinelo couro pegada 134501 anilina (134501-02 cravo 39);76,04;12;0;0;0
00968140;7909940346793;chinelo couro pegada 134501 anilina (134501-02 cravo 40);76,04;12;0;0;0
00968141;7909940346809;chinelo couro pegada 134501 anilina (134501-02 cravo 41);76,04;12;0;0;0
00968142;7909940346816;chinelo couro pegada 134501 anilina (134501-02 cravo 42);76,04;12;0;0;0
00968143;;chinelo couro pegada 134501 anilina (134501-02 cravo 43);76,04;12;0;0;0
00968144;;chinelo couro pegada 134501 anilina (134501-02 cravo 44);76,04;12;0;0;0
00968145;;chinelo couro pegada 134501 anilina (134501-02 cravo 45);76,04;12;0;0;0
00968333;7891266524224;chinelo dedo havaianas top liso (vermelho apache top li 33/34);19,99;12;0;0;0
00968335;7891266524231;chinelo dedo havaianas top liso (vermelho apache top li 35/36);19,99;12;0;0;0
00968337;7891266524248;chinelo dedo havaianas top liso (vermelho apache top li 37/38);19,99;12;0;0;0
00968339;7891266524255;chinelo dedo havaianas top liso (vermelho apache top li 39/40);19,99;12;0;0;0
00968341;7891266524262;chinelo dedo havaianas top liso (vermelho apache top li 41/42);19,99;12;0;0;0
00968343;;chinelo dedo havaianas top liso (vermelho apache top li 43/44);19,99;12;0;0;0
00968345;;chinelo dedo havaianas top liso (vermelho apache top li 45/46);19,99;12;0;0;0
00968347;;chinelo dedo havaianas top liso (vermelho apache top li 47/48);19,99;12;0;0;0
00968433;;chinelo dedo havaianas slim liso (laranja sunset slim lis 33/34);24,52;12;0;0;0
00968435;7909989645550;chinelo dedo havaianas slim liso (laranja sunset slim lis 35/36);24,52;12;0;0;0
00968437;7909989645567;chinelo dedo havaianas slim liso (laranja sunset slim lis 37/38);24,52;12;0;0;0
00968439;7909989645574;chinelo dedo havaianas slim liso (laranja sunset slim lis 39/40);24,52;12;0;0;0
00968441;7909989645581;chinelo dedo havaianas slim liso (laranja sunset slim lis 41/42);24,52;12;0;0;0
00968443;;chinelo dedo havaianas slim liso (laranja sunset slim lis 43/44);24,52;12;0;0;0
00968445;;chinelo dedo havaianas slim liso (laranja sunset slim lis 45/46);24,52;12;0;0;0
00968533;;chinelo dedo havaianas slim liso (rosa gum/rosa gum metal 33/34);24,52;12;0;0;0
00968535;7909989777312;chinelo dedo havaianas slim liso (rosa gum/rosa gum metal 35/36);24,52;12;0;0;0
00968537;7909989777329;chinelo dedo havaianas slim liso (rosa gum/rosa gum metal 37/38);24,52;12;0;0;0
00968539;7909989777336;chinelo dedo havaianas slim liso (rosa gum/rosa gum metal 39/40);24,52;12;0;0;0
00968541;7909989777343;chinelo dedo havaianas slim liso (rosa gum/rosa gum metal 41/42);24,52;12;0;0;0
00968543;;chinelo dedo havaianas slim liso (rosa gum/rosa gum metal 43/44);24,52;12;0;0;0
00968545;;chinelo dedo havaianas slim liso (rosa gum/rosa gum metal 45/46);24,52;12;0;0;0
00968633;;chinelo dedo havaianas slim liso (rosa chiffon sl lis 33/34);24,52;12;0;0;0
00968635;7909989645307;chinelo dedo havaianas slim liso (rosa chiffon sl lis 35/36);24,52;12;0;0;0
00968637;7909989645314;chinelo dedo havaianas slim liso (rosa chiffon sl lis 37/38);24,52;12;0;0;0
00968639;7909989645321;chinelo dedo havaianas slim liso (rosa chiffon sl lis 39/40);24,52;12;0;0;0
00968641;7909989645338;chinelo dedo havaianas slim liso (rosa chiffon sl lis 41/42);24,52;12;0;0;0
00968643;;chinelo dedo havaianas slim liso (rosa chiffon sl lis 43/44);24,52;12;0;0;0
00968645;;chinelo dedo havaianas slim liso (rosa chiffon sl lis 45/46);24,52;12;0;0;0
00968834;;sandalia papete vizzano 6499.122 pelica (15745 preto 01 34);74,02;12;0;0;0
00968835;7900294399411;sandalia papete vizzano 6499.122 pelica (15745 preto 01 35);74,02;12;0;0;0
00968836;7900294399428;sandalia papete vizzano 6499.122 pelica (15745 preto 01 36);74,02;12;0;0;0
00968837;7900294399442;sandalia papete vizzano 6499.122 pelica (15745 preto 01 37);74,02;12;0;0;0
00968838;7900294399466;sandalia papete vizzano 6499.122 pelica (15745 preto 01 38);74,02;12;0;0;0
00968839;7900294399473;sandalia papete vizzano 6499.122 pelica (15745 preto 01 39);74,02;12;0;0;0
00968840;7900294399480;sandalia papete vizzano 6499.122 pelica (15745 preto 01 40);74,02;12;0;0;0
00969335;197780611172;chinelo slide under armour 3027787 ua core 2 (purple/purple/nebula 35/36);74,20;12;0;0;0
00969337;197780611196;chinelo slide under armour 3027787 ua core 2 (purple/purple/nebula 37/38);74,20;12;0;0;0
00969339;197780611035;chinelo slide under armour 3027787 ua core 2 (purple/purple/nebula 39/40);74,20;12;0;0;0
00969341;197780611059;chinelo slide under armour 3027787 ua core 2 (purple/purple/nebula 41/42);74,20;12;0;0;0
00969343;;chinelo slide under armour 3027787 ua core 2 (purple/purple/nebula 43/44);74,20;12;0;0;0
00969345;;chinelo slide under armour 3027787 ua core 2 (purple/purple/nebula 45/46);74,20;12;0;0;0
00969533;7909989679616;chinelo havaianas top tiras (tiras cafe 33/34);19,99;12;0;0;0
00969535;7909989679623;chinelo havaianas top tiras (tiras cafe 35/36);19,99;12;0;0;0
00969537;7909989679630;chinelo havaianas top tiras (tiras cafe 37/38);19,99;12;0;0;0
00969539;7909989679647;chinelo havaianas top tiras (tiras cafe 39/40);19,99;12;0;0;0
00969541;;chinelo havaianas top tiras (tiras cafe 41/42);19,99;12;0;0;0
00969543;;chinelo havaianas top tiras (tiras cafe 43/44);19,99;12;0;0;0
00969545;;chinelo havaianas top tiras (tiras cafe 45/46);19,99;12;0;0;0
00970534;7909692060176;meia 3/4 lisa puket 010604058-200 (cb7244 cinza 34-39);16,12;12;0;0;0
00971233;;sandalia salto medio modare 7187.100 el/canelado (97016 marinho/camel 33);79,31;12;0;0;0
00971234;7900123787242;sandalia salto medio modare 7187.100 el/canelado (97016 marinho/camel 34);79,31;12;0;0;0
00971235;7900123787259;sandalia salto medio modare 7187.100 el/canelado (97016 marinho/camel 35);79,31;12;0;0;0
00971236;7900123787266;sandalia salto medio modare 7187.100 el/canelado (97016 marinho/camel 36);79,31;12;0;0;0
00971237;7900123787280;sandalia salto medio modare 7187.100 el/canelado (97016 marinho/camel 37);79,31;12;0;0;0
00971238;7900123787303;sandalia salto medio modare 7187.100 el/canelado (97016 marinho/camel 38);79,31;12;0;0;0
00971239;7900123787310;sandalia salto medio modare 7187.100 el/canelado (97016 marinho/camel 39);79,31;12;0;0;0
00971240;7900123787327;sandalia salto medio modare 7187.100 el/canelado (97016 marinho/camel 40);79,31;12;0;0;0
00971833;;chinelo havaianas top tiras (rose gold tiras 33/34);19,99;12;0;0;0
00971835;;chinelo havaianas top tiras (rose gold tiras 35/36);19,99;12;0;0;0
00971837;7891224793457;chinelo havaianas top tiras (rose gold tiras 37/38);19,99;12;0;0;0
00971839;7891224793464;chinelo havaianas top tiras (rose gold tiras 39/40);19,99;12;0;0;0
00971841;7891224793471;chinelo havaianas top tiras (rose gold tiras 41/42);19,99;12;0;0;0
00971843;;chinelo havaianas top tiras (rose gold tiras 43/44);19,99;12;0;0;0
00971933;196885892639;chinelo slide under armour 3027786 ua daily (black/black/white 33/34);79,50;12;0;0;0
00971935;196885892677;chinelo slide under armour 3027786 ua daily (black/black/white 35/36);79,50;12;0;0;0
00971937;196885892714;chinelo slide under armour 3027786 ua daily (black/black/white 37/38);79,50;12;0;0;0
00971939;196885892752;chinelo slide under armour 3027786 ua daily (black/black/white 39/40);79,50;12;0;0;0
00971941;196885892332;chinelo slide under armour 3027786 ua daily (black/black/white 41/42);79,50;12;0;0;0
00971943;196885892370;chinelo slide under armour 3027786 ua daily (black/black/white 43/44);79,50;12;0;0;0
00971945;196885892394;chinelo slide under armour 3027786 ua daily (black/black/white 45/46);79,50;12;0;0;0
00972033;;chinelo slide under armour 3027786 ua daily (white/black/black 33/34);79,50;12;0;0;0
00972035;196885897733;chinelo slide under armour 3027786 ua daily (white/black/black 35/36);79,50;12;0;0;0
00972037;196885897771;chinelo slide under armour 3027786 ua daily (white/black/black 37/38);79,50;12;0;0;0
00972039;196885897818;chinelo slide under armour 3027786 ua daily (white/black/black 39/40);79,50;12;0;0;0
00972041;196885897399;chinelo slide under armour 3027786 ua daily (white/black/black 41/42);79,50;12;0;0;0
00972043;196885897634;chinelo slide under armour 3027786 ua daily (white/black/black 43/44);79,50;12;0;0;0
00972045;196885897658;chinelo slide under armour 3027786 ua daily (white/black/black 45/46);79,50;12;0;0;0
00972137;;chinelo havaianas surfer (branco/branco 37/38);30,36;12;0;0;0
00972139;7909989711545;chinelo havaianas surfer (branco/branco 39/40);30,36;12;0;0;0
00972141;7909989711552;chinelo havaianas surfer (branco/branco 41/42);30,36;12;0;0;0
00972143;7909989711569;chinelo havaianas surfer (branco/branco 43/44);30,36;12;0;0;0
00972145;7909989711576;chinelo havaianas surfer (branco/branco 45/46);30,36;12;0;0;0
00972235;;chinelo havaianas city basic (preto/preto/cinza 35/36);34,76;12;0;0;0
00972237;;chinelo havaianas city basic (preto/preto/cinza 37/38);34,76;12;0;0;0
00972239;7909989702703;chinelo havaianas city basic (preto/preto/cinza 39/40);34,76;12;0;0;0
00972241;7909989702710;chinelo havaianas city basic (preto/preto/cinza 41/42);34,76;12;0;0;0
00972243;7909989702727;chinelo havaianas city basic (preto/preto/cinza 43/44);34,76;12;0;0;0
00972245;;chinelo havaianas city basic (preto/preto/cinza 45/46);34,76;12;0;0;0
00972247;;chinelo havaianas city basic (preto/preto/cinza 47/48);34,76;12;0;0;0
00972335;;chinelo havaianas city basic (dourado/cafe/dourado 35/36);34,76;12;0;0;0
00972337;;chinelo havaianas city basic (dourado/cafe/dourado 37/38);34,76;12;0;0;0
00972339;7909989767832;chinelo havaianas city basic (dourado/cafe/dourado 39/40);34,76;12;0;0;0
00972341;7909989767849;chinelo havaianas city basic (dourado/cafe/dourado 41/42);34,76;12;0;0;0
00972343;7909989767856;chinelo havaianas city basic (dourado/cafe/dourado 43/44);34,76;12;0;0;0
00972345;;chinelo havaianas city basic (dourado/cafe/dourado 45/46);34,76;12;0;0;0
00972347;;chinelo havaianas city basic (dourado/cafe/dourado 47/48);34,76;12;0;0;0
00972435;7909989766750;chinelo havaianas top warner logomania (branco/azul 35/36);26,17;12;0;0;0
00972437;7909989766767;chinelo havaianas top warner logomania (branco/azul 37/38);26,17;12;0;0;0
00972439;7909989766774;chinelo havaianas top warner logomania (branco/azul 39/40);26,17;12;0;0;0
00972441;;chinelo havaianas top warner logomania (branco/azul 41/42);26,17;12;0;0;0
00972533;;chinelo slim havaianas logo pop up 25/6 (azul brilhante 33/34);31,79;12;0;0;0
00972535;7909989797167;chinelo slim havaianas logo pop up 25/6 (azul brilhante 35/36);31,79;12;0;0;0
00972537;7909989797174;chinelo slim havaianas logo pop up 25/6 (azul brilhante 37/38);31,79;12;0;0;0
00972539;7909989797181;chinelo slim havaianas logo pop up 25/6 (azul brilhante 39/40);31,79;12;0;0;0
00972541;;chinelo slim havaianas logo pop up 25/6 (azul brilhante 41/42);31,79;12;0;0;0
00972543;;chinelo slim havaianas logo pop up 25/6 (azul brilhante 43/44);31,79;12;0;0;0
00972545;;chinelo slim havaianas logo pop up 25/6 (azul brilhante 45/46);31,79;12;0;0;0
00972633;;chinelo slim havaianas elegance print 25/6 (blossom 33/34);20,51;12;0;0;0
00972635;7909989793893;chinelo slim havaianas elegance print 25/6 (blossom 35/36);20,51;12;0;0;0
00972637;7909989793909;chinelo slim havaianas elegance print 25/6 (blossom 37/38);20,51;12;0;0;0
00972639;7909989793916;chinelo slim havaianas elegance print 25/6 (blossom 39/40);20,51;12;0;0;0
00972641;;chinelo slim havaianas elegance print 25/6 (blossom 41/42);20,51;12;0;0;0
00972825;7899404921942;babuche boaonda 2402-211 easy kids (001 lilas/rose nude 25/26);37,34;12;0;0;0
00972827;7899404921959;babuche boaonda 2402-211 easy kids (001 lilas/rose nude 27/28);37,34;12;0;0;0
00972829;7899404921966;babuche boaonda 2402-211 easy kids (001 lilas/rose nude 29/30);37,34;12;0;0;0
00972831;7899404921973;babuche boaonda 2402-211 easy kids (001 lilas/rose nude 31/32);37,34;12;0;0;0
00973025;7899404953820;babuche boaonda 2402-110 easy kids (002 classic blue 25/26);27,99;12;0;0;0
00973027;7899404953837;babuche boaonda 2402-110 easy kids (002 classic blue 27/28);27,99;12;0;0;0
00973029;7899404953844;babuche boaonda 2402-110 easy kids (002 classic blue 29/30);27,99;12;0;0;0
00973031;7899404953851;babuche boaonda 2402-110 easy kids (002 classic blue 31/32);27,99;12;0;0;0
00973125;7899404953905;babuche boaonda 2402-110 easy kids f (004 goiaba easy 25/26);27,99;12;0;0;0
00973127;7899404953912;babuche boaonda 2402-110 easy kids f (004 goiaba easy 27/28);27,99;12;0;0;0
00973129;7899404953929;babuche boaonda 2402-110 easy kids f (004 goiaba easy 29/30);27,99;12;0;0;0
00973131;7899404953936;babuche boaonda 2402-110 easy kids f (004 goiaba easy 31/32);27,99;12;0;0;0
00973225;7899404953943;babuche boaonda 2402-110 easy kids f (005 rose nude easy 25/26);27,99;12;0;0;0
00973227;7899404953950;babuche boaonda 2402-110 easy kids f (005 rose nude easy 27/28);27,99;12;0;0;0
00973229;7899404953967;babuche boaonda 2402-110 easy kids f (005 rose nude easy 29/30);27,99;12;0;0;0
00973231;7899404953974;babuche boaonda 2402-110 easy kids f (005 rose nude easy 31/32);27,99;12;0;0;0
00973638;7899404977338;babuche boaonda 2439-110 star m (002 calissic blue/branco 38);60,72;12;0;0;0
00973639;7899404977789;babuche boaonda 2439-110 star m (002 calissic blue/branco 39);60,72;12;0;0;0
00973640;7899404977826;babuche boaonda 2439-110 star m (002 calissic blue/branco 40);60,72;12;0;0;0
00973641;7899404977864;babuche boaonda 2439-110 star m (002 calissic blue/branco 41);60,72;12;0;0;0
00973642;7899404977901;babuche boaonda 2439-110 star m (002 calissic blue/branco 42);60,72;12;0;0;0
00973643;7899404977949;babuche boaonda 2439-110 star m (002 calissic blue/branco 43);60,72;12;0;0;0
00973644;7899404960651;babuche boaonda 2439-110 star m (002 calissic blue/branco 44);60,72;12;0;0;0
00973825;7899404969241;babuche boaonda 2402-212 easy kids m (002 rose nude/sky 25/26);42,01;12;0;0;0
00973827;7899404969289;babuche boaonda 2402-212 easy kids m (002 rose nude/sky 27/28);42,01;12;0;0;0
00973829;7899404969326;babuche boaonda 2402-212 easy kids m (002 rose nude/sky 29/30);42,01;12;0;0;0
00973831;7899404969364;babuche boaonda 2402-212 easy kids m (002 rose nude/sky 31/32);42,01;12;0;0;0
00973925;7899404969401;babuche boaonda 2402-213 easy m (001 branco/preto 25/26);42,01;12;0;0;0
00973927;7899404969449;babuche boaonda 2402-213 easy m (001 branco/preto 27/28);42,01;12;0;0;0
00973929;7899404969487;babuche boaonda 2402-213 easy m (001 branco/preto 29/30);42,01;12;0;0;0
00973931;7899404969524;babuche boaonda 2402-213 easy m (001 branco/preto 31/32);42,01;12;0;0;0
00974025;7899404969562;babuche boaonda 2402-213 easy m (002 branco/rangerina 25/26);42,01;12;0;0;0
00974027;7899404969609;babuche boaonda 2402-213 easy m (002 branco/rangerina 27/28);42,01;12;0;0;0
00974029;7899404969647;babuche boaonda 2402-213 easy m (002 branco/rangerina 29/30);42,01;12;0;0;0
00974031;7899404969685;babuche boaonda 2402-213 easy m (002 branco/rangerina 31/32);42,01;12;0;0;0
00974127;7900294086113;sapatenis molekinho 2838.128 rustico neo (branco off/marinho 27);64,79;12;0;0;0
00974128;7900294086120;sapatenis molekinho 2838.128 rustico neo (branco off/marinho 28);64,79;12;0;0;0
00974129;7900294086137;sapatenis molekinho 2838.128 rustico neo (branco off/marinho 29);64,79;12;0;0;0
00974130;7900294086144;sapatenis molekinho 2838.128 rustico neo (branco off/marinho 30);64,79;12;0;0;0
00974131;7900294086151;sapatenis molekinho 2838.128 rustico neo (branco off/marinho 31);64,79;12;0;0;0
00974132;7900294086168;sapatenis molekinho 2838.128 rustico neo (branco off/marinho 32);64,79;12;0;0;0
00974133;7900294086175;sapatenis molekinho 2838.128 rustico neo (branco off/marinho 33);64,79;12;0;0;0
00974134;7900294086182;sapatenis molekinho 2838.128 rustico neo (branco off/marinho 34);64,79;12;0;0;0
00974135;7900294086199;sapatenis molekinho 2838.128 rustico neo (branco off/marinho 35);64,79;12;0;0;0
00974136;7900294086205;sapatenis molekinho 2838.128 rustico neo (branco off/marinho 36);64,79;12;0;0;0
00974227;7900294086212;sapatenis molekinho 2838.128 rustico neo (cafe/caramelho 27);64,79;12;0;0;0
00974228;7900294086229;sapatenis molekinho 2838.128 rustico neo (cafe/caramelho 28);64,79;12;0;0;0
00974229;7900294086236;sapatenis molekinho 2838.128 rustico neo (cafe/caramelho 29);64,79;12;0;0;0
00974230;7900294086243;sapatenis molekinho 2838.128 rustico neo (cafe/caramelho 30);64,79;12;0;0;0
00974231;7900294086250;sapatenis molekinho 2838.128 rustico neo (cafe/caramelho 31);64,79;12;0;0;0
00974232;7900294086267;sapatenis molekinho 2838.128 rustico neo (cafe/caramelho 32);64,79;12;0;0;0
00974233;7900294086274;sapatenis molekinho 2838.128 rustico neo (cafe/caramelho 33);64,79;12;0;0;0
00974234;7900294086281;sapatenis molekinho 2838.128 rustico neo (cafe/caramelho 34);64,79;12;0;0;0
00974235;7900294086298;sapatenis molekinho 2838.128 rustico neo (cafe/caramelho 35);64,79;12;0;0;0
00974236;7900294086304;sapatenis molekinho 2838.128 rustico neo (cafe/caramelho 36);64,79;12;0;0;0
00974317;;sandalia papete molekinho 2135.153 rustico neo (caramelho/branco off 17);40,23;12;0;0;0
00974318;;sandalia papete molekinho 2135.153 rustico neo (caramelho/branco off 18);40,23;12;0;0;0
00974319;7909882832507;sandalia papete molekinho 2135.153 rustico neo (caramelho/branco off 19);40,23;12;0;0;0
00974320;7909882832514;sandalia papete molekinho 2135.153 rustico neo (caramelho/branco off 20);40,23;12;0;0;0
00974321;7909882832521;sandalia papete molekinho 2135.153 rustico neo (caramelho/branco off 21);40,23;12;0;0;0
00974322;7909882832538;sandalia papete molekinho 2135.153 rustico neo (caramelho/branco off 22);40,23;12;0;0;0
00974323;7909882832545;sandalia papete molekinho 2135.153 rustico neo (caramelho/branco off 23);40,23;12;0;0;0
00974324;7909882832552;sandalia papete molekinho 2135.153 rustico neo (caramelho/branco off 24);40,23;12;0;0;0
00974325;7909882832569;sandalia papete molekinho 2135.153 rustico neo (caramelho/branco off 25);40,23;12;0;0;0
00974326;7909882832576;sandalia papete molekinho 2135.153 rustico neo (caramelho/branco off 26);40,23;12;0;0;0
00974426;7900245834091;sandalia molekinha 2157.1203 valencia (preto/preto/grafite hem 26);41,80;12;0;0;0
00974427;7900245834107;sandalia molekinha 2157.1203 valencia (preto/preto/grafite hem 27);41,80;12;0;0;0
00974428;7900245834114;sandalia molekinha 2157.1203 valencia (preto/preto/grafite hem 28);41,80;12;0;0;0
00974429;7900245834121;sandalia molekinha 2157.1203 valencia (preto/preto/grafite hem 29);41,80;12;0;0;0
00974430;7900245834138;sandalia molekinha 2157.1203 valencia (preto/preto/grafite hem 30);41,80;12;0;0;0
00974431;7900245834145;sandalia molekinha 2157.1203 valencia (preto/preto/grafite hem 31);41,80;12;0;0;0
00974432;7900245834152;sandalia molekinha 2157.1203 valencia (preto/preto/grafite hem 32);41,80;12;0;0;0
00974433;7900245834169;sandalia molekinha 2157.1203 valencia (preto/preto/grafite hem 33);41,80;12;0;0;0
00974434;;sandalia molekinha 2157.1203 valencia (preto/preto/grafite hem 34);41,80;12;0;0;0
00974435;7900245834176;sandalia molekinha 2157.1203 valencia (preto/preto/grafite hem 35);41,80;12;0;0;0
00974436;;sandalia molekinha 2157.1203 valencia (preto/preto/grafite hem 36);41,80;12;0;0;0
00974526;7900245740842;sandalia molekinha 2157.1203 valencia (dourado/creme -ouro claro 26);41,80;12;0;0;0
00974527;7900245740859;sandalia molekinha 2157.1203 valencia (dourado/creme -ouro claro 27);41,80;12;0;0;0
00974528;7900245736999;sandalia molekinha 2157.1203 valencia (dourado/creme -ouro claro 28);41,80;12;0;0;0
00974529;7900245740866;sandalia molekinha 2157.1203 valencia (dourado/creme -ouro claro 29);41,80;12;0;0;0
00974530;7900245740873;sandalia molekinha 2157.1203 valencia (dourado/creme -ouro claro 30);41,80;12;0;0;0
00974531;7900245740880;sandalia molekinha 2157.1203 valencia (dourado/creme -ouro claro 31);41,80;12;0;0;0
00974532;7900245740897;sandalia molekinha 2157.1203 valencia (dourado/creme -ouro claro 32);41,80;12;0;0;0
00974533;7900245740903;sandalia molekinha 2157.1203 valencia (dourado/creme -ouro claro 33);41,80;12;0;0;0
00974534;7900245740910;sandalia molekinha 2157.1203 valencia (dourado/creme -ouro claro 34);41,80;12;0;0;0
00974535;;sandalia molekinha 2157.1203 valencia (dourado/creme -ouro claro 35);41,80;12;0;0;0
00974536;;sandalia molekinha 2157.1203 valencia (dourado/creme -ouro claro 36);41,80;12;0;0;0
00974626;7900294262142;sandalia molekinha 2157.1205 milao (rosa /cristal 26);41,80;12;0;0;0
00974627;7900294262159;sandalia molekinha 2157.1205 milao (rosa /cristal 27);41,80;12;0;0;0
00974628;7900294178047;sandalia molekinha 2157.1205 milao (rosa /cristal 28);41,80;12;0;0;0
00974629;7900294262166;sandalia molekinha 2157.1205 milao (rosa /cristal 29);41,80;12;0;0;0
00974630;7900294262173;sandalia molekinha 2157.1205 milao (rosa /cristal 30);41,80;12;0;0;0
00974631;7900294262180;sandalia molekinha 2157.1205 milao (rosa /cristal 31);41,80;12;0;0;0
00974632;7900294262197;sandalia molekinha 2157.1205 milao (rosa /cristal 32);41,80;12;0;0;0
00974633;7900294262203;sandalia molekinha 2157.1205 milao (rosa /cristal 33);41,80;12;0;0;0
00974634;7900294262210;sandalia molekinha 2157.1205 milao (rosa /cristal 34);41,80;12;0;0;0
00974635;;sandalia molekinha 2157.1205 milao (rosa /cristal 35);41,80;12;0;0;0
00974636;;sandalia molekinha 2157.1205 milao (rosa /cristal 36);41,80;12;0;0;0
00974826;7900294466885;tenis molekinha 2574.116 napa turim (branco/preto 26);58,48;12;0;0;0
00974827;7900294466892;tenis molekinha 2574.116 napa turim (branco/preto 27);58,48;12;0;0;0
00974828;7900294429514;tenis molekinha 2574.116 napa turim (branco/preto 28);58,48;12;0;0;0
00974829;7900294466908;tenis molekinha 2574.116 napa turim (branco/preto 29);58,48;12;0;0;0
00974830;7900294466915;tenis molekinha 2574.116 napa turim (branco/preto 30);58,48;12;0;0;0
00974831;7900294466922;tenis molekinha 2574.116 napa turim (branco/preto 31);58,48;12;0;0;0
00974832;7900294466939;tenis molekinha 2574.116 napa turim (branco/preto 32);58,48;12;0;0;0
00974833;7900294466946;tenis molekinha 2574.116 napa turim (branco/preto 33);58,48;12;0;0;0
00974834;7900294466953;tenis molekinha 2574.116 napa turim (branco/preto 34);58,48;12;0;0;0
00974835;7900294466960;tenis molekinha 2574.116 napa turim (branco/preto 35);58,48;12;0;0;0
00974836;7900294466977;tenis molekinha 2574.116 napa turim (branco/preto 36);58,48;12;0;0;0
00974923;7909989809112;chinelo kids slim havaianas disney lilo & stitch (stitch buttercream 23/24);31,48;12;0;0;0
00974925;7909989809129;chinelo kids slim havaianas disney lilo & stitch (stitch buttercream 25/26);31,48;12;0;0;0
00974927;7909989809136;chinelo kids slim havaianas disney lilo & stitch (stitch buttercream 27/28);31,48;12;0;0;0
00974929;7909989809143;chinelo kids slim havaianas disney lilo & stitch (stitch buttercream 29/30);31,48;12;0;0;0
00974931;7909989809150;chinelo kids slim havaianas disney lilo & stitch (stitch buttercream 31/32);31,48;12;0;0;0
00974933;7909989809167;chinelo kids slim havaianas disney lilo & stitch (stitch buttercream 33/34);31,48;12;0;0;0
00974935;7909989809174;chinelo kids slim havaianas disney lilo & stitch (stitch buttercream 35/36);31,48;12;0;0;0
00975033;7909989645444;chinelo dedo havaianas slim liso (sl lis azul brilhante 33/34);24,52;12;0;0;0
00975035;7909989645451;chinelo dedo havaianas slim liso (sl lis azul brilhante 35/36);24,52;12;0;0;0
00975037;7909989645468;chinelo dedo havaianas slim liso (sl lis azul brilhante 37/38);24,52;12;0;0;0
00975039;7909989645475;chinelo dedo havaianas slim liso (sl lis azul brilhante 39/40);24,52;12;0;0;0
00975041;7909989645482;chinelo dedo havaianas slim liso (sl lis azul brilhante 41/42);24,52;12;0;0;0
00975043;;chinelo dedo havaianas slim liso (sl lis azul brilhante 43/44);24,52;12;0;0;0
00975045;;chinelo dedo havaianas slim liso (sl lis azul brilhante 45/46);24,52;12;0;0;0
00975133;7909989645345;chinelo dedo havaianas slim liso (wild lime 33/34);24,52;12;0;0;0
00975135;7909989645352;chinelo dedo havaianas slim liso (wild lime 35/36);24,52;12;0;0;0
00975137;7909989645369;chinelo dedo havaianas slim liso (wild lime 37/38);24,52;12;0;0;0
00975139;7909989645376;chinelo dedo havaianas slim liso (wild lime 39/40);24,52;12;0;0;0
00975141;7909989645383;chinelo dedo havaianas slim liso (wild lime 41/42);24,52;12;0;0;0
00975143;;chinelo dedo havaianas slim liso (wild lime 43/44);24,52;12;0;0;0
00975145;;chinelo dedo havaianas slim liso (wild lime 45/46);24,52;12;0;0;0
00975233;;chinelo dedo havaianas top fashion 25/6 (fash amarelo caja 33/34);34,40;12;0;0;0
00975235;7909989611951;chinelo dedo havaianas top fashion 25/6 (fash amarelo caja 35/36);34,40;12;0;0;0
00975237;7909989611968;chinelo dedo havaianas top fashion 25/6 (fash amarelo caja 37/38);34,40;12;0;0;0
00975239;7909989611975;chinelo dedo havaianas top fashion 25/6 (fash amarelo caja 39/40);34,40;12;0;0;0
00975241;7909989611982;chinelo dedo havaianas top fashion 25/6 (fash amarelo caja 41/42);34,40;12;0;0;0
00975243;;chinelo dedo havaianas top fashion 25/6 (fash amarelo caja 43/44);34,40;12;0;0;0
00975245;;chinelo dedo havaianas top fashion 25/6 (fash amarelo caja 45/46);34,40;12;0;0;0
00975333;;chinelo dedo havaianas slim organic 25/26 (org preto/cinza/ouro 33/34);28,16;12;0;0;0
00975335;7909989624852;chinelo dedo havaianas slim organic 25/26 (org preto/cinza/ouro 35/36);28,16;12;0;0;0
00975337;7909989624869;chinelo dedo havaianas slim organic 25/26 (org preto/cinza/ouro 37/38);28,16;12;0;0;0
00975339;7909989624876;chinelo dedo havaianas slim organic 25/26 (org preto/cinza/ouro 39/40);28,16;12;0;0;0
00975341;;chinelo dedo havaianas slim organic 25/26 (org preto/cinza/ouro 41/42);28,16;12;0;0;0
00975343;;chinelo dedo havaianas slim organic 25/26 (org preto/cinza/ouro 43/44);28,16;12;0;0;0
00975345;;chinelo dedo havaianas slim organic 25/26 (org preto/cinza/ouro 45/46);28,16;12;0;0;0
00975433;;chinelo dedo havaianas slim organic 25/26 (org rosa/dourado 33/34);28,16;12;0;0;0
00975435;7909989624753;chinelo dedo havaianas slim organic 25/26 (org rosa/dourado 35/36);28,16;12;0;0;0
00975437;7909989624760;chinelo dedo havaianas slim organic 25/26 (org rosa/dourado 37/38);28,16;12;0;0;0
00975439;7909989624777;chinelo dedo havaianas slim organic 25/26 (org rosa/dourado 39/40);28,16;12;0;0;0
00975441;;chinelo dedo havaianas slim organic 25/26 (org rosa/dourado 41/42);28,16;12;0;0;0
00975443;;chinelo dedo havaianas slim organic 25/26 (org rosa/dourado 43/44);28,16;12;0;0;0
00975445;;chinelo dedo havaianas slim organic 25/26 (org rosa/dourado 45/46);28,16;12;0;0;0
00975623;;chinelo kids slim havaianas princess frozen 25/6 (princ azul/azul lavanda 23/24);28,99;12;0;0;0
00975625;;chinelo kids slim havaianas princess frozen 25/6 (princ azul/azul lavanda 25/26);28,99;12;0;0;0
00975627;7909989830994;chinelo kids slim havaianas princess frozen 25/6 (princ azul/azul lavanda 27/28);28,99;12;0;0;0
00975629;7909989831007;chinelo kids slim havaianas princess frozen 25/6 (princ azul/azul lavanda 29/30);28,99;12;0;0;0
00975631;7909989831014;chinelo kids slim havaianas princess frozen 25/6 (princ azul/azul lavanda 31/32);28,99;12;0;0;0
00975633;;chinelo kids slim havaianas princess frozen 25/6 (princ azul/azul lavanda 33/34);28,99;12;0;0;0
00975635;;chinelo kids slim havaianas princess frozen 25/6 (princ azul/azul lavanda 35/36);28,99;12;0;0;0
00975733;;chinelo dedo havaianas slim point (point rose gold/bege palh 33/34);45,17;12;0;0;0
00975735;7909989587010;chinelo dedo havaianas slim point (point rose gold/bege palh 35/36);45,17;12;0;0;0
00975737;7909989587027;chinelo dedo havaianas slim point (point rose gold/bege palh 37/38);45,17;12;0;0;0
00975739;7909989587034;chinelo dedo havaianas slim point (point rose gold/bege palh 39/40);45,17;12;0;0;0
00975741;;chinelo dedo havaianas slim point (point rose gold/bege palh 41/42);45,17;12;0;0;0
00975743;;chinelo dedo havaianas slim point (point rose gold/bege palh 43/44);45,17;12;0;0;0
00975745;;chinelo dedo havaianas slim point (point rose gold/bege palh 45/46);45,17;12;0;0;0
00975833;;chinelo dedo havaianas slim point (point cinza aco 33/34);45,17;12;0;0;0
00975835;7909989578544;chinelo dedo havaianas slim point (point cinza aco 35/36);45,17;12;0;0;0
00975837;7909989578551;chinelo dedo havaianas slim point (point cinza aco 37/38);45,17;12;0;0;0
00975839;7909989578568;chinelo dedo havaianas slim point (point cinza aco 39/40);45,17;12;0;0;0
00975841;;chinelo dedo havaianas slim point (point cinza aco 41/42);45,17;12;0;0;0
00975843;;chinelo dedo havaianas slim point (point cinza aco 43/44);45,17;12;0;0;0
00975845;;chinelo dedo havaianas slim point (point cinza aco 45/46);45,17;12;0;0;0
00975933;7909989711484;chinelo dedo havaianas slim point (point ferrungem/smok gree 33/34);45,17;12;0;0;0
00975935;7909989711491;chinelo dedo havaianas slim point (point ferrungem/smok gree 35/36);45,17;12;0;0;0
00975937;7909989711507;chinelo dedo havaianas slim point (point ferrungem/smok gree 37/38);45,17;12;0;0;0
00975939;7909989711514;chinelo dedo havaianas slim point (point ferrungem/smok gree 39/40);45,17;12;0;0;0
00975941;;chinelo dedo havaianas slim point (point ferrungem/smok gree 41/42);45,17;12;0;0;0
00975943;;chinelo dedo havaianas slim point (point ferrungem/smok gree 43/44);45,17;12;0;0;0
00975945;;chinelo dedo havaianas slim point (point ferrungem/smok gree 45/46);45,17;12;0;0;0
00976033;;chinelo dedo havaianas slim point (point rosa gum/coral trop 33/34);45,17;12;0;0;0
00976035;7909989711392;chinelo dedo havaianas slim point (point rosa gum/coral trop 35/36);45,17;12;0;0;0
00976037;7909989711408;chinelo dedo havaianas slim point (point rosa gum/coral trop 37/38);45,17;12;0;0;0
00976039;7909989711415;chinelo dedo havaianas slim point (point rosa gum/coral trop 39/40);45,17;12;0;0;0
00976041;;chinelo dedo havaianas slim point (point rosa gum/coral trop 41/42);45,17;12;0;0;0
00976043;;chinelo dedo havaianas slim point (point rosa gum/coral trop 43/44);45,17;12;0;0;0
00976045;;chinelo dedo havaianas slim point (point rosa gum/coral trop 45/46);45,17;12;0;0;0
00976135;;chinelo havaianas top surfer 25/6 (surf zul lavanda 35/36);30,36;12;0;0;0
00976137;;chinelo havaianas top surfer 25/6 (surf zul lavanda 37/38);30,36;12;0;0;0
00976139;7909989711590;chinelo havaianas top surfer 25/6 (surf zul lavanda 39/40);30,36;12;0;0;0
00976141;7909989711606;chinelo havaianas top surfer 25/6 (surf zul lavanda 41/42);30,36;12;0;0;0
00976143;7909989711613;chinelo havaianas top surfer 25/6 (surf zul lavanda 43/44);30,36;12;0;0;0
00976145;7909989711620;chinelo havaianas top surfer 25/6 (surf zul lavanda 45/46);30,36;12;0;0;0
00976147;;chinelo havaianas top surfer 25/6 (surf zul lavanda 47/48);30,36;12;0;0;0
00976233;7909989896150;chinelo dedo havaianas slim glitter dois new (slim/glitter canyon clay 33/34);40,51;12;0;0;0
00976235;7909989896167;chinelo dedo havaianas slim glitter dois new (slim/glitter canyon clay 35/36);40,51;12;0;0;0
00976237;7909989896174;chinelo dedo havaianas slim glitter dois new (slim/glitter canyon clay 37/38);40,51;12;0;0;0
00976239;7909989896181;chinelo dedo havaianas slim glitter dois new (slim/glitter canyon clay 39/40);40,51;12;0;0;0
00976241;7909989896198;chinelo dedo havaianas slim glitter dois new (slim/glitter canyon clay 41/42);40,51;12;0;0;0
00976243;;chinelo dedo havaianas slim glitter dois new (slim/glitter canyon clay 43/44);40,51;12;0;0;0
00976245;;chinelo dedo havaianas slim glitter dois new (slim/glitter canyon clay 45/46);40,51;12;0;0;0
00976323;7909989780237;chinelo havaianas k/top marvel ii 25/6 (marv branco/branco/azul 23/24);30,92;12;0;0;0
00976325;7909989780244;chinelo havaianas k/top marvel ii 25/6 (marv branco/branco/azul 25/26);30,92;12;0;0;0
00976327;7909989780251;chinelo havaianas k/top marvel ii 25/6 (marv branco/branco/azul 27/28);30,92;12;0;0;0
00976329;7909989780268;chinelo havaianas k/top marvel ii 25/6 (marv branco/branco/azul 29/30);30,92;12;0;0;0
00976331;7909989780275;chinelo havaianas k/top marvel ii 25/6 (marv branco/branco/azul 31/32);30,92;12;0;0;0
00976333;7909989780282;chinelo havaianas k/top marvel ii 25/6 (marv branco/branco/azul 33/34);30,92;12;0;0;0
00976335;7909989780299;chinelo havaianas k/top marvel ii 25/6 (marv branco/branco/azul 35/36);30,92;12;0;0;0
00976433;;chinelo havaianas top naruto 25/6 (narut novo grafite/cinza 33/34);36,63;12;0;0;0
00976435;7909989807934;chinelo havaianas top naruto 25/6 (narut novo grafite/cinza 35/36);36,63;12;0;0;0
00976437;7909989807941;chinelo havaianas top naruto 25/6 (narut novo grafite/cinza 37/38);36,63;12;0;0;0
00976439;7909989807958;chinelo havaianas top naruto 25/6 (narut novo grafite/cinza 39/40);36,63;12;0;0;0
00976441;7909989807965;chinelo havaianas top naruto 25/6 (narut novo grafite/cinza 41/42);36,63;12;0;0;0
00976443;7909989807972;chinelo havaianas top naruto 25/6 (narut novo grafite/cinza 43/44);36,63;12;0;0;0
00976445;;chinelo havaianas top naruto 25/6 (narut novo grafite/cinza 45/46);36,63;12;0;0;0
00976813;7808620715358;tenis rn mimo flex 003.505 (004 rosa 13);21,41;12;0;0;0
00976814;7808620715525;tenis rn mimo flex 003.505 (004 rosa 14);21,41;12;0;0;0
00976815;7808620715594;tenis rn mimo flex 003.505 (004 rosa 15);21,41;12;0;0;0
00976816;7808620715662;tenis rn mimo flex 003.505 (004 rosa 16);21,41;12;0;0;0
00976817;7808620715730;tenis rn mimo flex 003.505 (004 rosa 17);21,41;12;0;0;0
00976818;7808620715907;tenis rn mimo flex 003.505 (004 rosa 18);21,41;12;0;0;0
00976913;7808620725562;tenis rn mimo flex 003.505 (008 marfim 13);21,41;12;0;0;0
00976914;7808620725630;tenis rn mimo flex 003.505 (008 marfim 14);21,41;12;0;0;0
00976915;7808620725807;tenis rn mimo flex 003.505 (008 marfim 15);21,41;12;0;0;0
00976916;7808620725876;tenis rn mimo flex 003.505 (008 marfim 16);21,41;12;0;0;0
00976917;7808620725944;tenis rn mimo flex 003.505 (008 marfim 17);21,41;12;0;0;0
00976918;7808620726118;tenis rn mimo flex 003.505 (008 marfim 18);21,41;12;0;0;0
00977113;7794488298761;tenis rn mimo flex 003.513 (0051 preto/pink 13);21,41;12;0;0;0
00977114;7794488298938;tenis rn mimo flex 003.513 (0051 preto/pink 14);21,41;12;0;0;0
00977115;7794488299003;tenis rn mimo flex 003.513 (0051 preto/pink 15);21,41;12;0;0;0
00977116;7794488299072;tenis rn mimo flex 003.513 (0051 preto/pink 16);21,41;12;0;0;0
00977117;7794488299140;tenis rn mimo flex 003.513 (0051 preto/pink 17);21,41;12;0;0;0
00977118;7794488299386;tenis rn mimo flex 003.513 (0051 preto/pink 18);21,41;12;0;0;0
00977420;7793404534877;tenis kids mimo flex 006.019 (039 preto/grafite 20);28,29;12;0;0;0
00977421;7793404534945;tenis kids mimo flex 006.019 (039 preto/grafite 21);28,29;12;0;0;0
00977422;7793404535010;tenis kids mimo flex 006.019 (039 preto/grafite 22);28,29;12;0;0;0
00977423;7793404535188;tenis kids mimo flex 006.019 (039 preto/grafite 23);28,29;12;0;0;0
00977424;7793404535256;tenis kids mimo flex 006.019 (039 preto/grafite 24);28,29;12;0;0;0
00977425;7793404535324;tenis kids mimo flex 006.019 (039 preto/grafite 25);28,29;12;0;0;0
00977426;7793404535393;tenis kids mimo flex 006.019 (039 preto/grafite 26);28,29;12;0;0;0
00977520;7793403964576;tenis kids mimo flex 006.019 (045 marinho/cinza 20);28,29;12;0;0;0
00977521;7793403964644;tenis kids mimo flex 006.019 (045 marinho/cinza 21);28,29;12;0;0;0
00977522;7793403964712;tenis kids mimo flex 006.019 (045 marinho/cinza 22);28,29;12;0;0;0
00977523;7793403973851;tenis kids mimo flex 006.019 (045 marinho/cinza 23);28,29;12;0;0;0
00977524;7793403973929;tenis kids mimo flex 006.019 (045 marinho/cinza 24);28,29;12;0;0;0
00977525;7793403973998;tenis kids mimo flex 006.019 (045 marinho/cinza 25);28,29;12;0;0;0
00977526;7793403974162;tenis kids mimo flex 006.019 (045 marinho/cinza 26);28,29;12;0;0;0
00977820;7793404745686;sapatenis kids casual mimo flex 010.012 (017 marfim/caramelo 20);30,87;12;0;0;0
00977821;7793404745754;sapatenis kids casual mimo flex 010.012 (017 marfim/caramelo 21);30,87;12;0;0;0
00977822;7793404754794;sapatenis kids casual mimo flex 010.012 (017 marfim/caramelo 22);30,87;12;0;0;0
00977823;7793404754961;sapatenis kids casual mimo flex 010.012 (017 marfim/caramelo 23);30,87;12;0;0;0
00977824;7793404755036;sapatenis kids casual mimo flex 010.012 (017 marfim/caramelo 24);30,87;12;0;0;0
00977825;7793404755104;sapatenis kids casual mimo flex 010.012 (017 marfim/caramelo 25);30,87;12;0;0;0
00977826;7793404755272;sapatenis kids casual mimo flex 010.012 (017 marfim/caramelo 26);30,87;12;0;0;0
00977920;7793403864104;sapatenis kids casual mimo flex 010.012 (040 marinho/grafite 20);30,87;12;0;0;0
00977921;7793403864272;sapatenis kids casual mimo flex 010.012 (040 marinho/grafite 21);30,87;12;0;0;0
00977922;7793403864340;sapatenis kids casual mimo flex 010.012 (040 marinho/grafite 22);30,87;12;0;0;0
00977923;7793403864418;sapatenis kids casual mimo flex 010.012 (040 marinho/grafite 23);30,87;12;0;0;0
00977924;7793403864586;sapatenis kids casual mimo flex 010.012 (040 marinho/grafite 24);30,87;12;0;0;0
00977925;7793403864654;sapatenis kids casual mimo flex 010.012 (040 marinho/grafite 25);30,87;12;0;0;0
00977926;7793403864722;sapatenis kids casual mimo flex 010.012 (040 marinho/grafite 26);30,87;12;0;0;0
00978020;7793404795568;sapatenis kids casual mimo flex 010.013 (054 preto/branco 20);30,87;12;0;0;0
00978021;7793404795636;sapatenis kids casual mimo flex 010.013 (054 preto/branco 21);30,87;12;0;0;0
00978022;7793404795704;sapatenis kids casual mimo flex 010.013 (054 preto/branco 22);30,87;12;0;0;0
00978023;7793404804840;sapatenis kids casual mimo flex 010.013 (054 preto/branco 23);30,87;12;0;0;0
00978024;7793404804918;sapatenis kids casual mimo flex 010.013 (054 preto/branco 24);30,87;12;0;0;0
00978025;7793404805083;sapatenis kids casual mimo flex 010.013 (054 preto/branco 25);30,87;12;0;0;0
00978026;7793404805151;sapatenis kids casual mimo flex 010.013 (054 preto/branco 26);30,87;12;0;0;0
00978120;7793404805298;sapatenis kids casual mimo flex 010.013 (055 caramelo/branco 20);30,87;12;0;0;0
00978121;7793404805465;sapatenis kids casual mimo flex 010.013 (055 caramelo/branco 21);30,87;12;0;0;0
00978122;7793404805533;sapatenis kids casual mimo flex 010.013 (055 caramelo/branco 22);30,87;12;0;0;0
00978123;7793404805601;sapatenis kids casual mimo flex 010.013 (055 caramelo/branco 23);30,87;12;0;0;0
00978124;7793404805779;sapatenis kids casual mimo flex 010.013 (055 caramelo/branco 24);30,87;12;0;0;0
00978125;7793404814801;sapatenis kids casual mimo flex 010.013 (055 caramelo/branco 25);30,87;12;0;0;0
00978126;7793404814979;sapatenis kids casual mimo flex 010.013 (055 caramelo/branco 26);30,87;12;0;0;0
00978417;;chinelo ipanema 25431 baby (bj435 azul escuro 17/18);13,11;12;0;0;0
00978419;;chinelo ipanema 25431 baby (bj435 azul escuro 19);13,11;12;0;0;0
00978420;7900204185189;chinelo ipanema 25431 baby (bj435 azul escuro 20/21);13,11;12;0;0;0
00978422;7900204185172;chinelo ipanema 25431 baby (bj435 azul escuro 22);13,11;12;0;0;0
00978423;7900204185165;chinelo ipanema 25431 baby (bj435 azul escuro 23/24);13,11;12;0;0;0
00978425;;chinelo ipanema 25431 baby (bj435 azul escuro 25);13,11;12;0;0;0
00978537;7909806393671;chinelo rider 11573 street ad (ae963 preto/cinza 37/38);16,95;12;0;0;0
00978539;7909806393688;chinelo rider 11573 street ad (ae963 preto/cinza 39/40);16,95;12;0;0;0
00978541;7909806393695;chinelo rider 11573 street ad (ae963 preto/cinza 41/42);16,95;12;0;0;0
00978543;7909806393701;chinelo rider 11573 street ad (ae963 preto/cinza 43/44);16,95;12;0;0;0
00978837;7900204307123;chinelo slide rider 12491 feel ad (bl084 preto/preto 37/38);21,04;12;0;0;0
00978839;7900204307130;chinelo slide rider 12491 feel ad (bl084 preto/preto 39);21,04;12;0;0;0
00978840;7900204307147;chinelo slide rider 12491 feel ad (bl084 preto/preto 40);21,04;12;0;0;0
00978841;7900204307154;chinelo slide rider 12491 feel ad (bl084 preto/preto 41);21,04;12;0;0;0
00978842;7900204307161;chinelo slide rider 12491 feel ad (bl084 preto/preto 42);21,04;12;0;0;0
00978843;7900204307178;chinelo slide rider 12491 feel ad (bl084 preto/preto 43/44);21,04;12;0;0;0
00978845;;chinelo slide rider 12491 feel ad (bl084 preto/preto 45);21,04;12;0;0;0
00978937;7900204441292;chinelo cartago 12516 aspen (bn920 bege/marrom/azul 37/38);29,69;12;0;0;0
00978939;7900204441308;chinelo cartago 12516 aspen (bn920 bege/marrom/azul 39);29,69;12;0;0;0
00978940;7900204441315;chinelo cartago 12516 aspen (bn920 bege/marrom/azul 40);29,69;12;0;0;0
00978941;7900204441322;chinelo cartago 12516 aspen (bn920 bege/marrom/azul 41);29,69;12;0;0;0
00978942;7900204441339;chinelo cartago 12516 aspen (bn920 bege/marrom/azul 42);29,69;12;0;0;0
00978943;7900204441346;chinelo cartago 12516 aspen (bn920 bege/marrom/azul 43/44);29,69;12;0;0;0
00978945;;chinelo cartago 12516 aspen (bn920 bege/marrom/azul 45);29,69;12;0;0;0
00979037;7900204441353;chinelo cartago 12516 aspen (bn921 marrom/marrom 37/38);29,69;12;0;0;0
00979039;7900204441360;chinelo cartago 12516 aspen (bn921 marrom/marrom 39);29,69;12;0;0;0
00979040;7900204441377;chinelo cartago 12516 aspen (bn921 marrom/marrom 40);29,69;12;0;0;0
00979041;7900204441384;chinelo cartago 12516 aspen (bn921 marrom/marrom 41);29,69;12;0;0;0
00979042;7900204441391;chinelo cartago 12516 aspen (bn921 marrom/marrom 42);29,69;12;0;0;0
00979043;7900204441407;chinelo cartago 12516 aspen (bn921 marrom/marrom 43/44);29,69;12;0;0;0
00979045;;chinelo cartago 12516 aspen (bn921 marrom/marrom 45);29,69;12;0;0;0
00979137;7909937777081;chinelo dedo cartago 12432 atlanta ii (ay832 marrom/bege 37/38);19,79;12;0;0;0
00979139;7909937777098;chinelo dedo cartago 12432 atlanta ii (ay832 marrom/bege 39);19,79;12;0;0;0
00979140;7909937777104;chinelo dedo cartago 12432 atlanta ii (ay832 marrom/bege 40);19,79;12;0;0;0
00979141;7909937777111;chinelo dedo cartago 12432 atlanta ii (ay832 marrom/bege 41);19,79;12;0;0;0
00979142;7909937777128;chinelo dedo cartago 12432 atlanta ii (ay832 marrom/bege 42);19,79;12;0;0;0
00979143;7909937777135;chinelo dedo cartago 12432 atlanta ii (ay832 marrom/bege 43/44);19,79;12;0;0;0
00979335;;chinelo dedo olympikus 54102318 caraiva (choco/castor 35/36);68,90;12;0;0;0
00979337;7894756682916;chinelo dedo olympikus 54102318 caraiva (choco/castor 37/38);68,90;12;0;0;0
00979339;7894756597142;chinelo dedo olympikus 54102318 caraiva (choco/castor 39/40);68,90;12;0;0;0
00979341;7894756597197;chinelo dedo olympikus 54102318 caraiva (choco/castor 41/42);68,90;12;0;0;0
00979343;7894756597234;chinelo dedo olympikus 54102318 caraiva (choco/castor 43/44);68,90;12;0;0;0
00979617;;chinelo dedo ipanema 27311 baby shark (bp219 azul/azul 17/18);14,68;12;0;0;0
00979619;;chinelo dedo ipanema 27311 baby shark (bp219 azul/azul 19);14,68;12;0;0;0
00979620;7900204475488;chinelo dedo ipanema 27311 baby shark (bp219 azul/azul 20/21);14,68;12;0;0;0
00979622;7900204475471;chinelo dedo ipanema 27311 baby shark (bp219 azul/azul 22);14,68;12;0;0;0
00979623;7900204475464;chinelo dedo ipanema 27311 baby shark (bp219 azul/azul 23/24);14,68;12;0;0;0
00979625;;chinelo dedo ipanema 27311 baby shark (bp219 azul/azul 25);14,68;12;0;0;0
00979737;7900204569736;chinelo dedo cartago 12525 fiji vi (bq134 marrom escuro/bege 37/38);51,38;12;0;0;0
00979739;7900204569743;chinelo dedo cartago 12525 fiji vi (bq134 marrom escuro/bege 39);51,38;12;0;0;0
00979740;7900204569750;chinelo dedo cartago 12525 fiji vi (bq134 marrom escuro/bege 40);51,38;12;0;0;0
00979741;7900204569767;chinelo dedo cartago 12525 fiji vi (bq134 marrom escuro/bege 41);51,38;12;0;0;0
00979742;7900204569774;chinelo dedo cartago 12525 fiji vi (bq134 marrom escuro/bege 42);51,38;12;0;0;0
00979743;7900204569781;chinelo dedo cartago 12525 fiji vi (bq134 marrom escuro/bege 43/44);51,38;12;0;0;0
00979745;7900204569798;chinelo dedo cartago 12525 fiji vi (bq134 marrom escuro/bege 45);51,38;12;0;0;0
00979746;7900204569804;chinelo dedo cartago 12525 fiji vi (bq134 marrom escuro/bege 46/47);51,38;12;0;0;0
00979927;7900245091869;sandalia molekinho 2424.110 rust neo (101021 verde oliva/preto 27);52,69;12;0;0;0
00979928;7900245091876;sandalia molekinho 2424.110 rust neo (101021 verde oliva/preto 28);52,69;12;0;0;0
00979929;7900245091883;sandalia molekinho 2424.110 rust neo (101021 verde oliva/preto 29);52,69;12;0;0;0
00979930;7900245091890;sandalia molekinho 2424.110 rust neo (101021 verde oliva/preto 30);52,69;12;0;0;0
00979931;7900245091906;sandalia molekinho 2424.110 rust neo (101021 verde oliva/preto 31);52,69;12;0;0;0
00979932;7900245091913;sandalia molekinho 2424.110 rust neo (101021 verde oliva/preto 32);52,69;12;0;0;0
00979933;7900245091920;sandalia molekinho 2424.110 rust neo (101021 verde oliva/preto 33);52,69;12;0;0;0
00979934;7900245091937;sandalia molekinho 2424.110 rust neo (101021 verde oliva/preto 34);52,69;12;0;0;0
00979935;7900245091944;sandalia molekinho 2424.110 rust neo (101021 verde oliva/preto 35);52,69;12;0;0;0
00979936;7900245091951;sandalia molekinho 2424.110 rust neo (101021 verde oliva/preto 36);52,69;12;0;0;0
00980227;7900294654534;tenis kids molekinho 2872.101 mesh dave (104626 preto/pret/gelo 27);64,79;12;0;0;0
00980228;7900294654541;tenis kids molekinho 2872.101 mesh dave (104626 preto/pret/gelo 28);64,79;12;0;0;0
00980229;7900294654558;tenis kids molekinho 2872.101 mesh dave (104626 preto/pret/gelo 29);64,79;12;0;0;0
00980230;7900294654565;tenis kids molekinho 2872.101 mesh dave (104626 preto/pret/gelo 30);64,79;12;0;0;0
00980231;7900294654572;tenis kids molekinho 2872.101 mesh dave (104626 preto/pret/gelo 31);64,79;12;0;0;0
00980232;7900294654589;tenis kids molekinho 2872.101 mesh dave (104626 preto/pret/gelo 32);64,79;12;0;0;0
00980233;7900294654596;tenis kids molekinho 2872.101 mesh dave (104626 preto/pret/gelo 33);64,79;12;0;0;0
00980234;7900294654602;tenis kids molekinho 2872.101 mesh dave (104626 preto/pret/gelo 34);64,79;12;0;0;0
00980235;7900294654619;tenis kids molekinho 2872.101 mesh dave (104626 preto/pret/gelo 35);64,79;12;0;0;0
00980236;7900294654626;tenis kids molekinho 2872.101 mesh dave (104626 preto/pret/gelo 36);64,79;12;0;0;0
00980327;7900294677700;tenis kids molekinho 2872.101 mesh dave (40589 marinho/marinho 27);64,37;12;0;0;0
00980328;7900294677717;tenis kids molekinho 2872.101 mesh dave (40589 marinho/marinho 28);64,37;12;0;0;0
00980329;7900294677724;tenis kids molekinho 2872.101 mesh dave (40589 marinho/marinho 29);64,37;12;0;0;0
00980330;7900294677731;tenis kids molekinho 2872.101 mesh dave (40589 marinho/marinho 30);64,37;12;0;0;0
00980331;7900294677748;tenis kids molekinho 2872.101 mesh dave (40589 marinho/marinho 31);64,37;12;0;0;0
00980332;7900294677755;tenis kids molekinho 2872.101 mesh dave (40589 marinho/marinho 32);64,37;12;0;0;0
00980333;7900294677762;tenis kids molekinho 2872.101 mesh dave (40589 marinho/marinho 33);64,37;12;0;0;0
00980334;7900294677779;tenis kids molekinho 2872.101 mesh dave (40589 marinho/marinho 34);64,37;12;0;0;0
00980335;7900294677786;tenis kids molekinho 2872.101 mesh dave (40589 marinho/marinho 35);64,37;12;0;0;0
00980336;7900294677793;tenis kids molekinho 2872.101 mesh dave (40589 marinho/marinho 36);64,37;12;0;0;0
00980427;7900294668128;tenis kids molekinho 2831.240 fl rus ne (15745 preto 27);68,69;12;0;0;0
00980428;7900294668135;tenis kids molekinho 2831.240 fl rus ne (15745 preto 28);68,69;12;0;0;0
00980429;7900294668142;tenis kids molekinho 2831.240 fl rus ne (15745 preto 29);68,69;12;0;0;0
00980430;7900294668159;tenis kids molekinho 2831.240 fl rus ne (15745 preto 30);68,69;12;0;0;0
00980431;7900294668166;tenis kids molekinho 2831.240 fl rus ne (15745 preto 31);68,69;12;0;0;0
00980432;7900294668173;tenis kids molekinho 2831.240 fl rus ne (15745 preto 32);68,69;12;0;0;0
00980433;7900294668180;tenis kids molekinho 2831.240 fl rus ne (15745 preto 33);68,69;12;0;0;0
00980434;7900294668197;tenis kids molekinho 2831.240 fl rus ne (15745 preto 34);68,69;12;0;0;0
00980435;7900294668203;tenis kids molekinho 2831.240 fl rus ne (15745 preto 35);68,69;12;0;0;0
00980436;7900294668210;tenis kids molekinho 2831.240 fl rus ne (15745 preto 36);68,69;12;0;0;0
00980527;7900294478123;tenis kids molekinho 2831.240 fl rus ne (94264 marinho/marinho 27);68,69;12;0;0;0
00980528;7900294478130;tenis kids molekinho 2831.240 fl rus ne (94264 marinho/marinho 28);68,69;12;0;0;0
00980529;7900294478147;tenis kids molekinho 2831.240 fl rus ne (94264 marinho/marinho 29);68,69;12;0;0;0
00980530;7900294477881;tenis kids molekinho 2831.240 fl rus ne (94264 marinho/marinho 30);68,69;12;0;0;0
00980531;7900294478154;tenis kids molekinho 2831.240 fl rus ne (94264 marinho/marinho 31);68,69;12;0;0;0
00980532;7900294478161;tenis kids molekinho 2831.240 fl rus ne (94264 marinho/marinho 32);68,69;12;0;0;0
00980533;7900294478178;tenis kids molekinho 2831.240 fl rus ne (94264 marinho/marinho 33);68,69;12;0;0;0
00980534;7900294478185;tenis kids molekinho 2831.240 fl rus ne (94264 marinho/marinho 34);68,69;12;0;0;0
00980535;7900294478192;tenis kids molekinho 2831.240 fl rus ne (94264 marinho/marinho 35);68,69;12;0;0;0
00980536;7900294478208;tenis kids molekinho 2831.240 fl rus ne (94264 marinho/marinho 36);68,69;12;0;0;0
00980717;;tenis molekinho 2645.201 led rust ne (97360 gelo/cinza 17);78,11;12;0;0;0
00980718;;tenis molekinho 2645.201 led rust ne (97360 gelo/cinza 18);78,11;12;0;0;0
00980719;7900294477386;tenis molekinho 2645.201 led rust ne (97360 gelo/cinza 19);78,11;12;0;0;0
00980720;7900294477393;tenis molekinho 2645.201 led rust ne (97360 gelo/cinza 20);78,11;12;0;0;0
00980721;7900294477409;tenis molekinho 2645.201 led rust ne (97360 gelo/cinza 21);78,11;12;0;0;0
00980722;7900294477416;tenis molekinho 2645.201 led rust ne (97360 gelo/cinza 22);78,11;12;0;0;0
00980723;7900294477423;tenis molekinho 2645.201 led rust ne (97360 gelo/cinza 23);78,11;12;0;0;0
00980724;7900294477430;tenis molekinho 2645.201 led rust ne (97360 gelo/cinza 24);78,11;12;0;0;0
00980725;7900294477447;tenis molekinho 2645.201 led rust ne (97360 gelo/cinza 25);78,11;12;0;0;0
00980726;7900294477454;tenis molekinho 2645.201 led rust ne (97360 gelo/cinza 26);78,11;12;0;0;0
00980817;;tenis molekinho 2645.201 led rust ne (33300 marinho 17);78,11;12;0;0;0
00980818;;tenis molekinho 2645.201 led rust ne (33300 marinho 18);78,11;12;0;0;0
00980819;7900294629440;tenis molekinho 2645.201 led rust ne (33300 marinho 19);78,11;12;0;0;0
00980820;7900294629457;tenis molekinho 2645.201 led rust ne (33300 marinho 20);78,11;12;0;0;0
00980821;7900294629464;tenis molekinho 2645.201 led rust ne (33300 marinho 21);78,11;12;0;0;0
00980822;7900294629471;tenis molekinho 2645.201 led rust ne (33300 marinho 22);78,11;12;0;0;0
00980823;7900294629488;tenis molekinho 2645.201 led rust ne (33300 marinho 23);78,11;12;0;0;0
00980824;7900294629495;tenis molekinho 2645.201 led rust ne (33300 marinho 24);78,11;12;0;0;0
00980825;7900294629501;tenis molekinho 2645.201 led rust ne (33300 marinho 25);78,11;12;0;0;0
00980826;7900294629518;tenis molekinho 2645.201 led rust ne (33300 marinho 26);78,11;12;0;0;0
00980917;;tenis molekinho 2645.200 led rust ne (40589 marinho/marinho 17);64,37;12;0;0;0
00980918;;tenis molekinho 2645.200 led rust ne (40589 marinho/marinho 18);64,37;12;0;0;0
00980919;7900294477300;tenis molekinho 2645.200 led rust ne (40589 marinho/marinho 19);64,37;12;0;0;0
00980920;7900294477317;tenis molekinho 2645.200 led rust ne (40589 marinho/marinho 20);64,37;12;0;0;0
00980921;7900294477324;tenis molekinho 2645.200 led rust ne (40589 marinho/marinho 21);64,37;12;0;0;0
00980922;7900294477331;tenis molekinho 2645.200 led rust ne (40589 marinho/marinho 22);64,37;12;0;0;0
00980923;7900294477348;tenis molekinho 2645.200 led rust ne (40589 marinho/marinho 23);64,37;12;0;0;0
00980924;7900294477355;tenis molekinho 2645.200 led rust ne (40589 marinho/marinho 24);64,37;12;0;0;0
00980925;7900294477362;tenis molekinho 2645.200 led rust ne (40589 marinho/marinho 25);64,37;12;0;0;0
00980926;7900294477379;tenis molekinho 2645.200 led rust ne (40589 marinho/marinho 26);64,37;12;0;0;0
00981017;;tenis molekinho 2641.105 rustico neo (72736 caramelo 17);68,69;12;0;0;0
00981018;;tenis molekinho 2641.105 rustico neo (72736 caramelo 18);68,69;12;0;0;0
00981019;7900294367502;tenis molekinho 2641.105 rustico neo (72736 caramelo 19);68,69;12;0;0;0
00981020;7900294367519;tenis molekinho 2641.105 rustico neo (72736 caramelo 20);68,69;12;0;0;0
00981021;7900294367526;tenis molekinho 2641.105 rustico neo (72736 caramelo 21);68,69;12;0;0;0
00981022;7900294367533;tenis molekinho 2641.105 rustico neo (72736 caramelo 22);68,69;12;0;0;0
00981023;7900294367540;tenis molekinho 2641.105 rustico neo (72736 caramelo 23);68,69;12;0;0;0
00981024;7900294367557;tenis molekinho 2641.105 rustico neo (72736 caramelo 24);68,69;12;0;0;0
00981025;7900294367564;tenis molekinho 2641.105 rustico neo (72736 caramelo 25);68,69;12;0;0;0
00981026;7900294367571;tenis molekinho 2641.105 rustico neo (72736 caramelo 26);68,69;12;0;0;0
00981117;;tenis molekinho 2641.105 rustico neo (10396 branco off/denim 17);69,13;12;0;0;0
00981118;;tenis molekinho 2641.105 rustico neo (10396 branco off/denim 18);69,13;12;0;0;0
00981119;7900294236501;tenis molekinho 2641.105 rustico neo (10396 branco off/denim 19);69,13;12;0;0;0
00981120;7900294236518;tenis molekinho 2641.105 rustico neo (10396 branco off/denim 20);69,13;12;0;0;0
00981121;7900294236525;tenis molekinho 2641.105 rustico neo (10396 branco off/denim 21);69,13;12;0;0;0
00981122;7900294236532;tenis molekinho 2641.105 rustico neo (10396 branco off/denim 22);69,13;12;0;0;0
00981123;7900294236549;tenis molekinho 2641.105 rustico neo (10396 branco off/denim 23);69,13;12;0;0;0
00981124;7900294236556;tenis molekinho 2641.105 rustico neo (10396 branco off/denim 24);69,13;12;0;0;0
00981125;7900294236563;tenis molekinho 2641.105 rustico neo (10396 branco off/denim 25);69,13;12;0;0;0
00981126;7900294236570;tenis molekinho 2641.105 rustico neo (10396 branco off/denim 26);69,13;12;0;0;0
00981217;;sandalia papete molekinha 2733.112 napa turim (15745 preto 17);51,02;12;0;0;0
00981218;;sandalia papete molekinha 2733.112 napa turim (15745 preto 18);51,02;12;0;0;0
00981219;7900294383847;sandalia papete molekinha 2733.112 napa turim (15745 preto 19);51,02;12;0;0;0
00981220;7900294383854;sandalia papete molekinha 2733.112 napa turim (15745 preto 20);51,02;12;0;0;0
00981221;7900294383861;sandalia papete molekinha 2733.112 napa turim (15745 preto 21);51,02;12;0;0;0
00981222;7900294383878;sandalia papete molekinha 2733.112 napa turim (15745 preto 22);51,02;12;0;0;0
00981223;7900294383885;sandalia papete molekinha 2733.112 napa turim (15745 preto 23);51,02;12;0;0;0
00981224;7900294383892;sandalia papete molekinha 2733.112 napa turim (15745 preto 24);51,02;12;0;0;0
00981225;7900294383908;sandalia papete molekinha 2733.112 napa turim (15745 preto 25);51,02;12;0;0;0
00981226;;sandalia papete molekinha 2733.112 napa turim (15745 preto 26);51,02;12;0;0;0
00981417;;sandalia papete molekinha 2733.103 tira milao (98249 rosa/cristal/perola 17);44,74;12;0;0;0
00981418;;sandalia papete molekinha 2733.103 tira milao (98249 rosa/cristal/perola 18);44,74;12;0;0;0
00981419;7900123797166;sandalia papete molekinha 2733.103 tira milao (98249 rosa/cristal/perola 19);44,74;12;0;0;0
00981420;7900123797173;sandalia papete molekinha 2733.103 tira milao (98249 rosa/cristal/perola 20);44,74;12;0;0;0
00981421;7900123797180;sandalia papete molekinha 2733.103 tira milao (98249 rosa/cristal/perola 21);44,74;12;0;0;0
00981422;7900123797197;sandalia papete molekinha 2733.103 tira milao (98249 rosa/cristal/perola 22);44,74;12;0;0;0
00981423;7900123797203;sandalia papete molekinha 2733.103 tira milao (98249 rosa/cristal/perola 23);44,74;12;0;0;0
00981424;7900123797210;sandalia papete molekinha 2733.103 tira milao (98249 rosa/cristal/perola 24);44,74;12;0;0;0
00981425;7900123797227;sandalia papete molekinha 2733.103 tira milao (98249 rosa/cristal/perola 25);44,74;12;0;0;0
00981426;;sandalia papete molekinha 2733.103 tira milao (98249 rosa/cristal/perola 26);44,74;12;0;0;0
00981617;;sandalia papete molekinha 2724.123 napa turim (95834 rosa/cristal 17);41,80;12;0;0;0
00981618;;sandalia papete molekinha 2724.123 napa turim (95834 rosa/cristal 18);41,80;12;0;0;0
00981619;7900294162787;sandalia papete molekinha 2724.123 napa turim (95834 rosa/cristal 19);41,80;12;0;0;0
00981620;7900294162794;sandalia papete molekinha 2724.123 napa turim (95834 rosa/cristal 20);41,80;12;0;0;0
00981621;7900294162800;sandalia papete molekinha 2724.123 napa turim (95834 rosa/cristal 21);41,80;12;0;0;0
00981622;7900294162817;sandalia papete molekinha 2724.123 napa turim (95834 rosa/cristal 22);41,80;12;0;0;0
00981623;7900294162824;sandalia papete molekinha 2724.123 napa turim (95834 rosa/cristal 23);41,80;12;0;0;0
00981624;7900294162831;sandalia papete molekinha 2724.123 napa turim (95834 rosa/cristal 24);41,80;12;0;0;0
00981625;7900294162848;sandalia papete molekinha 2724.123 napa turim (95834 rosa/cristal 25);41,80;12;0;0;0
00981626;;sandalia papete molekinha 2724.123 napa turim (95834 rosa/cristal 26);41,80;12;0;0;0
00981717;;sandalia papete baby molekinha 2741.202 led metali (17165 branco/dourado 17);60,24;12;0;0;0
00981718;;sandalia papete baby molekinha 2741.202 led metali (17165 branco/dourado 18);60,24;12;0;0;0
00981719;7900294470295;sandalia papete baby molekinha 2741.202 led metali (17165 branco/dourado 19);60,24;12;0;0;0
00981720;7900294436734;sandalia papete baby molekinha 2741.202 led metali (17165 branco/dourado 20);60,24;12;0;0;0
00981721;7900294470301;sandalia papete baby molekinha 2741.202 led metali (17165 branco/dourado 21);60,24;12;0;0;0
00981722;7900294470318;sandalia papete baby molekinha 2741.202 led metali (17165 branco/dourado 22);60,24;12;0;0;0
00981723;7900294470325;sandalia papete baby molekinha 2741.202 led metali (17165 branco/dourado 23);60,24;12;0;0;0
00981724;7900294470332;sandalia papete baby molekinha 2741.202 led metali (17165 branco/dourado 24);60,24;12;0;0;0
00981725;7900294470349;sandalia papete baby molekinha 2741.202 led metali (17165 branco/dourado 25);60,24;12;0;0;0
00981726;;sandalia papete baby molekinha 2741.202 led metali (17165 branco/dourado 26);60,24;12;0;0;0
00981817;;sandalia papete baby molekinha 2741.202 led np tur (78276 rosa 17);55,53;12;0;0;0
00981818;;sandalia papete baby molekinha 2741.202 led np tur (78276 rosa 18);55,53;12;0;0;0
00981819;7900294628160;sandalia papete baby molekinha 2741.202 led np tur (78276 rosa 19);55,53;12;0;0;0
00981820;7900294628177;sandalia papete baby molekinha 2741.202 led np tur (78276 rosa 20);55,53;12;0;0;0
00981821;7900294628184;sandalia papete baby molekinha 2741.202 led np tur (78276 rosa 21);55,53;12;0;0;0
00981822;7900294628191;sandalia papete baby molekinha 2741.202 led np tur (78276 rosa 22);55,53;12;0;0;0
00981823;7900294628207;sandalia papete baby molekinha 2741.202 led np tur (78276 rosa 23);55,53;12;0;0;0
00981824;7900294628214;sandalia papete baby molekinha 2741.202 led np tur (78276 rosa 24);55,53;12;0;0;0
00981825;7900294628221;sandalia papete baby molekinha 2741.202 led np tur (78276 rosa 25);55,53;12;0;0;0
00981826;;sandalia papete baby molekinha 2741.202 led np tur (78276 rosa 26);55,53;12;0;0;0
00982826;7900294469350;tenis molekinha 2588.104 napa turim (104923 branco/rosa/azul s 26);72,23;12;0;0;0
00982827;7900294469367;tenis molekinha 2588.104 napa turim (104923 branco/rosa/azul s 27);72,23;12;0;0;0
00982828;7900294469374;tenis molekinha 2588.104 napa turim (104923 branco/rosa/azul s 28);72,23;12;0;0;0
00982829;7900294469381;tenis molekinha 2588.104 napa turim (104923 branco/rosa/azul s 29);72,23;12;0;0;0
00982830;7900294469398;tenis molekinha 2588.104 napa turim (104923 branco/rosa/azul s 30);72,23;12;0;0;0
00982831;7900294469404;tenis molekinha 2588.104 napa turim (104923 branco/rosa/azul s 31);72,23;12;0;0;0
00982832;7900294469411;tenis molekinha 2588.104 napa turim (104923 branco/rosa/azul s 32);72,23;12;0;0;0
00982833;7900294469428;tenis molekinha 2588.104 napa turim (104923 branco/rosa/azul s 33);72,23;12;0;0;0
00982834;7900294469435;tenis molekinha 2588.104 napa turim (104923 branco/rosa/azul s 34);72,23;12;0;0;0
00982835;7900294469442;tenis molekinha 2588.104 napa turim (104923 branco/rosa/azul s 35);72,23;12;0;0;0
00982836;7900294469459;tenis molekinha 2588.104 napa turim (104923 branco/rosa/azul s 36);72,23;12;0;0;0
00983026;7900294467196;tenis kids casual molekinha 2582.107 met premium (17165 branco/dourado 26);57,60;12;0;0;0
00983027;7900294467202;tenis kids casual molekinha 2582.107 met premium (17165 branco/dourado 27);57,60;12;0;0;0
00983028;7900294391842;tenis kids casual molekinha 2582.107 met premium (17165 branco/dourado 28);57,60;12;0;0;0
00983029;7900294467219;tenis kids casual molekinha 2582.107 met premium (17165 branco/dourado 29);57,60;12;0;0;0
00983030;7900294467226;tenis kids casual molekinha 2582.107 met premium (17165 branco/dourado 30);57,60;12;0;0;0
00983031;7900294467233;tenis kids casual molekinha 2582.107 met premium (17165 branco/dourado 31);57,60;12;0;0;0
00983032;7900294467240;tenis kids casual molekinha 2582.107 met premium (17165 branco/dourado 32);57,60;12;0;0;0
00983033;7900294467257;tenis kids casual molekinha 2582.107 met premium (17165 branco/dourado 33);57,60;12;0;0;0
00983034;7900294467264;tenis kids casual molekinha 2582.107 met premium (17165 branco/dourado 34);57,60;12;0;0;0
00983035;7900294467271;tenis kids casual molekinha 2582.107 met premium (17165 branco/dourado 35);57,60;12;0;0;0
00983036;7900294467288;tenis kids casual molekinha 2582.107 met premium (17165 branco/dourado 36);57,60;12;0;0;0
00983126;;tenis kids casual molekinha 2575.114 napa turim (21007 branco/preto 26);68,69;12;0;0;0
00983127;7900294458262;tenis kids casual molekinha 2575.114 napa turim (21007 branco/preto 27);68,69;12;0;0;0
00983128;7900294458279;tenis kids casual molekinha 2575.114 napa turim (21007 branco/preto 28);68,69;12;0;0;0
00983129;7900294458286;tenis kids casual molekinha 2575.114 napa turim (21007 branco/preto 29);68,69;12;0;0;0
00983130;7900294458293;tenis kids casual molekinha 2575.114 napa turim (21007 branco/preto 30);68,69;12;0;0;0
00983131;7900294458309;tenis kids casual molekinha 2575.114 napa turim (21007 branco/preto 31);68,69;12;0;0;0
00983132;7900294458316;tenis kids casual molekinha 2575.114 napa turim (21007 branco/preto 32);68,69;12;0;0;0
00983133;7900294458323;tenis kids casual molekinha 2575.114 napa turim (21007 branco/preto 33);68,69;12;0;0;0
00983134;7900294458330;tenis kids casual molekinha 2575.114 napa turim (21007 branco/preto 34);68,69;12;0;0;0
00983135;;tenis kids casual molekinha 2575.114 napa turim (21007 branco/preto 35);68,69;12;0;0;0
00983136;;tenis kids casual molekinha 2575.114 napa turim (21007 branco/preto 36);68,69;12;0;0;0
00983226;7900294283352;tenis kids casual molekinha 2575.114 napa turim (52987 branco off/nude 26);68,69;12;0;0;0
00983227;7900294283369;tenis kids casual molekinha 2575.114 napa turim (52987 branco off/nude 27);68,69;12;0;0;0
00983228;7900294283376;tenis kids casual molekinha 2575.114 napa turim (52987 branco off/nude 28);68,69;12;0;0;0
00983229;7900294283383;tenis kids casual molekinha 2575.114 napa turim (52987 branco off/nude 29);68,69;12;0;0;0
00983230;7900294283390;tenis kids casual molekinha 2575.114 napa turim (52987 branco off/nude 30);68,69;12;0;0;0
00983231;7900294283406;tenis kids casual molekinha 2575.114 napa turim (52987 branco off/nude 31);68,69;12;0;0;0
00983232;7900294283413;tenis kids casual molekinha 2575.114 napa turim (52987 branco off/nude 32);68,69;12;0;0;0
00983233;7900294283420;tenis kids casual molekinha 2575.114 napa turim (52987 branco off/nude 33);68,69;12;0;0;0
00983234;7900294283437;tenis kids casual molekinha 2575.114 napa turim (52987 branco off/nude 34);68,69;12;0;0;0
00983235;7900294283444;tenis kids casual molekinha 2575.114 napa turim (52987 branco off/nude 35);68,69;12;0;0;0
00983236;7900294283451;tenis kids casual molekinha 2575.114 napa turim (52987 branco off/nude 36);68,69;12;0;0;0
00983435;;chinelo dedo havaianas top basic 25/6 (t/basic branco/bra/azul 35/36);26,65;12;0;0;0
00983437;7909989677681;chinelo dedo havaianas top basic 25/6 (t/basic branco/bra/azul 37/38);26,65;12;0;0;0
00983439;7909989677698;chinelo dedo havaianas top basic 25/6 (t/basic branco/bra/azul 39/40);26,65;12;0;0;0
00983441;7909989677704;chinelo dedo havaianas top basic 25/6 (t/basic branco/bra/azul 41/42);26,65;12;0;0;0
00983443;7909989677711;chinelo dedo havaianas top basic 25/6 (t/basic branco/bra/azul 43/44);26,65;12;0;0;0
00983445;7909989677728;chinelo dedo havaianas top basic 25/6 (t/basic branco/bra/azul 45/46);26,65;12;0;0;0
00983447;;chinelo dedo havaianas top basic 25/6 (t/basic branco/bra/azul 47/48);26,65;12;0;0;0
00983535;;chinelo dedo havaianas top basic 25/6 (t/basic preto/preto/preto 35/36);26,65;12;0;0;0
00983537;7909989677636;chinelo dedo havaianas top basic 25/6 (t/basic preto/preto/preto 37/38);26,65;12;0;0;0
00983539;7909989677643;chinelo dedo havaianas top basic 25/6 (t/basic preto/preto/preto 39/40);26,65;12;0;0;0
00983541;7909989677650;chinelo dedo havaianas top basic 25/6 (t/basic preto/preto/preto 41/42);26,65;12;0;0;0
00983543;7909989677667;chinelo dedo havaianas top basic 25/6 (t/basic preto/preto/preto 43/44);26,65;12;0;0;0
00983545;7909989677674;chinelo dedo havaianas top basic 25/6 (t/basic preto/preto/preto 45/46);26,65;12;0;0;0
00983547;;chinelo dedo havaianas top basic 25/6 (t/basic preto/preto/preto 47/48);26,65;12;0;0;0
00983617;7909989834923;chinelo dedo havaianas baby disney classics (azul/azul 17/18);23,99;12;0;0;0
00983619;7909989834930;chinelo dedo havaianas baby disney classics (azul/azul 19);23,99;12;0;0;0
00983620;7909989834947;chinelo dedo havaianas baby disney classics (azul/azul 20);23,99;12;0;0;0
00983621;7909989834954;chinelo dedo havaianas baby disney classics (azul/azul 21);23,99;12;0;0;0
00983622;7909989834961;chinelo dedo havaianas baby disney classics (azul/azul 22);23,99;12;0;0;0
00983623;;chinelo dedo havaianas baby disney classics (azul/azul 23/24);23,99;12;0;0;0
00983625;;chinelo dedo havaianas baby disney classics (azul/azul 25/26);23,99;12;0;0;0
00983717;7909989834978;chinelo dedo havaianas baby disney classics (b. buttercream 17/18);23,99;12;0;0;0
00983719;7909989834985;chinelo dedo havaianas baby disney classics (b. buttercream 19);23,99;12;0;0;0
00983720;7909989834992;chinelo dedo havaianas baby disney classics (b. buttercream 20);23,99;12;0;0;0
00983721;7909989835005;chinelo dedo havaianas baby disney classics (b. buttercream 21);23,99;12;0;0;0
00983722;7909989835012;chinelo dedo havaianas baby disney classics (b. buttercream 22);23,99;12;0;0;0
00983723;;chinelo dedo havaianas baby disney classics (b. buttercream 23/24);23,99;12;0;0;0
00983725;;chinelo dedo havaianas baby disney classics (b. buttercream 25/26);23,99;12;0;0;0
00983833;7909989676950;chinelo dedo havaianas top logomania2 25/6 (logo azul brilhante 33/34);29,99;12;0;0;0
00983835;7909989676967;chinelo dedo havaianas top logomania2 25/6 (logo azul brilhante 35/36);29,99;12;0;0;0
00983837;7909989676974;chinelo dedo havaianas top logomania2 25/6 (logo azul brilhante 37/38);29,99;12;0;0;0
00983839;7909989676981;chinelo dedo havaianas top logomania2 25/6 (logo azul brilhante 39/40);29,99;12;0;0;0
00983841;7909989676998;chinelo dedo havaianas top logomania2 25/6 (logo azul brilhante 41/42);29,99;12;0;0;0
00983843;7909989677001;chinelo dedo havaianas top logomania2 25/6 (logo azul brilhante 43/44);29,99;12;0;0;0
00983845;7909989677018;chinelo dedo havaianas top logomania2 25/6 (logo azul brilhante 45/46);29,99;12;0;0;0
00983847;;chinelo dedo havaianas top logomania2 25/6 (logo azul brilhante 47/48);29,99;12;0;0;0
00983933;;chinelo dedo havaianas slim square liso (squ cafe 33/34);29,47;12;0;0;0
00983935;7909989649831;chinelo dedo havaianas slim square liso (squ cafe 35/36);29,47;12;0;0;0
00983937;7909989649848;chinelo dedo havaianas slim square liso (squ cafe 37/38);29,47;12;0;0;0
00983939;7909989649855;chinelo dedo havaianas slim square liso (squ cafe 39/40);29,47;12;0;0;0
00983941;7909989649862;chinelo dedo havaianas slim square liso (squ cafe 41/42);29,47;12;0;0;0
00983943;;chinelo dedo havaianas slim square liso (squ cafe 43/44);29,47;12;0;0;0
00983945;;chinelo dedo havaianas slim square liso (squ cafe 45/46);29,47;12;0;0;0
00984033;7909989788318;chinelo dedo havaianas t/disn classics 25/6 (t.disn branco/vermelho 33/34);39,32;12;0;0;0
00984035;7909989788325;chinelo dedo havaianas t/disn classics 25/6 (t.disn branco/vermelho 35/36);39,32;12;0;0;0
00984037;7909989788332;chinelo dedo havaianas t/disn classics 25/6 (t.disn branco/vermelho 37/38);39,32;12;0;0;0
00984039;7909989788349;chinelo dedo havaianas t/disn classics 25/6 (t.disn branco/vermelho 39/40);39,32;12;0;0;0
00984041;7909989788356;chinelo dedo havaianas t/disn classics 25/6 (t.disn branco/vermelho 41/42);39,32;12;0;0;0
00984043;;chinelo dedo havaianas t/disn classics 25/6 (t.disn branco/vermelho 43/44);39,32;12;0;0;0
00984045;;chinelo dedo havaianas t/disn classics 25/6 (t.disn branco/vermelho 45/46);39,32;12;0;0;0
00984133;7909989761755;chinelo dedo havaianas fantasia style ii (fant rosa ballet 33/34);15,99;12;0;0;0
00984135;7909989761762;chinelo dedo havaianas fantasia style ii (fant rosa ballet 35/36);15,99;12;0;0;0
00984137;7909989761779;chinelo dedo havaianas fantasia style ii (fant rosa ballet 37/38);15,99;12;0;0;0
00984139;7909989761786;chinelo dedo havaianas fantasia style ii (fant rosa ballet 39/40);15,99;12;0;0;0
00984141;7909989761793;chinelo dedo havaianas fantasia style ii (fant rosa ballet 41/42);15,99;12;0;0;0
00984143;;chinelo dedo havaianas fantasia style ii (fant rosa ballet 43/44);15,99;12;0;0;0
00984145;;chinelo dedo havaianas fantasia style ii (fant rosa ballet 45/46);15,99;12;0;0;0
00984233;7909989761809;chinelo dedo havaianas fantasia style ii (fant bege palha 33/34);15,99;12;0;0;0
00984235;7909989761816;chinelo dedo havaianas fantasia style ii (fant bege palha 35/36);15,99;12;0;0;0
00984237;7909989761823;chinelo dedo havaianas fantasia style ii (fant bege palha 37/38);15,99;12;0;0;0
00984239;7909989761830;chinelo dedo havaianas fantasia style ii (fant bege palha 39/40);15,99;12;0;0;0
00984241;7909989761847;chinelo dedo havaianas fantasia style ii (fant bege palha 41/42);15,99;12;0;0;0
00984243;;chinelo dedo havaianas fantasia style ii (fant bege palha 43/44);15,99;12;0;0;0
00984245;;chinelo dedo havaianas fantasia style ii (fant bege palha 45/46);15,99;12;0;0;0
00984337;7900204239134;chinelo cartago 11859 alabama 1 (bi911 marrom/marrom 37/38);29,53;12;0;0;0
00984339;;chinelo cartago 11859 alabama 1 (bi911 marrom/marrom 39);29,53;12;0;0;0
00984340;7900204239158;chinelo cartago 11859 alabama 1 (bi911 marrom/marrom 40);29,53;12;0;0;0
00984341;7900204239165;chinelo cartago 11859 alabama 1 (bi911 marrom/marrom 41);29,53;12;0;0;0
00984342;7900204239172;chinelo cartago 11859 alabama 1 (bi911 marrom/marrom 42);29,53;12;0;0;0
00984343;7900204239189;chinelo cartago 11859 alabama 1 (bi911 marrom/marrom 43/44);29,53;12;0;0;0
00984345;7900204239141;chinelo cartago 11859 alabama 1 (bi911 marrom/marrom 45);29,53;12;0;0;0
00984526;7900294367182;tenis molekinha 2584.105 napa turim (99202 rosa 26);68,69;12;0;0;0
00984527;7900294367199;tenis molekinha 2584.105 napa turim (99202 rosa 27);68,69;12;0;0;0
00984528;7900294367205;tenis molekinha 2584.105 napa turim (99202 rosa 28);68,69;12;0;0;0
00984529;7900294367212;tenis molekinha 2584.105 napa turim (99202 rosa 29);68,69;12;0;0;0
00984530;7900294367229;tenis molekinha 2584.105 napa turim (99202 rosa 30);68,69;12;0;0;0
00984531;7900294367236;tenis molekinha 2584.105 napa turim (99202 rosa 31);68,69;12;0;0;0
00984532;7900294367243;tenis molekinha 2584.105 napa turim (99202 rosa 32);68,69;12;0;0;0
00984533;7900294367250;tenis molekinha 2584.105 napa turim (99202 rosa 33);68,69;12;0;0;0
00984534;7900294367267;tenis molekinha 2584.105 napa turim (99202 rosa 34);68,69;12;0;0;0
00984535;7900294367274;tenis molekinha 2584.105 napa turim (99202 rosa 35);68,69;12;0;0;0
00984536;7900294367281;tenis molekinha 2584.105 napa turim (99202 rosa 36);68,69;12;0;0;0
00984626;7900294262647;tenis molekinha 2584.105 napa turim (98954 branco/rosa 26);68,69;12;0;0;0
00984627;7900294262654;tenis molekinha 2584.105 napa turim (98954 branco/rosa 27);68,69;12;0;0;0
00984628;7900294217203;tenis molekinha 2584.105 napa turim (98954 branco/rosa 28);68,69;12;0;0;0
00984629;7900294262661;tenis molekinha 2584.105 napa turim (98954 branco/rosa 29);68,69;12;0;0;0
00984630;7900294262678;tenis molekinha 2584.105 napa turim (98954 branco/rosa 30);68,69;12;0;0;0
00984631;7900294262685;tenis molekinha 2584.105 napa turim (98954 branco/rosa 31);68,69;12;0;0;0
00984632;7900294262692;tenis molekinha 2584.105 napa turim (98954 branco/rosa 32);68,69;12;0;0;0
00984633;7900294262708;tenis molekinha 2584.105 napa turim (98954 branco/rosa 33);68,69;12;0;0;0
00984634;7900294262715;tenis molekinha 2584.105 napa turim (98954 branco/rosa 34);68,69;12;0;0;0
00984635;;tenis molekinha 2584.105 napa turim (98954 branco/rosa 35);68,69;12;0;0;0
00984636;;tenis molekinha 2584.105 napa turim (98954 branco/rosa 36);68,69;12;0;0;0
00984817;;tenis led molekinha 2742.201 mumbai/np t (84095 rosa/prata/rosa 17);59,86;12;0;0;0
00984818;;tenis led molekinha 2742.201 mumbai/np t (84095 rosa/prata/rosa 18);59,86;12;0;0;0
00984819;7900294469961;tenis led molekinha 2742.201 mumbai/np t (84095 rosa/prata/rosa 19);59,86;12;0;0;0
00984820;7900294469978;tenis led molekinha 2742.201 mumbai/np t (84095 rosa/prata/rosa 20);59,86;12;0;0;0
00984821;7900294469985;tenis led molekinha 2742.201 mumbai/np t (84095 rosa/prata/rosa 21);59,86;12;0;0;0
00984822;7900294469992;tenis led molekinha 2742.201 mumbai/np t (84095 rosa/prata/rosa 22);59,86;12;0;0;0
00984823;7900294470004;tenis led molekinha 2742.201 mumbai/np t (84095 rosa/prata/rosa 23);59,86;12;0;0;0
00984824;7900294470011;tenis led molekinha 2742.201 mumbai/np t (84095 rosa/prata/rosa 24);59,86;12;0;0;0
00984825;7900294470028;tenis led molekinha 2742.201 mumbai/np t (84095 rosa/prata/rosa 25);59,86;12;0;0;0
00984826;;tenis led molekinha 2742.201 mumbai/np t (84095 rosa/prata/rosa 26);59,86;12;0;0;0
00984917;;tenis molekinha 2738.100 lycra perol (15745 preto 17);55,53;12;0;0;0
00984918;;tenis molekinha 2738.100 lycra perol (15745 preto 18);55,53;12;0;0;0
00984919;7900245479605;tenis molekinha 2738.100 lycra perol (15745 preto 19);55,53;12;0;0;0
00984920;7900245464816;tenis molekinha 2738.100 lycra perol (15745 preto 20);55,53;12;0;0;0
00984921;7900245479612;tenis molekinha 2738.100 lycra perol (15745 preto 21);55,53;12;0;0;0
00984922;7900245479629;tenis molekinha 2738.100 lycra perol (15745 preto 22);55,53;12;0;0;0
00984923;7900245479636;tenis molekinha 2738.100 lycra perol (15745 preto 23);55,53;12;0;0;0
00984924;7900245479643;tenis molekinha 2738.100 lycra perol (15745 preto 24);55,53;12;0;0;0
00984925;7900245479650;tenis molekinha 2738.100 lycra perol (15745 preto 25);55,53;12;0;0;0
00984926;;tenis molekinha 2738.100 lycra perol (15745 preto 26);55,53;12;0;0;0
00985017;;tenis molekinha 2738.103 toquio (78276 rosa 17);64,37;12;0;0;0
00985018;;tenis molekinha 2738.103 toquio (78276 rosa 18);64,37;12;0;0;0
00985019;7900245479858;tenis molekinha 2738.103 toquio (78276 rosa 19);64,37;12;0;0;0
00985020;7900245464830;tenis molekinha 2738.103 toquio (78276 rosa 20);64,37;12;0;0;0
00985021;7900245479865;tenis molekinha 2738.103 toquio (78276 rosa 21);64,37;12;0;0;0
00985022;7900245479872;tenis molekinha 2738.103 toquio (78276 rosa 22);64,37;12;0;0;0
00985023;7900245479889;tenis molekinha 2738.103 toquio (78276 rosa 23);64,37;12;0;0;0
00985024;7900245479896;tenis molekinha 2738.103 toquio (78276 rosa 24);64,37;12;0;0;0
00985025;7900245479902;tenis molekinha 2738.103 toquio (78276 rosa 25);64,37;12;0;0;0
00985026;;tenis molekinha 2738.103 toquio (78276 rosa 26);64,37;12;0;0;0
00985117;;tenis casual molekinha 2740.203 napa turim (15745 preto 17);51,02;12;0;0;0
00985118;;tenis casual molekinha 2740.203 napa turim (15745 preto 18);51,02;12;0;0;0
00985119;7900294402739;tenis casual molekinha 2740.203 napa turim (15745 preto 19);51,02;12;0;0;0
00985120;7900294402746;tenis casual molekinha 2740.203 napa turim (15745 preto 20);51,02;12;0;0;0
00985121;7900294402753;tenis casual molekinha 2740.203 napa turim (15745 preto 21);51,02;12;0;0;0
00985122;7900294402760;tenis casual molekinha 2740.203 napa turim (15745 preto 22);51,02;12;0;0;0
00985123;7900294402777;tenis casual molekinha 2740.203 napa turim (15745 preto 23);51,02;12;0;0;0
00985124;7900294402784;tenis casual molekinha 2740.203 napa turim (15745 preto 24);51,02;12;0;0;0
00985125;7900294402791;tenis casual molekinha 2740.203 napa turim (15745 preto 25);51,02;12;0;0;0
00985126;;tenis casual molekinha 2740.203 napa turim (15745 preto 26);51,02;12;0;0;0
00985217;;sapatilha baby molekinha 2106.1065 met premiu (0066 dourado 17);40,23;12;0;0;0
00985218;;sapatilha baby molekinha 2106.1065 met premiu (0066 dourado 18);40,23;12;0;0;0
00985219;7900245449448;sapatilha baby molekinha 2106.1065 met premiu (0066 dourado 19);40,23;12;0;0;0
00985220;7900245445181;sapatilha baby molekinha 2106.1065 met premiu (0066 dourado 20);40,23;12;0;0;0
00985221;7900245449455;sapatilha baby molekinha 2106.1065 met premiu (0066 dourado 21);40,23;12;0;0;0
00985222;7900245449462;sapatilha baby molekinha 2106.1065 met premiu (0066 dourado 22);40,23;12;0;0;0
00985223;7900245449479;sapatilha baby molekinha 2106.1065 met premiu (0066 dourado 23);40,23;12;0;0;0
00985224;7900245449486;sapatilha baby molekinha 2106.1065 met premiu (0066 dourado 24);40,23;12;0;0;0
00985225;7900245449493;sapatilha baby molekinha 2106.1065 met premiu (0066 dourado 25);40,23;12;0;0;0
00985226;;sapatilha baby molekinha 2106.1065 met premiu (0066 dourado 26);40,23;12;0;0;0
00985320;7900294530470;sapatilha baby molekinha 2106.1073 verniz pre (15745 preto 20);41,80;12;0;0;0
00985321;7900294530487;sapatilha baby molekinha 2106.1073 verniz pre (15745 preto 21);41,80;12;0;0;0
00985322;7900294530494;sapatilha baby molekinha 2106.1073 verniz pre (15745 preto 22);41,80;12;0;0;0
00985323;7900294530500;sapatilha baby molekinha 2106.1073 verniz pre (15745 preto 23);41,80;12;0;0;0
00985324;7900294530517;sapatilha baby molekinha 2106.1073 verniz pre (15745 preto 24);41,80;12;0;0;0
00985325;7900294530524;sapatilha baby molekinha 2106.1073 verniz pre (15745 preto 25);41,80;12;0;0;0
00985326;;sapatilha baby molekinha 2106.1073 verniz pre (15745 preto 26);41,80;12;0;0;0
00985433;;tamanco slide modare 7142.101 elastico (102465 avela/camel 33);46,94;12;0;0;0
00985434;7900294360190;tamanco slide modare 7142.101 elastico (102465 avela/camel 34);46,94;12;0;0;0
00985435;7900294360206;tamanco slide modare 7142.101 elastico (102465 avela/camel 35);46,94;12;0;0;0
00985436;7900294360213;tamanco slide modare 7142.101 elastico (102465 avela/camel 36);46,94;12;0;0;0
00985437;7900294360237;tamanco slide modare 7142.101 elastico (102465 avela/camel 37);46,94;12;0;0;0
00985438;7900294360251;tamanco slide modare 7142.101 elastico (102465 avela/camel 38);46,94;12;0;0;0
00985439;7900294360268;tamanco slide modare 7142.101 elastico (102465 avela/camel 39);46,94;12;0;0;0
00985440;7900294360275;tamanco slide modare 7142.101 elastico (102465 avela/camel 40);46,94;12;0;0;0
00985633;;tamanco modare 7142.106 np/sen flex (15745 preto 33);45,99;12;0;0;0
00985634;7900294727238;tamanco modare 7142.106 np/sen flex (15745 preto 34);45,99;12;0;0;0
00985635;7900294727245;tamanco modare 7142.106 np/sen flex (15745 preto 35);45,99;12;0;0;0
00985636;7900294727252;tamanco modare 7142.106 np/sen flex (15745 preto 36);45,99;12;0;0;0
00985637;7900294727276;tamanco modare 7142.106 np/sen flex (15745 preto 37);45,99;12;0;0;0
00985638;7900294727290;tamanco modare 7142.106 np/sen flex (15745 preto 38);45,99;12;0;0;0
00985639;7900294727306;tamanco modare 7142.106 np/sen flex (15745 preto 39);45,99;12;0;0;0
00985640;7900294727313;tamanco modare 7142.106 np/sen flex (15745 preto 40);45,99;12;0;0;0
00985833;;chinelo dedo havaianas slim tropical 25/6 (trop azul/azul 33/34);36,63;12;0;0;0
00985835;7909989608890;chinelo dedo havaianas slim tropical 25/6 (trop azul/azul 35/36);36,63;12;0;0;0
00985837;7909989608906;chinelo dedo havaianas slim tropical 25/6 (trop azul/azul 37/38);36,63;12;0;0;0
00985839;7909989608913;chinelo dedo havaianas slim tropical 25/6 (trop azul/azul 39/40);36,63;12;0;0;0
00985841;;chinelo dedo havaianas slim tropical 25/6 (trop azul/azul 41/42);36,63;12;0;0;0
00985843;;chinelo dedo havaianas slim tropical 25/6 (trop azul/azul 43/44);36,63;12;0;0;0
00985845;;chinelo dedo havaianas slim tropical 25/6 (trop azul/azul 45/46);36,63;12;0;0;0
00985923;7909989775424;chinelo dedo havaianas kids athletic 25/6 (ath azul/azul 23/24);18,97;12;0;0;0
00985925;7909989775431;chinelo dedo havaianas kids athletic 25/6 (ath azul/azul 25/26);18,97;12;0;0;0
00985927;7909989775448;chinelo dedo havaianas kids athletic 25/6 (ath azul/azul 27/28);18,97;12;0;0;0
00985929;7909989775455;chinelo dedo havaianas kids athletic 25/6 (ath azul/azul 29/30);18,97;12;0;0;0
00985931;7909989775462;chinelo dedo havaianas kids athletic 25/6 (ath azul/azul 31/32);18,97;12;0;0;0
00985933;7909989775479;chinelo dedo havaianas kids athletic 25/6 (ath azul/azul 33/34);18,97;12;0;0;0
00985935;7909989775486;chinelo dedo havaianas kids athletic 25/6 (ath azul/azul 35/36);18,97;12;0;0;0
00986023;7909989831045;chinelo kids slim havaianas princess 25/6 (pinc bege palha/bege 23/24);28,99;12;0;0;0
00986025;7909989831052;chinelo kids slim havaianas princess 25/6 (pinc bege palha/bege 25/26);28,99;12;0;0;0
00986027;7909989831069;chinelo kids slim havaianas princess 25/6 (pinc bege palha/bege 27/28);28,99;12;0;0;0
00986029;7909989831076;chinelo kids slim havaianas princess 25/6 (pinc bege palha/bege 29/30);28,99;12;0;0;0
00986031;7909989831083;chinelo kids slim havaianas princess 25/6 (pinc bege palha/bege 31/32);28,99;12;0;0;0
00986033;;chinelo kids slim havaianas princess 25/6 (pinc bege palha/bege 33/34);28,99;12;0;0;0
00986035;;chinelo kids slim havaianas princess 25/6 (pinc bege palha/bege 35/36);28,99;12;0;0;0
00986133;7909989895955;chinelo slim havaianas palette glow 25/6 (palet blossom 33/34);38,16;12;0;0;0
00986135;7909989895962;chinelo slim havaianas palette glow 25/6 (palet blossom 35/36);38,16;12;0;0;0
00986137;7909989895979;chinelo slim havaianas palette glow 25/6 (palet blossom 37/38);38,16;12;0;0;0
00986139;7909989895986;chinelo slim havaianas palette glow 25/6 (palet blossom 39/40);38,16;12;0;0;0
00986141;;chinelo slim havaianas palette glow 25/6 (palet blossom 41/42);38,16;12;0;0;0
00986143;;chinelo slim havaianas palette glow 25/6 (palet blossom 43/44);38,16;12;0;0;0
00986145;;chinelo slim havaianas palette glow 25/6 (palet blossom 45/46);38,16;12;0;0;0
00986233;;chinelo slide olympikus melbourne 2 (preto/preto melb 2 33/34);79,50;12;0;0;0
00986235;7894756431682;chinelo slide olympikus melbourne 2 (preto/preto melb 2 35/36);79,50;12;0;0;0
00986237;7894756431736;chinelo slide olympikus melbourne 2 (preto/preto melb 2 37/38);79,50;12;0;0;0
00986239;7894756431903;chinelo slide olympikus melbourne 2 (preto/preto melb 2 39/40);79,50;12;0;0;0
00986241;7894756431910;chinelo slide olympikus melbourne 2 (preto/preto melb 2 41/42);79,50;12;0;0;0
00986243;7894929033132;chinelo slide olympikus melbourne 2 (preto/preto melb 2 43/44);79,50;12;0;0;0
00986428;7900204615983;sandalia papete zaxy 19218 lucky (bs807 nude claro/medio 28);41,97;12;0;0;0
00986429;7900204615990;sandalia papete zaxy 19218 lucky (bs807 nude claro/medio 29);41,97;12;0;0;0
00986430;7900204616003;sandalia papete zaxy 19218 lucky (bs807 nude claro/medio 30);41,97;12;0;0;0
00986431;7900204616010;sandalia papete zaxy 19218 lucky (bs807 nude claro/medio 31);41,97;12;0;0;0
00986432;7900204616027;sandalia papete zaxy 19218 lucky (bs807 nude claro/medio 32);41,97;12;0;0;0
00986433;;sandalia papete zaxy 19218 lucky (bs807 nude claro/medio 33/34);41,97;12;0;0;0
00986435;;sandalia papete zaxy 19218 lucky (bs807 nude claro/medio 35);41,97;12;0;0;0
00986436;;sandalia papete zaxy 19218 lucky (bs807 nude claro/medio 36);41,97;12;0;0;0
00986528;7900204616034;sandalia papete zaxy 19218 lucky (bs808 dalia/rosa sorv 28);41,97;12;0;0;0
00986529;7900204616041;sandalia papete zaxy 19218 lucky (bs808 dalia/rosa sorv 29);41,97;12;0;0;0
00986530;7900204616058;sandalia papete zaxy 19218 lucky (bs808 dalia/rosa sorv 30);41,97;12;0;0;0
00986531;7900204616065;sandalia papete zaxy 19218 lucky (bs808 dalia/rosa sorv 31);41,97;12;0;0;0
00986532;7900204616072;sandalia papete zaxy 19218 lucky (bs808 dalia/rosa sorv 32);41,97;12;0;0;0
00986533;;sandalia papete zaxy 19218 lucky (bs808 dalia/rosa sorv 33/34);41,97;12;0;0;0
00986535;;sandalia papete zaxy 19218 lucky (bs808 dalia/rosa sorv 35);41,97;12;0;0;0
00986536;;sandalia papete zaxy 19218 lucky (bs808 dalia/rosa sorv 36);41,97;12;0;0;0
00986923;7909989831113;chinelo kids slim havaianas princess 25/6 (princ rosa/rosa 23/24);28,99;12;0;0;0
00986925;7909989831120;chinelo kids slim havaianas princess 25/6 (princ rosa/rosa 25/26);28,99;12;0;0;0
00986927;7909989831137;chinelo kids slim havaianas princess 25/6 (princ rosa/rosa 27/28);28,99;12;0;0;0
00986929;7909989831144;chinelo kids slim havaianas princess 25/6 (princ rosa/rosa 29/30);28,99;12;0;0;0
00986931;7909989831151;chinelo kids slim havaianas princess 25/6 (princ rosa/rosa 31/32);28,99;12;0;0;0
00986933;;chinelo kids slim havaianas princess 25/6 (princ rosa/rosa 33/34);28,99;12;0;0;0
00986935;;chinelo kids slim havaianas princess 25/6 (princ rosa/rosa 35/36);28,99;12;0;0;0
00987023;7909989775493;chinelo dedo havaianas kids athletic 25/6 (athl cinza aco 23/24);18,97;12;0;0;0
00987025;7909989775509;chinelo dedo havaianas kids athletic 25/6 (athl cinza aco 25/26);18,97;12;0;0;0
00987027;7909989775516;chinelo dedo havaianas kids athletic 25/6 (athl cinza aco 27/28);18,97;12;0;0;0
00987029;7909989775523;chinelo dedo havaianas kids athletic 25/6 (athl cinza aco 29/30);18,97;12;0;0;0
00987031;7909989775530;chinelo dedo havaianas kids athletic 25/6 (athl cinza aco 31/32);18,97;12;0;0;0
00987033;7909989775547;chinelo dedo havaianas kids athletic 25/6 (athl cinza aco 33/34);18,97;12;0;0;0
00987035;7909989775554;chinelo dedo havaianas kids athletic 25/6 (athl cinza aco 35/36);18,97;12;0;0;0
00987133;;chinelo slim havaianas elegance print 25/6 (rose gold 33/34);20,51;12;0;0;0
00987135;;chinelo slim havaianas elegance print 25/6 (rose gold 35/36);20,51;12;0;0;0
00987137;7909989793954;chinelo slim havaianas elegance print 25/6 (rose gold 37/38);20,51;12;0;0;0
00987139;7909989793961;chinelo slim havaianas elegance print 25/6 (rose gold 39/40);20,51;12;0;0;0
00987141;;chinelo slim havaianas elegance print 25/6 (rose gold 41/42);20,51;12;0;0;0
00987233;;tenis casual modare 7405.103 flovene (105032 branco off/manteig 33);116,93;12;0;0;0
00987234;7900294515019;tenis casual modare 7405.103 flovene (105032 branco off/manteig 34);116,93;12;0;0;0
00987235;7900294515026;tenis casual modare 7405.103 flovene (105032 branco off/manteig 35);116,93;12;0;0;0
00987236;7900294515033;tenis casual modare 7405.103 flovene (105032 branco off/manteig 36);116,93;12;0;0;0
00987237;7900294515057;tenis casual modare 7405.103 flovene (105032 branco off/manteig 37);116,93;12;0;0;0
00987238;7900294515071;tenis casual modare 7405.103 flovene (105032 branco off/manteig 38);116,93;12;0;0;0
00987239;7900294515088;tenis casual modare 7405.103 flovene (105032 branco off/manteig 39);116,93;12;0;0;0
00987240;7900294515095;tenis casual modare 7405.103 flovene (105032 branco off/manteig 40);116,93;12;0;0;0
00987337;;tenis actvitta 4931.103 loc oregon (4931.103 preto/preto/pret 37);82,49;12;0;0;0
00987338;7900245795071;tenis actvitta 4931.103 loc oregon (4931.103 preto/preto/pret 38);82,49;12;0;0;0
00987339;7900245795088;tenis actvitta 4931.103 loc oregon (4931.103 preto/preto/pret 39);82,49;12;0;0;0
00987340;7900245795095;tenis actvitta 4931.103 loc oregon (4931.103 preto/preto/pret 40);82,49;12;0;0;0
00987341;7900245795101;tenis actvitta 4931.103 loc oregon (4931.103 preto/preto/pret 41);82,49;12;0;0;0
00987342;7900245795118;tenis actvitta 4931.103 loc oregon (4931.103 preto/preto/pret 42);82,49;12;0;0;0
00987343;7900245795125;tenis actvitta 4931.103 loc oregon (4931.103 preto/preto/pret 43);82,49;12;0;0;0
00987344;7900245795132;tenis actvitta 4931.103 loc oregon (4931.103 preto/preto/pret 44);82,49;12;0;0;0
00987345;;tenis actvitta 4931.103 loc oregon (4931.103 preto/preto/pret 45);82,49;12;0;0;0
00987734;7900294606373;tenis actvitta 4853.100 australia (preto/prata 34);69,37;12;0;0;0
00987735;7900294606380;tenis actvitta 4853.100 australia (preto/prata 35);69,37;12;0;0;0
00987736;7900294606397;tenis actvitta 4853.100 australia (preto/prata 36);69,37;12;0;0;0
00987737;7900294606410;tenis actvitta 4853.100 australia (preto/prata 37);69,37;12;0;0;0
00987738;7900294606434;tenis actvitta 4853.100 australia (preto/prata 38);69,37;12;0;0;0
00987739;7900294606441;tenis actvitta 4853.100 australia (preto/prata 39);69,37;12;0;0;0
00987740;7900294606458;tenis actvitta 4853.100 australia (preto/prata 40);69,37;12;0;0;0
00987834;7900294514449;tenis actvitta 4853.100 australia (cobalto rosa 34);69,37;12;0;0;0
00987835;7900294514401;tenis actvitta 4853.100 australia (cobalto rosa 35);69,37;12;0;0;0
00987836;7900294514456;tenis actvitta 4853.100 australia (cobalto rosa 36);69,37;12;0;0;0
00987837;7900294514470;tenis actvitta 4853.100 australia (cobalto rosa 37);69,37;12;0;0;0
00987838;7900294514494;tenis actvitta 4853.100 australia (cobalto rosa 38);69,37;12;0;0;0
00987839;7900294514500;tenis actvitta 4853.100 australia (cobalto rosa 39);69,37;12;0;0;0
00987840;7900294514517;tenis actvitta 4853.100 australia (cobalto rosa 40);69,37;12;0;0;0
00987935;7900294510953;tamanco slide modare 7215.102 suprema (verde salvia 35);79,31;12;0;0;0
00987936;7900294510960;tamanco slide modare 7215.102 suprema (verde salvia 36);79,31;12;0;0;0
00987937;7900294510984;tamanco slide modare 7215.102 suprema (verde salvia 37);79,31;12;0;0;0
00987938;7900294511004;tamanco slide modare 7215.102 suprema (verde salvia 38);79,31;12;0;0;0
00987939;7900294511011;tamanco slide modare 7215.102 suprema (verde salvia 39);79,31;12;0;0;0
00987940;7900294511028;tamanco slide modare 7215.102 suprema (verde salvia 40);79,31;12;0;0;0
00988035;7900294559174;tamanco slide modare 7215.102 suprema (preto 01 35);79,31;12;0;0;0
00988036;7900294559181;tamanco slide modare 7215.102 suprema (preto 01 36);79,31;12;0;0;0
00988037;7900294559204;tamanco slide modare 7215.102 suprema (preto 01 37);79,31;12;0;0;0
00988038;7900294559228;tamanco slide modare 7215.102 suprema (preto 01 38);79,31;12;0;0;0
00988039;7900294559235;tamanco slide modare 7215.102 suprema (preto 01 39);79,31;12;0;0;0
00988040;7900294559242;tamanco slide modare 7215.102 suprema (preto 01 40);79,31;12;0;0;0
00988133;;tamanco modare 7215.101 venezia (preto 01/ camel 1165 33);69,37;12;0;0;0
00988134;7900294553431;tamanco modare 7215.101 venezia (preto 01/ camel 1165 34);69,37;12;0;0;0
00988135;7900294553448;tamanco modare 7215.101 venezia (preto 01/ camel 1165 35);69,37;12;0;0;0
00988136;7900294553455;tamanco modare 7215.101 venezia (preto 01/ camel 1165 36);69,37;12;0;0;0
00988137;7900294553479;tamanco modare 7215.101 venezia (preto 01/ camel 1165 37);69,37;12;0;0;0
00988138;7900294553493;tamanco modare 7215.101 venezia (preto 01/ camel 1165 38);69,37;12;0;0;0
00988139;7900294553509;tamanco modare 7215.101 venezia (preto 01/ camel 1165 39);69,37;12;0;0;0
00988140;7900294553516;tamanco modare 7215.101 venezia (preto 01/ camel 1165 40);69,37;12;0;0;0
00988141;;tamanco modare 7215.101 venezia (preto 01/ camel 1165 41);69,37;12;0;0;0
00988142;;tamanco modare 7215.101 venezia (preto 01/ camel 1165 42);69,37;12;0;0;0
00988233;;tamanco modare 7215.101 venezia (camel 1165 33);69,37;12;0;0;0
00988234;7900294604560;tamanco modare 7215.101 venezia (camel 1165 34);69,37;12;0;0;0
00988235;7900294604577;tamanco modare 7215.101 venezia (camel 1165 35);69,37;12;0;0;0
00988236;7900294604584;tamanco modare 7215.101 venezia (camel 1165 36);69,37;12;0;0;0
00988237;7900294604607;tamanco modare 7215.101 venezia (camel 1165 37);69,37;12;0;0;0
00988238;7900294604621;tamanco modare 7215.101 venezia (camel 1165 38);69,37;12;0;0;0
00988239;7900294604638;tamanco modare 7215.101 venezia (camel 1165 39);69,37;12;0;0;0
00988240;7900294604645;tamanco modare 7215.101 venezia (camel 1165 40);69,37;12;0;0;0
00988241;;tamanco modare 7215.101 venezia (camel 1165 41);69,37;12;0;0;0
00988242;;tamanco modare 7215.101 venezia (camel 1165 42);69,37;12;0;0;0
00988337;7900204503976;chinelo dedo cartago 12308 malaga sport (bo974 bege/amarelo/preto 37/38);41,97;12;0;0;0
00988339;7900204503969;chinelo dedo cartago 12308 malaga sport (bo974 bege/amarelo/preto 39);41,97;12;0;0;0
00988340;7900204503952;chinelo dedo cartago 12308 malaga sport (bo974 bege/amarelo/preto 40);41,97;12;0;0;0
00988341;7900204503945;chinelo dedo cartago 12308 malaga sport (bo974 bege/amarelo/preto 41);41,97;12;0;0;0
00988342;7900204503938;chinelo dedo cartago 12308 malaga sport (bo974 bege/amarelo/preto 42);41,97;12;0;0;0
00988343;7900204503921;chinelo dedo cartago 12308 malaga sport (bo974 bege/amarelo/preto 43/44);41,97;12;0;0;0
00988345;7900204503914;chinelo dedo cartago 12308 malaga sport (bo974 bege/amarelo/preto 45);41,97;12;0;0;0
00988437;7900204346634;sandalia cartago 12477 malaga sport (bl997 cinza/preto/bordo 37/38);52,46;12;0;0;0
00988439;7900204346627;sandalia cartago 12477 malaga sport (bl997 cinza/preto/bordo 39);52,46;12;0;0;0
00988440;7900204346610;sandalia cartago 12477 malaga sport (bl997 cinza/preto/bordo 40);52,46;12;0;0;0
00988441;7900204346603;sandalia cartago 12477 malaga sport (bl997 cinza/preto/bordo 41);52,46;12;0;0;0
00988442;7900204346597;sandalia cartago 12477 malaga sport (bl997 cinza/preto/bordo 42);52,46;12;0;0;0
00988443;7900204346580;sandalia cartago 12477 malaga sport (bl997 cinza/preto/bordo 43/44);52,46;12;0;0;0
00988445;7900204346573;sandalia cartago 12477 malaga sport (bl997 cinza/preto/bordo 45);52,46;12;0;0;0
00988633;;chinelo slim havaianas summer bliss (buttercream 33/34);30,36;12;0;0;0
00988635;7909989651186;chinelo slim havaianas summer bliss (buttercream 35/36);30,36;12;0;0;0
00988637;7909989651193;chinelo slim havaianas summer bliss (buttercream 37/38);30,36;12;0;0;0
00988639;7909989651209;chinelo slim havaianas summer bliss (buttercream 39/40);30,36;12;0;0;0
00988641;;chinelo slim havaianas summer bliss (buttercream 41/42);30,36;12;0;0;0
00988817;7900204645379;chinelo dedo ipanema 27323 disney joy (br266 azul/azul 17/18);18,36;12;0;0;0
00988819;7900204645362;chinelo dedo ipanema 27323 disney joy (br266 azul/azul 19);18,36;12;0;0;0
00988820;7900204645355;chinelo dedo ipanema 27323 disney joy (br266 azul/azul 20/21);18,36;12;0;0;0
00988822;7900204645348;chinelo dedo ipanema 27323 disney joy (br266 azul/azul 22);18,36;12;0;0;0
00988823;7900204645331;chinelo dedo ipanema 27323 disney joy (br266 azul/azul 23/24);18,36;12;0;0;0
00988825;;chinelo dedo ipanema 27323 disney joy (br266 azul/azul 25);18,36;12;0;0;0
00988917;7900204645225;chinelo dedo ipanema 27323 disney joy (br269 azul/azul tranp 17/18);18,36;12;0;0;0
00988919;7900204645218;chinelo dedo ipanema 27323 disney joy (br269 azul/azul tranp 19);18,36;12;0;0;0
00988920;7900204645201;chinelo dedo ipanema 27323 disney joy (br269 azul/azul tranp 20/21);18,36;12;0;0;0
00988922;7900204645195;chinelo dedo ipanema 27323 disney joy (br269 azul/azul tranp 22);18,36;12;0;0;0
00988923;7900204645188;chinelo dedo ipanema 27323 disney joy (br269 azul/azul tranp 23/24);18,36;12;0;0;0
00988925;;chinelo dedo ipanema 27323 disney joy (br269 azul/azul tranp 25);18,36;12;0;0;0
00989023;7900204598347;chinelo dedo ipanema 27412 sonic lets (bq772 azul/azul 23/24);15,41;12;0;0;0
00989025;7900204598354;chinelo dedo ipanema 27412 sonic lets (bq772 azul/azul 25/26);15,41;12;0;0;0
00989027;7900204598361;chinelo dedo ipanema 27412 sonic lets (bq772 azul/azul 27/28);15,41;12;0;0;0
00989029;7900204598378;chinelo dedo ipanema 27412 sonic lets (bq772 azul/azul 29/30);15,41;12;0;0;0
00989031;7900204598385;chinelo dedo ipanema 27412 sonic lets (bq772 azul/azul 31/32);15,41;12;0;0;0
00989033;7900204598392;chinelo dedo ipanema 27412 sonic lets (bq772 azul/azul 33/34);15,41;12;0;0;0
00989035;;chinelo dedo ipanema 27412 sonic lets (bq772 azul/azul 35);15,41;12;0;0;0
00989036;;chinelo dedo ipanema 27412 sonic lets (bq772 azul/azul 36);15,41;12;0;0;0
00989337;7900204585200;chinelo slide rider 12529 r soft plus (br934 preto/preto/cinza 37/38);70,15;12;0;0;0
00989339;7900204585217;chinelo slide rider 12529 r soft plus (br934 preto/preto/cinza 39);70,15;12;0;0;0
00989340;7900204585224;chinelo slide rider 12529 r soft plus (br934 preto/preto/cinza 40);70,15;12;0;0;0
00989341;7900204585231;chinelo slide rider 12529 r soft plus (br934 preto/preto/cinza 41);70,15;12;0;0;0
00989342;7900204585248;chinelo slide rider 12529 r soft plus (br934 preto/preto/cinza 42);70,15;12;0;0;0
00989343;7900204585255;chinelo slide rider 12529 r soft plus (br934 preto/preto/cinza 43/44);70,15;12;0;0;0
00989345;7900204585262;chinelo slide rider 12529 r soft plus (br934 preto/preto/cinza 45);70,15;12;0;0;0
00989437;7900204585279;chinelo slide rider 12529 r soft plus (br935 branco/branco/preto 37/38);70,15;12;0;0;0
00989439;7900204585286;chinelo slide rider 12529 r soft plus (br935 branco/branco/preto 39);70,15;12;0;0;0
00989440;7900204585293;chinelo slide rider 12529 r soft plus (br935 branco/branco/preto 40);70,15;12;0;0;0
00989441;7900204585309;chinelo slide rider 12529 r soft plus (br935 branco/branco/preto 41);70,15;12;0;0;0
00989442;7900204585316;chinelo slide rider 12529 r soft plus (br935 branco/branco/preto 42);70,15;12;0;0;0
00989443;7900204585323;chinelo slide rider 12529 r soft plus (br935 branco/branco/preto 43/44);70,15;12;0;0;0
00989445;7900204585330;chinelo slide rider 12529 r soft plus (br935 branco/branco/preto 45);70,15;12;0;0;0
00989537;7900204569347;sandalia cartago 12537 santorini (br798 marrom/marrom/bronz 37/38);78,68;12;0;0;0
00989539;7900204569354;sandalia cartago 12537 santorini (br798 marrom/marrom/bronz 39);78,68;12;0;0;0
00989540;7900204569361;sandalia cartago 12537 santorini (br798 marrom/marrom/bronz 40);78,68;12;0;0;0
00989541;7900204569378;sandalia cartago 12537 santorini (br798 marrom/marrom/bronz 41);78,68;12;0;0;0
00989542;7900204569385;sandalia cartago 12537 santorini (br798 marrom/marrom/bronz 42);78,68;12;0;0;0
00989543;7900204569392;sandalia cartago 12537 santorini (br798 marrom/marrom/bronz 43/44);78,68;12;0;0;0
00989545;7900204569408;sandalia cartago 12537 santorini (br798 marrom/marrom/bronz 45);78,68;12;0;0;0
00989737;;tenis actvitta 4938.101 xangai/aus (104969 petroleo/jeans/pre 37);107,06;12;0;0;0
00989738;7900294516603;tenis actvitta 4938.101 xangai/aus (104969 petroleo/jeans/pre 38);107,06;12;0;0;0
00989739;7900294516610;tenis actvitta 4938.101 xangai/aus (104969 petroleo/jeans/pre 39);107,06;12;0;0;0
00989740;7900294516627;tenis actvitta 4938.101 xangai/aus (104969 petroleo/jeans/pre 40);107,06;12;0;0;0
00989741;7900294516634;tenis actvitta 4938.101 xangai/aus (104969 petroleo/jeans/pre 41);107,06;12;0;0;0
00989742;7900294516641;tenis actvitta 4938.101 xangai/aus (104969 petroleo/jeans/pre 42);107,06;12;0;0;0
00989743;7900294516658;tenis actvitta 4938.101 xangai/aus (104969 petroleo/jeans/pre 43);107,06;12;0;0;0
00989744;7900294516665;tenis actvitta 4938.101 xangai/aus (104969 petroleo/jeans/pre 44);107,06;12;0;0;0
00989745;;tenis actvitta 4938.101 xangai/aus (104969 petroleo/jeans/pre 45);107,06;12;0;0;0
00989837;;tenis actvitta 4938.101 xangai/aus (104972 preto/graf-chumbo 37);113,52;12;0;0;0
00989838;7900294601804;tenis actvitta 4938.101 xangai/aus (104972 preto/graf-chumbo 38);113,52;12;0;0;0
00989839;7900294601811;tenis actvitta 4938.101 xangai/aus (104972 preto/graf-chumbo 39);113,52;12;0;0;0
00989840;7900294601828;tenis actvitta 4938.101 xangai/aus (104972 preto/graf-chumbo 40);113,52;12;0;0;0
00989841;7900294601835;tenis actvitta 4938.101 xangai/aus (104972 preto/graf-chumbo 41);113,52;12;0;0;0
00989842;7900294601842;tenis actvitta 4938.101 xangai/aus (104972 preto/graf-chumbo 42);113,52;12;0;0;0
00989843;7900294601859;tenis actvitta 4938.101 xangai/aus (104972 preto/graf-chumbo 43);113,52;12;0;0;0
00989844;7900294601866;tenis actvitta 4938.101 xangai/aus (104972 preto/graf-chumbo 44);113,52;12;0;0;0
00989845;;tenis actvitta 4938.101 xangai/aus (104972 preto/graf-chumbo 45);113,52;12;0;0;0
00990423;;chinelo kids slim havaianas glitter ii (blosson/rosa fux 23/24);36,63;12;0;0;0
00990425;;chinelo kids slim havaianas glitter ii (blosson/rosa fux 25/26);36,63;12;0;0;0
00990427;7909989824498;chinelo kids slim havaianas glitter ii (blosson/rosa fux 27/28);36,63;12;0;0;0
00990429;7909989824504;chinelo kids slim havaianas glitter ii (blosson/rosa fux 29/30);36,63;12;0;0;0
00990431;7909989824511;chinelo kids slim havaianas glitter ii (blosson/rosa fux 31/32);36,63;12;0;0;0
00990433;7909989824528;chinelo kids slim havaianas glitter ii (blosson/rosa fux 33/34);36,63;12;0;0;0
00990435;7909989824535;chinelo kids slim havaianas glitter ii (blosson/rosa fux 35/36);36,63;12;0;0;0
00990539;7909989659687;chinelo dedo havaianas power 2.0 (cinza aco/grafite 39/40);43,44;12;0;0;0
00990541;7909989659694;chinelo dedo havaianas power 2.0 (cinza aco/grafite 41/42);43,44;12;0;0;0
00990543;7909989659700;chinelo dedo havaianas power 2.0 (cinza aco/grafite 43/44);43,44;12;0;0;0
00990545;;chinelo dedo havaianas power 2.0 (cinza aco/grafite 45/46);43,44;12;0;0;0
00991337;7900294522482;chinelo slide actvitta 4942.100 (preto 01 37);42,61;12;0;0;0
00991338;7900294522499;chinelo slide actvitta 4942.100 (preto 01 38);42,61;12;0;0;0
00991339;7900294522505;chinelo slide actvitta 4942.100 (preto 01 39);42,61;12;0;0;0
00991340;7900294522512;chinelo slide actvitta 4942.100 (preto 01 40);42,61;12;0;0;0
00991341;7900294522529;chinelo slide actvitta 4942.100 (preto 01 41);42,61;12;0;0;0
00991342;7900294522536;chinelo slide actvitta 4942.100 (preto 01 42);42,61;12;0;0;0
00991343;7900294522543;chinelo slide actvitta 4942.100 (preto 01 43);42,61;12;0;0;0
00991344;7900294522550;chinelo slide actvitta 4942.100 (preto 01 44);42,61;12;0;0;0
00991345;;chinelo slide actvitta 4942.100 (preto 01 45);42,61;12;0;0;0
00991437;7900294522567;chinelo slide actvitta 4942.100 (branco 37);42,61;12;0;0;0
00991438;7900294522574;chinelo slide actvitta 4942.100 (branco 38);42,61;12;0;0;0
00991439;7900294522581;chinelo slide actvitta 4942.100 (branco 39);42,61;12;0;0;0
00991440;7900294522598;chinelo slide actvitta 4942.100 (branco 40);42,61;12;0;0;0
00991441;7900294522604;chinelo slide actvitta 4942.100 (branco 41);42,61;12;0;0;0
00991442;7900294522611;chinelo slide actvitta 4942.100 (branco 42);42,61;12;0;0;0
00991443;7900294522628;chinelo slide actvitta 4942.100 (branco 43);42,61;12;0;0;0
00991444;7900294522635;chinelo slide actvitta 4942.100 (branco 44);42,61;12;0;0;0
00991445;;chinelo slide actvitta 4942.100 (branco 45);42,61;12;0;0;0
00991900;7900294126369;bolsas moleca 50063.1 pvc (chocolate dourado un);61,83;12;0;0;0
00992000;7900294159220;bolsas moleca 50063.1 pvc (preto dourado un);61,83;12;0;0;0
00992723;7909989730478;chinelo havaianas kids flores (bege dourado 23/24);17,49;12;0;0;0
00992725;7909989730485;chinelo havaianas kids flores (bege dourado 25/26);17,49;12;0;0;0
00992727;7909989730492;chinelo havaianas kids flores (bege dourado 27/28);17,49;12;0;0;0
00992729;7909989730508;chinelo havaianas kids flores (bege dourado 29/30);17,49;12;0;0;0
00992731;7909989730515;chinelo havaianas kids flores (bege dourado 31/32);17,49;12;0;0;0
00992733;7909989730522;chinelo havaianas kids flores (bege dourado 33/34);17,49;12;0;0;0
00992735;7909989730539;chinelo havaianas kids flores (bege dourado 35/36);17,49;12;0;0;0
00992823;7909989702840;chinelo havaianas kids flores (rosa confete 23/24);17,49;12;0;0;0
00992825;7909989702857;chinelo havaianas kids flores (rosa confete 25/26);17,49;12;0;0;0
00992827;7909989702864;chinelo havaianas kids flores (rosa confete 27/28);17,49;12;0;0;0
00992829;7909989702871;chinelo havaianas kids flores (rosa confete 29/30);17,49;12;0;0;0
00992831;7909989702888;chinelo havaianas kids flores (rosa confete 31/32);17,49;12;0;0;0
00992833;7909989702895;chinelo havaianas kids flores (rosa confete 33/34);17,49;12;0;0;0
00992835;7909989702901;chinelo havaianas kids flores (rosa confete 35/36);17,49;12;0;0;0
00993737;7899562291291;babuche boaonda 1716 john (011 classic blue/preto-br 37/38);56,04;12;0;0;0
00993739;7899562291307;babuche boaonda 1716 john (011 classic blue/preto-br 39/40);56,04;12;0;0;0
00993741;7899562291314;babuche boaonda 1716 john (011 classic blue/preto-br 41/42);56,04;12;0;0;0
00993743;7899562291321;babuche boaonda 1716 john (011 classic blue/preto-br 43/44);56,04;12;0;0;0
00993837;7899404958528;babuche eva boaonda 2422.101 adventure b (001 preto/preto adven b 37);51,37;12;0;0;0
00993838;7899404958535;babuche eva boaonda 2422.101 adventure b (001 preto/preto adven b 38);51,37;12;0;0;0
00993839;7899404958542;babuche eva boaonda 2422.101 adventure b (001 preto/preto adven b 39);51,37;12;0;0;0
00993840;7899404958559;babuche eva boaonda 2422.101 adventure b (001 preto/preto adven b 40);51,37;12;0;0;0
00993841;7899404958566;babuche eva boaonda 2422.101 adventure b (001 preto/preto adven b 41);51,37;12;0;0;0
00993842;7899404958573;babuche eva boaonda 2422.101 adventure b (001 preto/preto adven b 42);51,37;12;0;0;0
00993843;7899404958580;babuche eva boaonda 2422.101 adventure b (001 preto/preto adven b 43);51,37;12;0;0;0
00993844;;babuche eva boaonda 2422.101 adventure b (001 preto/preto adven b 44);51,37;12;0;0;0
00993937;7899404959068;babuche eva boaonda 2422.211 adventure (001 preto/crepe 37);60,72;12;0;0;0
00993938;7899404959075;babuche eva boaonda 2422.211 adventure (001 preto/crepe 38);60,72;12;0;0;0
00993939;7899404959082;babuche eva boaonda 2422.211 adventure (001 preto/crepe 39);60,72;12;0;0;0
00993940;7899404959099;babuche eva boaonda 2422.211 adventure (001 preto/crepe 40);60,72;12;0;0;0
00993941;7899404959105;babuche eva boaonda 2422.211 adventure (001 preto/crepe 41);60,72;12;0;0;0
00993942;7899404959112;babuche eva boaonda 2422.211 adventure (001 preto/crepe 42);60,72;12;0;0;0
00993943;7899404959129;babuche eva boaonda 2422.211 adventure (001 preto/crepe 43);60,72;12;0;0;0
00993944;7898540852134;babuche eva boaonda 2422.211 adventure (001 preto/crepe 44);60,72;12;0;0;0
00994017;7909989835029;chinelo havaianas n.b.d.classics (rosa glow 17/18);23,99;12;0;0;0
00994019;7909989835036;chinelo havaianas n.b.d.classics (rosa glow 19);23,99;12;0;0;0
00994020;7909989835043;chinelo havaianas n.b.d.classics (rosa glow 20);23,99;12;0;0;0
00994021;7909989835050;chinelo havaianas n.b.d.classics (rosa glow 21);23,99;12;0;0;0
00994022;7909989835067;chinelo havaianas n.b.d.classics (rosa glow 22);23,99;12;0;0;0
00994023;;chinelo havaianas n.b.d.classics (rosa glow 23/24);23,99;12;0;0;0
00994025;;chinelo havaianas n.b.d.classics (rosa glow 25/26);23,99;12;0;0;0
00994133;7909989896006;chinelo slim havaianas palette glow 25/6 (amaranto 33/34);38,16;12;0;0;0
00994135;7909989896013;chinelo slim havaianas palette glow 25/6 (amaranto 35/36);38,16;12;0;0;0
00994137;7909989896020;chinelo slim havaianas palette glow 25/6 (amaranto 37/38);38,16;12;0;0;0
00994139;7909989896037;chinelo slim havaianas palette glow 25/6 (amaranto 39/40);38,16;12;0;0;0
00994141;7909989896044;chinelo slim havaianas palette glow 25/6 (amaranto 41/42);38,16;12;0;0;0
00994325;7900294861178;babuche molekinha 2591.103 injt eva pi (15745 preto 01 babu 25/26);40,77;12;0;0;0
00994327;7900294861185;babuche molekinha 2591.103 injt eva pi (15745 preto 01 babu 27/28);40,77;12;0;0;0
00994329;7900294861192;babuche molekinha 2591.103 injt eva pi (15745 preto 01 babu 29/30);40,77;12;0;0;0
00994331;7900294861208;babuche molekinha 2591.103 injt eva pi (15745 preto 01 babu 31/32);40,77;12;0;0;0
00994333;7900294861215;babuche molekinha 2591.103 injt eva pi (15745 preto 01 babu 33/34);40,77;12;0;0;0
00994335;7900294861222;babuche molekinha 2591.103 injt eva pi (15745 preto 01 babu 35/36);40,77;12;0;0;0
00994423;;babuche molekinha 2591.103 injt eva pi (78276 rosa 942 babu 23/24);43,54;12;0;0;0
00994425;7900294862694;babuche molekinha 2591.103 injt eva pi (78276 rosa 942 babu 25/26);43,54;12;0;0;0
00994427;7900294862700;babuche molekinha 2591.103 injt eva pi (78276 rosa 942 babu 27/28);43,54;12;0;0;0
00994429;7900294862717;babuche molekinha 2591.103 injt eva pi (78276 rosa 942 babu 29/30);43,54;12;0;0;0
00994431;7900294862724;babuche molekinha 2591.103 injt eva pi (78276 rosa 942 babu 31/32);43,54;12;0;0;0
00994433;7900294862731;babuche molekinha 2591.103 injt eva pi (78276 rosa 942 babu 33/34);43,54;12;0;0;0
00994435;7900294862748;babuche molekinha 2591.103 injt eva pi (78276 rosa 942 babu 35/36);43,54;12;0;0;0
00994523;;babuche molekinho 2874.100 injet eva (158745 preto 01 bab m 23/24);33,60;12;0;0;0
00994527;7900294861000;babuche molekinho 2874.100 injet eva (158745 preto 01 bab m 27/28);33,60;12;0;0;0
00994529;7900294861017;babuche molekinho 2874.100 injet eva (158745 preto 01 bab m 29/30);33,60;12;0;0;0
00994531;7900294861024;babuche molekinho 2874.100 injet eva (158745 preto 01 bab m 31/32);33,60;12;0;0;0
00994533;7900294861031;babuche molekinho 2874.100 injet eva (158745 preto 01 bab m 33/34);33,60;12;0;0;0
00994535;7900294861048;babuche molekinho 2874.100 injet eva (158745 preto 01 bab m 35/36);33,60;12;0;0;0
00994933;7909989870136;chinelo havaianas top summer vibes (pessego vibes 33/34);24,99;12;0;0;0
00994935;7909989870143;chinelo havaianas top summer vibes (pessego vibes 35/36);24,99;12;0;0;0
00994937;7909989870150;chinelo havaianas top summer vibes (pessego vibes 37/38);24,99;12;0;0;0
00994939;7909989870167;chinelo havaianas top summer vibes (pessego vibes 39/40);24,99;12;0;0;0
00994941;7909989870174;chinelo havaianas top summer vibes (pessego vibes 41/42);24,99;12;0;0;0
00995033;7909989870235;chinelo havaianas top summer vibes (buttercream  vibes 33/34);24,99;12;0;0;0
00995035;7909989870242;chinelo havaianas top summer vibes (buttercream  vibes 35/36);24,99;12;0;0;0
00995037;7909989870259;chinelo havaianas top summer vibes (buttercream  vibes 37/38);24,99;12;0;0;0
00995039;7909989870266;chinelo havaianas top summer vibes (buttercream  vibes 39/40);24,99;12;0;0;0
00995041;7909989870273;chinelo havaianas top summer vibes (buttercream  vibes 41/42);24,99;12;0;0;0
00995133;;chinelo dedo havaianas top fashion 25/6 (pessego/rosa 33/34);34,40;12;0;0;0
00995137;7909989612019;chinelo dedo havaianas top fashion 25/6 (pessego/rosa 37/38);34,40;12;0;0;0
00995139;7909989612026;chinelo dedo havaianas top fashion 25/6 (pessego/rosa 39/40);34,40;12;0;0;0
00995141;7909989612033;chinelo dedo havaianas top fashion 25/6 (pessego/rosa 41/42);34,40;12;0;0;0
00995233;7909989896051;chinelo dedo havaianas slim glitter dois new (slim/glitter cafe 33/34);40,51;12;0;0;0
00995235;7909989896068;chinelo dedo havaianas slim glitter dois new (slim/glitter cafe 35/36);40,51;12;0;0;0
00995237;7909989896075;chinelo dedo havaianas slim glitter dois new (slim/glitter cafe 37/38);40,51;12;0;0;0
00995239;7909989896082;chinelo dedo havaianas slim glitter dois new (slim/glitter cafe 39/40);40,51;12;0;0;0
00995241;7909989896099;chinelo dedo havaianas slim glitter dois new (slim/glitter cafe 41/42);40,51;12;0;0;0
00995433;;chinelo havaianas old top times ii (old palmeiras verde patri 33/34);34,99;12;0;0;0
00995439;7909989771662;chinelo havaianas old top times ii (old palmeiras verde patri 39/40);34,99;12;0;0;0
00995443;7909989771686;chinelo havaianas old top times ii (old palmeiras verde patri 43/44);34,99;12;0;0;0
00995447;;chinelo havaianas old top times ii (old palmeiras verde patri 47/48);34,99;12;0;0;0
00995533;;chinelo havaianas old top times ii (old corinthians preto/pre 33/34);34,99;12;0;0;0
00995541;7909989808887;chinelo havaianas old top times ii (old corinthians preto/pre 41/42);34,99;12;0;0;0
00995543;7909989808894;chinelo havaianas old top times ii (old corinthians preto/pre 43/44);34,99;12;0;0;0
00995547;;chinelo havaianas old top times ii (old corinthians preto/pre 47/48);34,99;12;0;0;0
00995717;7900204624916;chinelo ipanema 27296 patrulha canina azul (azul/azul 17/18);15,41;12;0;0;0
00995722;7900204624886;chinelo ipanema 27296 patrulha canina azul (azul/azul 22);15,41;12;0;0;0
00995723;7900204624879;chinelo ipanema 27296 patrulha canina azul (azul/azul 23/24);15,41;12;0;0;0
00995725;;chinelo ipanema 27296 patrulha canina azul (azul/azul 25);15,41;12;0;0;0
00995817;7900204625012;chinelo ipanema 27296 patrulha canina rosa (rosa/rosa 17/18);15,73;12;0;0;0
00995819;7900204625005;chinelo ipanema 27296 patrulha canina rosa (rosa/rosa 19);15,73;12;0;0;0
00995822;7900204624985;chinelo ipanema 27296 patrulha canina rosa (rosa/rosa 22);15,73;12;0;0;0
00995823;7900204624978;chinelo ipanema 27296 patrulha canina rosa (rosa/rosa 23/24);15,73;12;0;0;0
00995825;;chinelo ipanema 27296 patrulha canina rosa (rosa/rosa 25);15,73;12;0;0;0
00996033;7900204617765;sandalia grendha 19250 sublime (preto sublime 33/34);25,68;12;0;0;0
00996035;7900204617772;sandalia grendha 19250 sublime (preto sublime 35);25,68;12;0;0;0
00996036;7900204617789;sandalia grendha 19250 sublime (preto sublime 36);25,68;12;0;0;0
00996037;7900204617796;sandalia grendha 19250 sublime (preto sublime 37);25,68;12;0;0;0
00996038;7900204617802;sandalia grendha 19250 sublime (preto sublime 38);25,68;12;0;0;0
00996039;7900204617819;sandalia grendha 19250 sublime (preto sublime 39/40);25,68;12;0;0;0
00996133;7900204617703;sandalia grendha 19250 sublime (marrom mocca sublime 33/34);25,68;12;0;0;0
00996135;7900204617710;sandalia grendha 19250 sublime (marrom mocca sublime 35);25,68;12;0;0;0
00996136;7900204617727;sandalia grendha 19250 sublime (marrom mocca sublime 36);25,68;12;0;0;0
00996137;7900204617734;sandalia grendha 19250 sublime (marrom mocca sublime 37);25,68;12;0;0;0
00996138;7900204617741;sandalia grendha 19250 sublime (marrom mocca sublime 38);25,68;12;0;0;0
00996139;7900204617758;sandalia grendha 19250 sublime (marrom mocca sublime 39/40);25,68;12;0;0;0
00996733;7900204610995;sandalia ipanema 27423 glow trend (marrom trend 33/34);21,19;12;0;0;0
00996735;7900204611008;sandalia ipanema 27423 glow trend (marrom trend 35);21,19;12;0;0;0
00996736;7900204611015;sandalia ipanema 27423 glow trend (marrom trend 36);21,19;12;0;0;0
00996737;7900204611022;sandalia ipanema 27423 glow trend (marrom trend 37);21,19;12;0;0;0
00996738;7900204611039;sandalia ipanema 27423 glow trend (marrom trend 38);21,19;12;0;0;0
00996739;7900204611046;sandalia ipanema 27423 glow trend (marrom trend 39/40);21,19;12;0;0;0
00996833;7900204610872;sandalia ipanema 27423 glow trend (preto trend 33/34);21,19;12;0;0;0
00996835;7900204610889;sandalia ipanema 27423 glow trend (preto trend 35);21,19;12;0;0;0
00996836;7900204610896;sandalia ipanema 27423 glow trend (preto trend 36);21,19;12;0;0;0
00996837;7900204610902;sandalia ipanema 27423 glow trend (preto trend 37);21,19;12;0;0;0
00996838;7900204610919;sandalia ipanema 27423 glow trend (preto trend 38);21,19;12;0;0;0
00996839;7900204610926;sandalia ipanema 27423 glow trend (preto trend 39/40);21,19;12;0;0;0
00997200;7900015661049;bolsa molekinha 20019.2 lurex (pink un);51,59;12;0;0;0
00997925;;babuche nuvem kids (azul nuvem marinho 25/26);24,64;12;0;0;0
00997927;;babuche nuvem kids (azul nuvem marinho 27/28);24,64;12;0;0;0
00997929;;babuche nuvem kids (azul nuvem marinho 29/30);24,64;12;0;0;0
00997931;;babuche nuvem kids (azul nuvem marinho 31/32);24,64;12;0;0;0
00998734;7900294767906;sandalia salto modare 7187.100 el/canelado (avela 34);78,29;12;0;0;0
00998737;7900294767944;sandalia salto modare 7187.100 el/canelado (avela 37);78,29;12;0;0;0
00998738;7900294767968;sandalia salto modare 7187.100 el/canelado (avela 38);78,29;12;0;0;0
00998739;7900294767975;sandalia salto modare 7187.100 el/canelado (avela 39);78,29;12;0;0;0
00998740;7900294767982;sandalia salto modare 7187.100 el/canelado (avela 40);78,29;12;0;0;0
00999535;7909989781333;chinelo havaianas simpsons 25/26 (branco/azul 35/36);23,55;12;0;0;0
00999537;7909989781340;chinelo havaianas simpsons 25/26 (branco/azul 37/38);23,55;12;0;0;0
00999539;7909989781357;chinelo havaianas simpsons 25/26 (branco/azul 39/40);23,55;12;0;0;0
00999543;7909989781371;chinelo havaianas simpsons 25/26 (branco/azul 43/44);23,55;12;0;0;0
00999545;7909989781388;chinelo havaianas simpsons 25/26 (branco/azul 45/46);23,55;12;0;0;0
00999547;;chinelo havaianas simpsons 25/26 (branco/azul 47/48);23,55;12;0;0;0
00999637;7909989787793;chinelo dedo havaianas slim pets 25/26 (dourado/preto 37/38);27,26;12;0;0;0
00999639;7909989787786;chinelo dedo havaianas slim pets 25/26 (dourado/preto 39/40);27,26;12;0;0;0
00999641;7909989787823;chinelo dedo havaianas slim pets 25/26 (dourado/preto 41/42);27,26;12;0;0;0
00999643;;chinelo dedo havaianas slim pets 25/26 (dourado/preto 43/44);27,26;12;0;0;0
00999645;;chinelo dedo havaianas slim pets 25/26 (dourado/preto 45/46);27,26;12;0;0;0
00999647;;chinelo dedo havaianas slim pets 25/26 (dourado/preto 47/48);27,26;12;0;0;0
00999733;7900294971860;sandalia modare 7125.233 italia (86704 nude/creme/dourado 33);54,28;12;0;0;0
00999734;7900294971877;sandalia modare 7125.233 italia (86704 nude/creme/dourado 34);54,28;12;0;0;0
00999735;7900294971884;sandalia modare 7125.233 italia (86704 nude/creme/dourado 35);54,28;12;0;0;0
00999736;7900294971891;sandalia modare 7125.233 italia (86704 nude/creme/dourado 36);54,28;12;0;0;0
00999737;7900294971914;sandalia modare 7125.233 italia (86704 nude/creme/dourado 37);54,28;12;0;0;0
00999738;7900294971938;sandalia modare 7125.233 italia (86704 nude/creme/dourado 38);54,28;12;0;0;0
00999739;7900294971945;sandalia modare 7125.233 italia (86704 nude/creme/dourado 39);54,28;12;0;0;0
00999740;7900294971952;sandalia modare 7125.233 italia (86704 nude/creme/dourado 40);54,28;12;0;0;0
01000333;;chinelo slide under armour 6006999 ua ansa (black/black/white 33/34);68,90;12;0;0;0
01000335;198632975169;chinelo slide under armour 6006999 ua ansa (black/black/white 35/36);68,90;12;0;0;0
01000337;198632975671;chinelo slide under armour 6006999 ua ansa (black/black/white 37/38);68,90;12;0;0;0
01000339;198632976166;chinelo slide under armour 6006999 ua ansa (black/black/white 39/40);68,90;12;0;0;0
01000341;198632974223;chinelo slide under armour 6006999 ua ansa (black/black/white 41/42);68,90;12;0;0;0
01000343;198632974865;chinelo slide under armour 6006999 ua ansa (black/black/white 43/44);68,90;12;0;0;0
01000345;198632975114;chinelo slide under armour 6006999 ua ansa (black/black/white 45/46);68,90;12;0;0;0
01000433;;chinelo slide under armour 6006999 ua ansa (mydnavy 33/34);68,90;12;0;0;0
01000435;198633755654;chinelo slide under armour 6006999 ua ansa (mydnavy 35/36);68,90;12;0;0;0
01000437;198633755685;chinelo slide under armour 6006999 ua ansa (mydnavy 37/38);68,90;12;0;0;0
01000439;198633755722;chinelo slide under armour 6006999 ua ansa (mydnavy 39/40);68,90;12;0;0;0
01000441;198633755449;chinelo slide under armour 6006999 ua ansa (mydnavy 41/42);68,90;12;0;0;0
01000443;198633755487;chinelo slide under armour 6006999 ua ansa (mydnavy 43/44);68,90;12;0;0;0
01000445;198633755494;chinelo slide under armour 6006999 ua ansa (mydnavy 45/46);68,90;12;0;0;0
01000617;7909806445219;chinelo rider 11645 street baby (rosa rider 17/18);15,41;12;0;0;0
01000619;7909806445226;chinelo rider 11645 street baby (rosa rider 19);15,41;12;0;0;0
01000620;7909806445233;chinelo rider 11645 street baby (rosa rider 20/21);15,41;12;0;0;0
01000622;7909806445240;chinelo rider 11645 street baby (rosa rider 22);15,41;12;0;0;0
01000623;7909806445257;chinelo rider 11645 street baby (rosa rider 23/24);15,41;12;0;0;0
01000625;7909806445264;chinelo rider 11645 street baby (rosa rider 25);15,41;12;0;0;0
01000626;;chinelo rider 11645 street baby (rosa rider 26/27);15,41;12;0;0;0
01002834;7900350211411;sandalia papete vizzano 6499.122 pelica (mocca 34);74,02;12;0;0;0
01002835;7900350211428;sandalia papete vizzano 6499.122 pelica (mocca 35);74,02;12;0;0;0
01002836;7900350211435;sandalia papete vizzano 6499.122 pelica (mocca 36);74,02;12;0;0;0
01002837;7900350211459;sandalia papete vizzano 6499.122 pelica (mocca 37);74,02;12;0;0;0
01002838;7900350211473;sandalia papete vizzano 6499.122 pelica (mocca 38);74,02;12;0;0;0
01002839;7900350211480;sandalia papete vizzano 6499.122 pelica (mocca 39);74,02;12;0;0;0
01002840;7900350211497;sandalia papete vizzano 6499.122 pelica (mocca 40);74,02;12;0;0;0
01003233;7909989797105;chinelo slim havaianas logo pop up 25/6 (ferrugem 33/34);31,79;12;0;0;0
01003235;7909989797112;chinelo slim havaianas logo pop up 25/6 (ferrugem 35/36);31,79;12;0;0;0
01003237;7909989797129;chinelo slim havaianas logo pop up 25/6 (ferrugem 37/38);31,79;12;0;0;0
01003239;7909989797136;chinelo slim havaianas logo pop up 25/6 (ferrugem 39/40);31,79;12;0;0;0
01003241;7909989797143;chinelo slim havaianas logo pop up 25/6 (ferrugem 41/42);31,79;12;0;0;0
01003243;;chinelo slim havaianas logo pop up 25/6 (ferrugem 43/44);31,79;12;0;0;0
01003245;;chinelo slim havaianas logo pop up 25/6 (ferrugem 45/46);31,79;12;0;0;0
01003333;7909989649879;chinelo dedo havaianas slim square liso (canyon clay n 33/34);29,47;12;0;0;0
01003335;7909989649886;chinelo dedo havaianas slim square liso (canyon clay n 35/36);29,47;12;0;0;0
01003337;7909989649893;chinelo dedo havaianas slim square liso (canyon clay n 37/38);29,47;12;0;0;0
01003339;7909989649909;chinelo dedo havaianas slim square liso (canyon clay n 39/40);29,47;12;0;0;0
01003341;7909989649916;chinelo dedo havaianas slim square liso (canyon clay n 41/42);29,47;12;0;0;0
01003343;;chinelo dedo havaianas slim square liso (canyon clay n 43/44);29,47;12;0;0;0
01003345;;chinelo dedo havaianas slim square liso (canyon clay n 45/46);29,47;12;0;0;0
01003433;7909989649923;chinelo dedo havaianas slim square liso (smoke green square 33/34);29,47;12;0;0;0
01003435;7909989649930;chinelo dedo havaianas slim square liso (smoke green square 35/36);29,47;12;0;0;0
01003437;7909989649947;chinelo dedo havaianas slim square liso (smoke green square 37/38);29,47;12;0;0;0
01003439;7909989649954;chinelo dedo havaianas slim square liso (smoke green square 39/40);29,47;12;0;0;0
01003441;7909989649961;chinelo dedo havaianas slim square liso (smoke green square 41/42);29,47;12;0;0;0
01003443;;chinelo dedo havaianas slim square liso (smoke green square 43/44);29,47;12;0;0;0
01003445;;chinelo dedo havaianas slim square liso (smoke green square 45/46);29,47;12;0;0;0
01003533;7909989608937;chinelo dedo havaianas slim tropical 25/6 (amarelo caja 33/34);36,63;12;0;0;0
01003535;7909989608944;chinelo dedo havaianas slim tropical 25/6 (amarelo caja 35/36);36,63;12;0;0;0
01003537;7909989608951;chinelo dedo havaianas slim tropical 25/6 (amarelo caja 37/38);36,63;12;0;0;0
01003539;7909989608968;chinelo dedo havaianas slim tropical 25/6 (amarelo caja 39/40);36,63;12;0;0;0
01003541;7909989608975;chinelo dedo havaianas slim tropical 25/6 (amarelo caja 41/42);36,63;12;0;0;0
01003543;;chinelo dedo havaianas slim tropical 25/6 (amarelo caja 43/44);36,63;12;0;0;0
01003545;;chinelo dedo havaianas slim tropical 25/6 (amarelo caja 45/46);36,63;12;0;0;0
01003733;;chinelo dedo havaianas dual 25/26 (verde olive/verde 33/34);43,03;12;0;0;0
01003735;;chinelo dedo havaianas dual 25/26 (verde olive/verde 35/36);43,03;12;0;0;0
01003737;7909989679661;chinelo dedo havaianas dual 25/26 (verde olive/verde 37/38);43,03;12;0;0;0
01003739;7909989679678;chinelo dedo havaianas dual 25/26 (verde olive/verde 39/40);43,03;12;0;0;0
01003741;7909989679685;chinelo dedo havaianas dual 25/26 (verde olive/verde 41/42);43,03;12;0;0;0
01003743;7909989679692;chinelo dedo havaianas dual 25/26 (verde olive/verde 43/44);43,03;12;0;0;0
01003745;7909989679708;chinelo dedo havaianas dual 25/26 (verde olive/verde 45/46);43,03;12;0;0;0
01003747;;chinelo dedo havaianas dual 25/26 (verde olive/verde 47/48);43,03;12;0;0;0
01003837;7909989659625;chinelo dedo havaianas power 2.0 (preto/azul indigo 37/38);43,44;12;0;0;0
01003839;7909989659632;chinelo dedo havaianas power 2.0 (preto/azul indigo 39/40);43,44;12;0;0;0
01003843;7909989659656;chinelo dedo havaianas power 2.0 (preto/azul indigo 43/44);43,44;12;0;0;0
01003845;7909989659663;chinelo dedo havaianas power 2.0 (preto/azul indigo 45/46);43,44;12;0;0;0
01003917;7900204752121;sandalia papete cartago 12418 milao ii (12418 bege claro 17/18);35,96;12;0;0;0
01003919;7900204752114;sandalia papete cartago 12418 milao ii (12418 bege claro 19);35,96;12;0;0;0
01003920;7900204752107;sandalia papete cartago 12418 milao ii (12418 bege claro 20/21);35,96;12;0;0;0
01003922;7900204752091;sandalia papete cartago 12418 milao ii (12418 bege claro 22);35,96;12;0;0;0
01003923;7900204752084;sandalia papete cartago 12418 milao ii (12418 bege claro 23/24);35,96;12;0;0;0
01003925;7900204752077;sandalia papete cartago 12418 milao ii (12418 bege claro 25);35,96;12;0;0;0
01003926;7900204752060;sandalia papete cartago 12418 milao ii (12418 bege claro 26/27);35,96;12;0;0;0
01004017;7900204003285;chinelo dedo rider 12439 feel baby (bf336 preto/preto 17/18);14,38;12;0;0;0
01004019;;chinelo dedo rider 12439 feel baby (bf336 preto/preto 19);14,38;12;0;0;0
01004020;7900204003308;chinelo dedo rider 12439 feel baby (bf336 preto/preto 20/21);14,38;12;0;0;0
01004022;7900204003315;chinelo dedo rider 12439 feel baby (bf336 preto/preto 22);14,38;12;0;0;0
01004023;7900204003322;chinelo dedo rider 12439 feel baby (bf336 preto/preto 23/24);14,38;12;0;0;0
01004025;7900204003339;chinelo dedo rider 12439 feel baby (bf336 preto/preto 25);14,38;12;0;0;0
01004026;;chinelo dedo rider 12439 feel baby (bf336 preto/preto 26/27);14,38;12;0;0;0
01004237;7900204602242;chinelo rider 12573 pulse (bs508 branco/branco 37/38);25,68;12;0;0;0
01004239;7900204602259;chinelo rider 12573 pulse (bs508 branco/branco 39);25,68;12;0;0;0
01004240;;chinelo rider 12573 pulse (bs508 branco/branco 40);25,68;12;0;0;0
01004241;7900204602266;chinelo rider 12573 pulse (bs508 branco/branco 41);25,68;12;0;0;0
01004242;;chinelo rider 12573 pulse (bs508 branco/branco 42);25,68;12;0;0;0
01004243;7900204602273;chinelo rider 12573 pulse (bs508 branco/branco 43/44);25,68;12;0;0;0
01004245;;chinelo rider 12573 pulse (bs508 branco/branco 45);25,68;12;0;0;0
01004317;7900204715355;sandalia cartago 12586 malaga baby (cinza/azul/vermelho 17/18);34,46;12;0;0;0
01004319;7900204715362;sandalia cartago 12586 malaga baby (cinza/azul/vermelho 19);34,46;12;0;0;0
01004320;7900204715379;sandalia cartago 12586 malaga baby (cinza/azul/vermelho 20/21);34,46;12;0;0;0
01004322;7900204715386;sandalia cartago 12586 malaga baby (cinza/azul/vermelho 22);34,46;12;0;0;0
01004323;7900204715393;sandalia cartago 12586 malaga baby (cinza/azul/vermelho 23/24);34,46;12;0;0;0
01004325;7900204715409;sandalia cartago 12586 malaga baby (cinza/azul/vermelho 25);34,46;12;0;0;0
01004326;;sandalia cartago 12586 malaga baby (cinza/azul/vermelho 26/27);34,46;12;0;0;0
01004417;7900204715478;sandalia cartago 12586 malaga baby (bege/marrom/laranja 17/18);34,46;12;0;0;0
01004419;7900204715485;sandalia cartago 12586 malaga baby (bege/marrom/laranja 19);34,46;12;0;0;0
01004420;7900204715492;sandalia cartago 12586 malaga baby (bege/marrom/laranja 20/21);34,46;12;0;0;0
01004422;7900204715508;sandalia cartago 12586 malaga baby (bege/marrom/laranja 22);34,46;12;0;0;0
01004423;7900204715515;sandalia cartago 12586 malaga baby (bege/marrom/laranja 23/24);34,46;12;0;0;0
01004425;7900204715522;sandalia cartago 12586 malaga baby (bege/marrom/laranja 25);34,46;12;0;0;0
01004426;;sandalia cartago 12586 malaga baby (bege/marrom/laranja 26/27);34,46;12;0;0;0
01004717;;sandalia papete baby grendene kids 22303 disney mi (bs803 rosa claro 17/18);30,82;12;0;0;0
01004719;;sandalia papete baby grendene kids 22303 disney mi (bs803 rosa claro 19);30,82;12;0;0;0
01004720;7900204651837;sandalia papete baby grendene kids 22303 disney mi (bs803 rosa claro 20/21);30,82;12;0;0;0
01004722;7900204651820;sandalia papete baby grendene kids 22303 disney mi (bs803 rosa claro 22);30,82;12;0;0;0
01004723;7900204651813;sandalia papete baby grendene kids 22303 disney mi (bs803 rosa claro 23/24);30,82;12;0;0;0
01004725;7900204651806;sandalia papete baby grendene kids 22303 disney mi (bs803 rosa claro 25);30,82;12;0;0;0
01004726;7900204651790;sandalia papete baby grendene kids 22303 disney mi (bs803 rosa claro 26/27);30,82;12;0;0;0
01004817;7900204651783;sandalia papete baby grendene kids 22303 disney (rosa medio uni 17/18);30,82;12;0;0;0
01004819;7900204651776;sandalia papete baby grendene kids 22303 disney (rosa medio uni 19);30,82;12;0;0;0
01004820;7900204651769;sandalia papete baby grendene kids 22303 disney (rosa medio uni 20/21);30,82;12;0;0;0
01004822;7900204651752;sandalia papete baby grendene kids 22303 disney (rosa medio uni 22);30,82;12;0;0;0
01004823;7900204651745;sandalia papete baby grendene kids 22303 disney (rosa medio uni 23/24);30,82;12;0;0;0
01004825;7900204651738;sandalia papete baby grendene kids 22303 disney (rosa medio uni 25);30,82;12;0;0;0
01004826;7900204651721;sandalia papete baby grendene kids 22303 disney (rosa medio uni 26/27);30,82;12;0;0;0
01004917;;sandalia papete grendene kids 22303 disney mickey (azul escuro 17/18);30,82;12;0;0;0
01004919;;sandalia papete grendene kids 22303 disney mickey (azul escuro 19);30,82;12;0;0;0
01004920;7900204786195;sandalia papete grendene kids 22303 disney mickey (azul escuro 20/21);30,82;12;0;0;0
01004922;7900204786201;sandalia papete grendene kids 22303 disney mickey (azul escuro 22);30,82;12;0;0;0
01004923;7900204786218;sandalia papete grendene kids 22303 disney mickey (azul escuro 23/24);30,82;12;0;0;0
01004925;7900204786225;sandalia papete grendene kids 22303 disney mickey (azul escuro 25);30,82;12;0;0;0
01004926;7900204786232;sandalia papete grendene kids 22303 disney mickey (azul escuro 26/27);30,82;12;0;0;0
01005017;7900204617154;sandalia papete baby grendene kids 23361 hello kit (bq901 bege/vermelho 17/18);30,82;12;0;0;0
01005019;7900204617161;sandalia papete baby grendene kids 23361 hello kit (bq901 bege/vermelho 19);30,82;12;0;0;0
01005020;7900204617178;sandalia papete baby grendene kids 23361 hello kit (bq901 bege/vermelho 20/21);30,82;12;0;0;0
01005022;7900204617185;sandalia papete baby grendene kids 23361 hello kit (bq901 bege/vermelho 22);30,82;12;0;0;0
01005023;7900204617192;sandalia papete baby grendene kids 23361 hello kit (bq901 bege/vermelho 23/24);30,82;12;0;0;0
01005025;7900204617208;sandalia papete baby grendene kids 23361 hello kit (bq901 bege/vermelho 25);30,82;12;0;0;0
01005026;7900204617215;sandalia papete baby grendene kids 23361 hello kit (bq901 bege/vermelho 26/27);30,82;12;0;0;0
01005123;7900204625197;chinelo ipanema 26790 turma monica (br672 rosa medio n 23/24);12,84;12;0;0;0
01005125;7900204625180;chinelo ipanema 26790 turma monica (br672 rosa medio n 25/26);12,84;12;0;0;0
01005127;7900204625173;chinelo ipanema 26790 turma monica (br672 rosa medio n 27/28);12,84;12;0;0;0
01005129;7900204625166;chinelo ipanema 26790 turma monica (br672 rosa medio n 29/30);12,84;12;0;0;0
01005131;7900204625159;chinelo ipanema 26790 turma monica (br672 rosa medio n 31/32);12,84;12;0;0;0
01005133;7900204625142;chinelo ipanema 26790 turma monica (br672 rosa medio n 33/34);12,84;12;0;0;0
01005217;7900204227995;chinelo ipanema 27248 belle baby (bege/bege 17/18);21,04;12;0;0;0
01005219;7900204228008;chinelo ipanema 27248 belle baby (bege/bege 19);21,04;12;0;0;0
01005220;7900204228015;chinelo ipanema 27248 belle baby (bege/bege 20/21);21,04;12;0;0;0
01005222;7900204228022;chinelo ipanema 27248 belle baby (bege/bege 22);21,04;12;0;0;0
01005223;7900204228039;chinelo ipanema 27248 belle baby (bege/bege 23/24);21,04;12;0;0;0
01005225;;chinelo ipanema 27248 belle baby (bege/bege 25);21,04;12;0;0;0
01005433;7900204609371;chinelo ipanema 27398 glow (preto glow 33/34);12,84;12;0;0;0
01005435;7900204609388;chinelo ipanema 27398 glow (preto glow 35);12,84;12;0;0;0
01005436;7900204609395;chinelo ipanema 27398 glow (preto glow 36);12,84;12;0;0;0
01005437;7900204609401;chinelo ipanema 27398 glow (preto glow 37);12,84;12;0;0;0
01005438;7900204609418;chinelo ipanema 27398 glow (preto glow 38);12,84;12;0;0;0
01005439;7900204609425;chinelo ipanema 27398 glow (preto glow 39/40);12,84;12;0;0;0
01006123;7900204686938;chinelo ipanema kids 27433 patrulha canin (bs313 rosa/rosa t 23/24);12,84;12;0;0;0
01006125;7900204686945;chinelo ipanema kids 27433 patrulha canin (bs313 rosa/rosa t 25/26);12,84;12;0;0;0
01006127;7900204686952;chinelo ipanema kids 27433 patrulha canin (bs313 rosa/rosa t 27/28);12,84;12;0;0;0
01006129;7900204686969;chinelo ipanema kids 27433 patrulha canin (bs313 rosa/rosa t 29/30);12,84;12;0;0;0
01006131;7900204686976;chinelo ipanema kids 27433 patrulha canin (bs313 rosa/rosa t 31/32);12,84;12;0;0;0
01006133;7900204686983;chinelo ipanema kids 27433 patrulha canin (bs313 rosa/rosa t 33/34);12,84;12;0;0;0
01006617;;sandalia zaxynina 19287 sweety (rosa medio/ azul 17/18);25,68;12;0;0;0
01006619;;sandalia zaxynina 19287 sweety (rosa medio/ azul 19);25,68;12;0;0;0
01006620;;sandalia zaxynina 19287 sweety (rosa medio/ azul 20);25,68;12;0;0;0
01006621;7900204752862;sandalia zaxynina 19287 sweety (rosa medio/ azul 21);25,68;12;0;0;0
01006622;7900204752879;sandalia zaxynina 19287 sweety (rosa medio/ azul 22);25,68;12;0;0;0
01006623;7900204752886;sandalia zaxynina 19287 sweety (rosa medio/ azul 23/24);25,68;12;0;0;0
01006625;7900204752893;sandalia zaxynina 19287 sweety (rosa medio/ azul 25);25,68;12;0;0;0
01006626;7900204752909;sandalia zaxynina 19287 sweety (rosa medio/ azul 26/27);25,68;12;0;0;0
01006717;;sandalia zaxynina 19287 sweety (nude claro/ rosa 17/18);25,68;12;0;0;0
01006719;;sandalia zaxynina 19287 sweety (nude claro/ rosa 19);25,68;12;0;0;0
01006720;;sandalia zaxynina 19287 sweety (nude claro/ rosa 20);25,68;12;0;0;0
01006721;7900204752947;sandalia zaxynina 19287 sweety (nude claro/ rosa 21);25,68;12;0;0;0
01006722;7900204752954;sandalia zaxynina 19287 sweety (nude claro/ rosa 22);25,68;12;0;0;0
01006723;7900204752961;sandalia zaxynina 19287 sweety (nude claro/ rosa 23/24);25,68;12;0;0;0
01006725;7900204752978;sandalia zaxynina 19287 sweety (nude claro/ rosa 25);25,68;12;0;0;0
01006726;7900204752985;sandalia zaxynina 19287 sweety (nude claro/ rosa 26/27);25,68;12;0;0;0
01007526;7900350222486;tenis kids molekinha 2580.100 mumbai (40000 grafite/preto n 26);69,13;12;0;0;0
01007527;7900350222493;tenis kids molekinha 2580.100 mumbai (40000 grafite/preto n 27);69,13;12;0;0;0
01007528;7900350222509;tenis kids molekinha 2580.100 mumbai (40000 grafite/preto n 28);69,13;12;0;0;0
01007529;7900350222516;tenis kids molekinha 2580.100 mumbai (40000 grafite/preto n 29);69,13;12;0;0;0
01007530;7900350222523;tenis kids molekinha 2580.100 mumbai (40000 grafite/preto n 30);69,13;12;0;0;0
01007531;7900350222530;tenis kids molekinha 2580.100 mumbai (40000 grafite/preto n 31);69,13;12;0;0;0
01007532;7900350222547;tenis kids molekinha 2580.100 mumbai (40000 grafite/preto n 32);69,13;12;0;0;0
01007533;7900350222554;tenis kids molekinha 2580.100 mumbai (40000 grafite/preto n 33);69,13;12;0;0;0
01007534;7900350222561;tenis kids molekinha 2580.100 mumbai (40000 grafite/preto n 34);69,13;12;0;0;0
01007535;;tenis kids molekinha 2580.100 mumbai (40000 grafite/preto n 35);69,13;12;0;0;0
01007536;;tenis kids molekinha 2580.100 mumbai (40000 grafite/preto n 36);69,13;12;0;0;0
01007626;7900350187969;tenis kids molekinha 2580.109 glamour (104578 glitter prata n 26);82,96;12;0;0;0
01007627;7900350187976;tenis kids molekinha 2580.109 glamour (104578 glitter prata n 27);82,96;12;0;0;0
01007628;7900350187983;tenis kids molekinha 2580.109 glamour (104578 glitter prata n 28);82,96;12;0;0;0
01007629;7900350187990;tenis kids molekinha 2580.109 glamour (104578 glitter prata n 29);82,96;12;0;0;0
01007630;7900350188003;tenis kids molekinha 2580.109 glamour (104578 glitter prata n 30);82,96;12;0;0;0
01007631;7900350188010;tenis kids molekinha 2580.109 glamour (104578 glitter prata n 31);82,96;12;0;0;0
01007632;7900350188027;tenis kids molekinha 2580.109 glamour (104578 glitter prata n 32);82,96;12;0;0;0
01007633;7900350188034;tenis kids molekinha 2580.109 glamour (104578 glitter prata n 33);82,96;12;0;0;0
01007634;7900350188041;tenis kids molekinha 2580.109 glamour (104578 glitter prata n 34);82,96;12;0;0;0
01007635;7900350188058;tenis kids molekinha 2580.109 glamour (104578 glitter prata n 35);82,96;12;0;0;0
01007636;7900350188065;tenis kids molekinha 2580.109 glamour (104578 glitter prata n 36);82,96;12;0;0;0
01007726;;tenis kids casual molekinha 2582.103 napa estrelar (106053 chocolate/glitter 26);55,89;12;0;0;0
01007727;7900350327600;tenis kids casual molekinha 2582.103 napa estrelar (106053 chocolate/glitter 27);55,89;12;0;0;0
01007728;7900350327617;tenis kids casual molekinha 2582.103 napa estrelar (106053 chocolate/glitter 28);55,89;12;0;0;0
01007729;7900350327624;tenis kids casual molekinha 2582.103 napa estrelar (106053 chocolate/glitter 29);55,89;12;0;0;0
01007730;7900350327631;tenis kids casual molekinha 2582.103 napa estrelar (106053 chocolate/glitter 30);55,89;12;0;0;0
01007731;7900350327648;tenis kids casual molekinha 2582.103 napa estrelar (106053 chocolate/glitter 31);55,89;12;0;0;0
01007732;7900350327655;tenis kids casual molekinha 2582.103 napa estrelar (106053 chocolate/glitter 32);55,89;12;0;0;0
01007733;7900350327662;tenis kids casual molekinha 2582.103 napa estrelar (106053 chocolate/glitter 33);55,89;12;0;0;0
01007734;7900350327679;tenis kids casual molekinha 2582.103 napa estrelar (106053 chocolate/glitter 34);55,89;12;0;0;0
01007735;7900350327686;tenis kids casual molekinha 2582.103 napa estrelar (106053 chocolate/glitter 35);55,89;12;0;0;0
01007736;7900350327693;tenis kids casual molekinha 2582.103 napa estrelar (106053 chocolate/glitter 36);55,89;12;0;0;0
01007817;;sandalia molekinha 2743.104 napa turim (branco off turim 17);37,51;12;0;0;0
01007818;;sandalia molekinha 2743.104 napa turim (branco off turim 18);37,51;12;0;0;0
01007819;7900350421070;sandalia molekinha 2743.104 napa turim (branco off turim 19);37,51;12;0;0;0
01007820;7900350421087;sandalia molekinha 2743.104 napa turim (branco off turim 20);37,51;12;0;0;0
01007821;7900350421094;sandalia molekinha 2743.104 napa turim (branco off turim 21);37,51;12;0;0;0
01007822;7900350421100;sandalia molekinha 2743.104 napa turim (branco off turim 22);37,51;12;0;0;0
01007823;7900350421117;sandalia molekinha 2743.104 napa turim (branco off turim 23);37,51;12;0;0;0
01007824;7900350421124;sandalia molekinha 2743.104 napa turim (branco off turim 24);37,51;12;0;0;0
01007825;7900350421131;sandalia molekinha 2743.104 napa turim (branco off turim 25);37,51;12;0;0;0
01007826;;sandalia molekinha 2743.104 napa turim (branco off turim 26);37,51;12;0;0;0
01007917;7900350224022;sandalia molekinha 2743.103 italia (dourado ita 17);33,60;12;0;0;0
01007918;7900350224039;sandalia molekinha 2743.103 italia (dourado ita 18);33,60;12;0;0;0
01007919;7900350224046;sandalia molekinha 2743.103 italia (dourado ita 19);33,60;12;0;0;0
01007920;7900350224053;sandalia molekinha 2743.103 italia (dourado ita 20);33,60;12;0;0;0
01007921;7900350224060;sandalia molekinha 2743.103 italia (dourado ita 21);33,60;12;0;0;0
01007922;7900350224077;sandalia molekinha 2743.103 italia (dourado ita 22);33,60;12;0;0;0
01007923;7900350224084;sandalia molekinha 2743.103 italia (dourado ita 23);33,60;12;0;0;0
01007924;7900350224091;sandalia molekinha 2743.103 italia (dourado ita 24);33,60;12;0;0;0
01007925;7900350224107;sandalia molekinha 2743.103 italia (dourado ita 25);33,60;12;0;0;0
01007926;;sandalia molekinha 2743.103 italia (dourado ita 26);33,60;12;0;0;0
01008017;;sandalia molekinha 2743.102 shine (dourado shine 17);33,60;12;0;0;0
01008018;;sandalia molekinha 2743.102 shine (dourado shine 18);33,60;12;0;0;0
01008019;7900350238814;sandalia molekinha 2743.102 shine (dourado shine 19);33,60;12;0;0;0
01008020;7900350238821;sandalia molekinha 2743.102 shine (dourado shine 20);33,60;12;0;0;0
01008021;7900350238838;sandalia molekinha 2743.102 shine (dourado shine 21);33,60;12;0;0;0
01008022;7900350238845;sandalia molekinha 2743.102 shine (dourado shine 22);33,60;12;0;0;0
01008023;7900350238852;sandalia molekinha 2743.102 shine (dourado shine 23);33,60;12;0;0;0
01008024;7900350238869;sandalia molekinha 2743.102 shine (dourado shine 24);33,60;12;0;0;0
01008025;7900350238876;sandalia molekinha 2743.102 shine (dourado shine 25);33,60;12;0;0;0
01008026;;sandalia molekinha 2743.102 shine (dourado shine 26);33,60;12;0;0;0
01008127;7900294489518;tenis kids molekinho 2872.101 mesh dave (preto dave 27);64,79;12;0;0;0
01008128;7900294489525;tenis kids molekinho 2872.101 mesh dave (preto dave 28);64,79;12;0;0;0
01008129;7900294489532;tenis kids molekinho 2872.101 mesh dave (preto dave 29);64,79;12;0;0;0
01008130;7900294489549;tenis kids molekinho 2872.101 mesh dave (preto dave 30);64,79;12;0;0;0
01008131;7900294489556;tenis kids molekinho 2872.101 mesh dave (preto dave 31);64,79;12;0;0;0
01008132;7900294489563;tenis kids molekinho 2872.101 mesh dave (preto dave 32);64,79;12;0;0;0
01008133;7900294489570;tenis kids molekinho 2872.101 mesh dave (preto dave 33);64,79;12;0;0;0
01008134;7900294489587;tenis kids molekinho 2872.101 mesh dave (preto dave 34);64,79;12;0;0;0
01008135;7900294489594;tenis kids molekinho 2872.101 mesh dave (preto dave 35);64,79;12;0;0;0
01008136;;tenis kids molekinho 2872.101 mesh dave (preto dave 36);64,79;12;0;0;0
01008227;7900294797798;tenis kids molekinho 2866.101 np rustico (preto rustico 27);78,61;12;0;0;0
01008228;7900294797804;tenis kids molekinho 2866.101 np rustico (preto rustico 28);78,61;12;0;0;0
01008229;7900294797811;tenis kids molekinho 2866.101 np rustico (preto rustico 29);78,61;12;0;0;0
01008230;7900294797828;tenis kids molekinho 2866.101 np rustico (preto rustico 30);78,61;12;0;0;0
01008231;7900294797835;tenis kids molekinho 2866.101 np rustico (preto rustico 31);78,61;12;0;0;0
01008232;7900294797842;tenis kids molekinho 2866.101 np rustico (preto rustico 32);78,61;12;0;0;0
01008233;7900294797859;tenis kids molekinho 2866.101 np rustico (preto rustico 33);78,61;12;0;0;0
01008234;7900294797866;tenis kids molekinho 2866.101 np rustico (preto rustico 34);78,61;12;0;0;0
01008235;7900294797873;tenis kids molekinho 2866.101 np rustico (preto rustico 35);78,61;12;0;0;0
01008236;7900294797880;tenis kids molekinho 2866.101 np rustico (preto rustico 36);78,61;12;0;0;0
01008327;7900350423371;tenis kids molekinho 2831.141 ru ne (preto ne 27);55,90;12;0;0;0
01008328;7900350423388;tenis kids molekinho 2831.141 ru ne (preto ne 28);55,90;12;0;0;0
01008329;7900350423395;tenis kids molekinho 2831.141 ru ne (preto ne 29);55,90;12;0;0;0
01008330;7900350423401;tenis kids molekinho 2831.141 ru ne (preto ne 30);55,90;12;0;0;0
01008331;7900350423418;tenis kids molekinho 2831.141 ru ne (preto ne 31);55,90;12;0;0;0
01008332;7900350423425;tenis kids molekinho 2831.141 ru ne (preto ne 32);55,90;12;0;0;0
01008333;7900350423432;tenis kids molekinho 2831.141 ru ne (preto ne 33);55,90;12;0;0;0
01008334;7900350423449;tenis kids molekinho 2831.141 ru ne (preto ne 34);55,90;12;0;0;0
01008335;;tenis kids molekinho 2831.141 ru ne (preto ne 35);55,90;12;0;0;0
01008336;;tenis kids molekinho 2831.141 ru ne (preto ne 36);55,90;12;0;0;0
01008427;7900294853579;tenis kids molekinho 2831.113 mesh dav (preto m dave 27);60,24;12;0;0;0
01008428;7900294853586;tenis kids molekinho 2831.113 mesh dav (preto m dave 28);60,24;12;0;0;0
01008429;7900294853593;tenis kids molekinho 2831.113 mesh dav (preto m dave 29);60,24;12;0;0;0
01008430;7900294853609;tenis kids molekinho 2831.113 mesh dav (preto m dave 30);60,24;12;0;0;0
01008431;7900294853616;tenis kids molekinho 2831.113 mesh dav (preto m dave 31);60,24;12;0;0;0
01008432;7900294853623;tenis kids molekinho 2831.113 mesh dav (preto m dave 32);60,24;12;0;0;0
01008433;7900294853630;tenis kids molekinho 2831.113 mesh dav (preto m dave 33);60,24;12;0;0;0
01008434;7900294853647;tenis kids molekinho 2831.113 mesh dav (preto m dave 34);60,24;12;0;0;0
01008435;7900294853654;tenis kids molekinho 2831.113 mesh dav (preto m dave 35);60,24;12;0;0;0
01008436;7900294853661;tenis kids molekinho 2831.113 mesh dav (preto m dave 36);60,24;12;0;0;0
01008527;7900350471488;sapatenis kids molekinho 2838.117 rust neo (areia neo 27);60,24;12;0;0;0
01008528;7900350471495;sapatenis kids molekinho 2838.117 rust neo (areia neo 28);60,24;12;0;0;0
01008529;7900350471501;sapatenis kids molekinho 2838.117 rust neo (areia neo 29);60,24;12;0;0;0
01008530;7900350471518;sapatenis kids molekinho 2838.117 rust neo (areia neo 30);60,24;12;0;0;0
01008531;7900350471525;sapatenis kids molekinho 2838.117 rust neo (areia neo 31);60,24;12;0;0;0
01008532;7900350471532;sapatenis kids molekinho 2838.117 rust neo (areia neo 32);60,24;12;0;0;0
01008533;7900350471549;sapatenis kids molekinho 2838.117 rust neo (areia neo 33);60,24;12;0;0;0
01008534;7900350471556;sapatenis kids molekinho 2838.117 rust neo (areia neo 34);60,24;12;0;0;0
01008535;7900350471563;sapatenis kids molekinho 2838.117 rust neo (areia neo 35);60,24;12;0;0;0
01008536;7900350471570;sapatenis kids molekinho 2838.117 rust neo (areia neo 36);60,24;12;0;0;0
01008826;;tenis kids molekinha 2574.120 gp nyl (85705 branco off doura n 26);69,13;12;0;0;0
01008827;7900350327273;tenis kids molekinha 2574.120 gp nyl (85705 branco off doura n 27);69,13;12;0;0;0
01008828;7900350327280;tenis kids molekinha 2574.120 gp nyl (85705 branco off doura n 28);69,13;12;0;0;0
01008829;7900350327297;tenis kids molekinha 2574.120 gp nyl (85705 branco off doura n 29);69,13;12;0;0;0
01008830;7900350327303;tenis kids molekinha 2574.120 gp nyl (85705 branco off doura n 30);69,13;12;0;0;0
01008831;7900350327310;tenis kids molekinha 2574.120 gp nyl (85705 branco off doura n 31);69,13;12;0;0;0
01008832;7900350327327;tenis kids molekinha 2574.120 gp nyl (85705 branco off doura n 32);69,13;12;0;0;0
01008833;7900350327334;tenis kids molekinha 2574.120 gp nyl (85705 branco off doura n 33);69,13;12;0;0;0
01008834;7900350327341;tenis kids molekinha 2574.120 gp nyl (85705 branco off doura n 34);69,13;12;0;0;0
01008835;7900350327358;tenis kids molekinha 2574.120 gp nyl (85705 branco off doura n 35);69,13;12;0;0;0
01008836;7900350327365;tenis kids molekinha 2574.120 gp nyl (85705 branco off doura n 36);69,13;12;0;0;0
01008933;7900204528122;tamanco azaleia 18908 fabi light (marrom cafe 33/34);37,54;12;0;0;0
01008935;7900204528139;tamanco azaleia 18908 fabi light (marrom cafe 35);37,54;12;0;0;0
01008936;7900204528146;tamanco azaleia 18908 fabi light (marrom cafe 36);37,54;12;0;0;0
01008937;7900204528153;tamanco azaleia 18908 fabi light (marrom cafe 37);37,54;12;0;0;0
01008938;7900204528160;tamanco azaleia 18908 fabi light (marrom cafe 38);37,54;12;0;0;0
01008939;7900204528177;tamanco azaleia 18908 fabi light (marrom cafe 39/40);37,54;12;0;0;0
01009433;;sandalia grendha 19250 sublime (off white sublime 33/34);25,68;12;0;0;0
01009435;7900204758994;sandalia grendha 19250 sublime (off white sublime 35);25,68;12;0;0;0
01009436;7900204759007;sandalia grendha 19250 sublime (off white sublime 36);25,68;12;0;0;0
01009437;7900204759014;sandalia grendha 19250 sublime (off white sublime 37);25,68;12;0;0;0
01009438;7900204759021;sandalia grendha 19250 sublime (off white sublime 38);25,68;12;0;0;0
01009439;7900204759038;sandalia grendha 19250 sublime (off white sublime 39/40);25,68;12;0;0;0
01009633;7900204617406;sandalia ipanema 27402 glow (preto/preto glow 33/34);18,62;12;0;0;0
01009635;7900204617413;sandalia ipanema 27402 glow (preto/preto glow 35);18,62;12;0;0;0
01009636;7900204617420;sandalia ipanema 27402 glow (preto/preto glow 36);18,62;12;0;0;0
01009637;7900204617437;sandalia ipanema 27402 glow (preto/preto glow 37);18,62;12;0;0;0
01009638;7900204617444;sandalia ipanema 27402 glow (preto/preto glow 38);18,62;12;0;0;0
01009639;7900204617451;sandalia ipanema 27402 glow (preto/preto glow 39/40);18,62;12;0;0;0
01009733;7900204617529;sandalia ipanema 27402 glow (bege/marrom glow 33/34);18,62;12;0;0;0
01009735;7900204617536;sandalia ipanema 27402 glow (bege/marrom glow 35);18,62;12;0;0;0
01009736;7900204617543;sandalia ipanema 27402 glow (bege/marrom glow 36);18,62;12;0;0;0
01009737;7900204617550;sandalia ipanema 27402 glow (bege/marrom glow 37);18,62;12;0;0;0
01009738;7900204617567;sandalia ipanema 27402 glow (bege/marrom glow 38);18,62;12;0;0;0
01009739;7900204617574;sandalia ipanema 27402 glow (bege/marrom glow 39/40);18,62;12;0;0;0
01009833;7900204617581;sandalia ipanema 27402 glow (marrom dourado glow 33/34);18,62;12;0;0;0
01009835;7900204617598;sandalia ipanema 27402 glow (marrom dourado glow 35);18,62;12;0;0;0
01009836;7900204617604;sandalia ipanema 27402 glow (marrom dourado glow 36);18,62;12;0;0;0
01009837;7900204617611;sandalia ipanema 27402 glow (marrom dourado glow 37);18,62;12;0;0;0
01009838;7900204617628;sandalia ipanema 27402 glow (marrom dourado glow 38);18,62;12;0;0;0
01009839;7900204617635;sandalia ipanema 27402 glow (marrom dourado glow 39/40);18,62;12;0;0;0
01010035;;chinelo havaianas top max comfort ii (branco/azul max 35/36);32,99;12;0;0;0
01010047;;chinelo havaianas top max comfort ii (branco/azul max 47/48);32,99;12;0;0;0
01010139;7909989670156;chinelo havaianas top max comfort (cinza gelo max 39/40);32,99;12;0;0;0
01010143;7909989670170;chinelo havaianas top max comfort (cinza gelo max 43/44);32,99;12;0;0;0
01010145;7909989670187;chinelo havaianas top max comfort (cinza gelo max 45/46);32,99;12;0;0;0
01010235;7909989809495;chinelo havaianas old top times ii (old sao paulo preto/preto 35/36);34,99;12;0;0;0
01010237;7909989809501;chinelo havaianas old top times ii (old sao paulo preto/preto 37/38);34,99;12;0;0;0
01010239;7909989809631;chinelo havaianas old top times ii (old sao paulo preto/preto 39/40);34,99;12;0;0;0
01010241;7909989809648;chinelo havaianas old top times ii (old sao paulo preto/preto 41/42);34,99;12;0;0;0
01010243;7909989809655;chinelo havaianas old top times ii (old sao paulo preto/preto 43/44);34,99;12;0;0;0
01010245;7909989810842;chinelo havaianas old top times ii (old sao paulo preto/preto 45/46);34,99;12;0;0;0
01010247;;chinelo havaianas old top times ii (old sao paulo preto/preto 47/48);34,99;12;0;0;0
01010423;7909989780169;chinelo kids havaianas top marvel ii (marvel/azul brilhante 23/24);30,92;12;0;0;0
01010425;7909989780176;chinelo kids havaianas top marvel ii (marvel/azul brilhante 25/26);30,92;12;0;0;0
01010427;7909989780183;chinelo kids havaianas top marvel ii (marvel/azul brilhante 27/28);30,92;12;0;0;0
01010429;7909989780190;chinelo kids havaianas top marvel ii (marvel/azul brilhante 29/30);30,92;12;0;0;0
01010431;7909989780206;chinelo kids havaianas top marvel ii (marvel/azul brilhante 31/32);30,92;12;0;0;0
01010433;7909989780213;chinelo kids havaianas top marvel ii (marvel/azul brilhante 33/34);30,92;12;0;0;0
01010435;7909989780220;chinelo kids havaianas top marvel ii (marvel/azul brilhante 35/36);30,92;12;0;0;0
01010533;7909989962213;chinelo havaianas fantasia ii (rosa chiffon fantasia 33/34);12,99;12;0;0;0
01010535;7909989962220;chinelo havaianas fantasia ii (rosa chiffon fantasia 35/36);12,99;12;0;0;0
01010537;7909989962237;chinelo havaianas fantasia ii (rosa chiffon fantasia 37/38);12,99;12;0;0;0
01010539;7909989962244;chinelo havaianas fantasia ii (rosa chiffon fantasia 39/40);12,99;12;0;0;0
01010541;7909989962251;chinelo havaianas fantasia ii (rosa chiffon fantasia 41/42);12,99;12;0;0;0
01010633;7909989962169;chinelo havaianas fantasia ii (preto fantasia 33/34);12,99;12;0;0;0
01010635;7909989962176;chinelo havaianas fantasia ii (preto fantasia 35/36);12,99;12;0;0;0
01010637;7909989962183;chinelo havaianas fantasia ii (preto fantasia 37/38);12,99;12;0;0;0
01010639;7909989962190;chinelo havaianas fantasia ii (preto fantasia 39/40);12,99;12;0;0;0
01010641;7909989962206;chinelo havaianas fantasia ii (preto fantasia 41/42);12,99;12;0;0;0
01010733;7909989964309;chinelo havaianas fantasia ii (smoke green fantasia 33/34);12,99;12;0;0;0
01010735;7909989964316;chinelo havaianas fantasia ii (smoke green fantasia 35/36);12,99;12;0;0;0
01010737;7909989964323;chinelo havaianas fantasia ii (smoke green fantasia 37/38);12,99;12;0;0;0
01010739;7909989964330;chinelo havaianas fantasia ii (smoke green fantasia 39/40);12,99;12;0;0;0
01010741;7909989964347;chinelo havaianas fantasia ii (smoke green fantasia 41/42);12,99;12;0;0;0
01010833;7909989693544;chinelo havaianas slim animals (rose gold animals 33/34);26,15;12;0;0;0
01010835;7909989693551;chinelo havaianas slim animals (rose gold animals 35/36);26,15;12;0;0;0
01010837;7909989693568;chinelo havaianas slim animals (rose gold animals 37/38);26,15;12;0;0;0
01010839;7909989693575;chinelo havaianas slim animals (rose gold animals 39/40);26,15;12;0;0;0
01010841;7909989693582;chinelo havaianas slim animals (rose gold animals 41/42);26,15;12;0;0;0
01011034;;sandalia vizzano 6513.218 napa garda (35312 branco off 526 n 34);64,79;12;0;0;0
01011035;7900294356605;sandalia vizzano 6513.218 napa garda (35312 branco off 526 n 35);64,79;12;0;0;0
01011036;7900294356612;sandalia vizzano 6513.218 napa garda (35312 branco off 526 n 36);64,79;12;0;0;0
01011037;7900294356636;sandalia vizzano 6513.218 napa garda (35312 branco off 526 n 37);64,79;12;0;0;0
01011038;7900294356650;sandalia vizzano 6513.218 napa garda (35312 branco off 526 n 38);64,79;12;0;0;0
01011039;7900294356667;sandalia vizzano 6513.218 napa garda (35312 branco off 526 n 39);64,79;12;0;0;0
01011040;7900294356674;sandalia vizzano 6513.218 napa garda (35312 branco off 526 n 40);64,79;12;0;0;0
01011137;7900294240089;sandalia vizzano 6513.218 napa garda (101441 capuccino n 37);64,79;12;0;0;0
01011138;7900294240102;sandalia vizzano 6513.218 napa garda (101441 capuccino n 38);64,79;12;0;0;0
01011139;7900294240119;sandalia vizzano 6513.218 napa garda (101441 capuccino n 39);64,79;12;0;0;0
01011140;7900294240126;sandalia vizzano 6513.218 napa garda (101441 capuccino n 40);64,79;12;0;0;0
01011527;7900294666612;tenis kids molekinho 2861.117 porto luis (branco cinza porto 27);61,82;12;0;0;0
01011528;7900294666629;tenis kids molekinho 2861.117 porto luis (branco cinza porto 28);61,82;12;0;0;0
01011529;7900294666636;tenis kids molekinho 2861.117 porto luis (branco cinza porto 29);61,82;12;0;0;0
01011530;7900294666643;tenis kids molekinho 2861.117 porto luis (branco cinza porto 30);61,82;12;0;0;0
01011531;7900294666650;tenis kids molekinho 2861.117 porto luis (branco cinza porto 31);61,82;12;0;0;0
01011532;7900294666667;tenis kids molekinho 2861.117 porto luis (branco cinza porto 32);61,82;12;0;0;0
01011533;7900294666674;tenis kids molekinho 2861.117 porto luis (branco cinza porto 33);61,82;12;0;0;0
01011534;7900294666681;tenis kids molekinho 2861.117 porto luis (branco cinza porto 34);61,82;12;0;0;0
01011535;7900294666698;tenis kids molekinho 2861.117 porto luis (branco cinza porto 35);61,82;12;0;0;0
01011536;7900294666704;tenis kids molekinho 2861.117 porto luis (branco cinza porto 36);61,82;12;0;0;0
01011627;7900294777950;tenis kids molekinho 2861.117 porto luis (branco off porto 27);61,82;12;0;0;0
01011628;7900294777967;tenis kids molekinho 2861.117 porto luis (branco off porto 28);61,82;12;0;0;0
01011629;7900294777974;tenis kids molekinho 2861.117 porto luis (branco off porto 29);61,82;12;0;0;0
01011630;7900294777981;tenis kids molekinho 2861.117 porto luis (branco off porto 30);61,82;12;0;0;0
01011631;7900294777998;tenis kids molekinho 2861.117 porto luis (branco off porto 31);61,82;12;0;0;0
01011632;7900294778001;tenis kids molekinho 2861.117 porto luis (branco off porto 32);61,82;12;0;0;0
01011633;7900294778018;tenis kids molekinho 2861.117 porto luis (branco off porto 33);61,82;12;0;0;0
01011634;7900294778025;tenis kids molekinho 2861.117 porto luis (branco off porto 34);61,82;12;0;0;0
01011635;7900294778032;tenis kids molekinho 2861.117 porto luis (branco off porto 35);61,82;12;0;0;0
01011636;7900294778049;tenis kids molekinho 2861.117 porto luis (branco off porto 36);61,82;12;0;0;0
01011717;;sapatenis molekinho 2623.123 napa floter (preto 17);60,24;12;0;0;0
01011718;;sapatenis molekinho 2623.123 napa floter (preto 18);60,24;12;0;0;0
01011719;7900350305196;sapatenis molekinho 2623.123 napa floter (preto 19);60,24;12;0;0;0
01011720;7900350305202;sapatenis molekinho 2623.123 napa floter (preto 20);60,24;12;0;0;0
01011721;7900350305219;sapatenis molekinho 2623.123 napa floter (preto 21);60,24;12;0;0;0
01011722;7900350305226;sapatenis molekinho 2623.123 napa floter (preto 22);60,24;12;0;0;0
01011723;7900350305233;sapatenis molekinho 2623.123 napa floter (preto 23);60,24;12;0;0;0
01011724;7900350305240;sapatenis molekinho 2623.123 napa floter (preto 24);60,24;12;0;0;0
01011725;7900350305257;sapatenis molekinho 2623.123 napa floter (preto 25);60,24;12;0;0;0
01011726;7900350305264;sapatenis molekinho 2623.123 napa floter (preto 26);60,24;12;0;0;0
01011818;;sapatenis molekinho 2623.121 napa floter (branco off areia 18);55,89;12;0;0;0
01011819;7900294476976;sapatenis molekinho 2623.121 napa floter (branco off areia 19);55,89;12;0;0;0
01011820;7900294476983;sapatenis molekinho 2623.121 napa floter (branco off areia 20);55,89;12;0;0;0
01011821;7900294476990;sapatenis molekinho 2623.121 napa floter (branco off areia 21);55,89;12;0;0;0
01011822;7900294476723;sapatenis molekinho 2623.121 napa floter (branco off areia 22);55,89;12;0;0;0
01011823;7900294477003;sapatenis molekinho 2623.121 napa floter (branco off areia 23);55,89;12;0;0;0
01011824;7900294477010;sapatenis molekinho 2623.121 napa floter (branco off areia 24);55,89;12;0;0;0
01011825;7900294477027;sapatenis molekinho 2623.121 napa floter (branco off areia 25);55,89;12;0;0;0
01011826;7900294477034;sapatenis molekinho 2623.121 napa floter (branco off areia 26);55,89;12;0;0;0
01011919;;tenis molekinha 2738.104 napa turim (78276 rosa 942 n 19);69,13;12;0;0;0
01011920;7900294191879;tenis molekinha 2738.104 napa turim (78276 rosa 942 n 20);69,13;12;0;0;0
01011921;7900294191886;tenis molekinha 2738.104 napa turim (78276 rosa 942 n 21);69,13;12;0;0;0
01011922;7900294191893;tenis molekinha 2738.104 napa turim (78276 rosa 942 n 22);69,13;12;0;0;0
01011923;7900294191909;tenis molekinha 2738.104 napa turim (78276 rosa 942 n 23);69,13;12;0;0;0
01011924;7900294191916;tenis molekinha 2738.104 napa turim (78276 rosa 942 n 24);69,13;12;0;0;0
01011925;7900294191923;tenis molekinha 2738.104 napa turim (78276 rosa 942 n 25);69,13;12;0;0;0
01012019;;tenis led molekinha 2742.203 camurcao (106076 branco rosa n 19);64,79;12;0;0;0
01012021;7900350007243;tenis led molekinha 2742.203 camurcao (106076 branco rosa n 21);64,79;12;0;0;0
01012022;7900350007250;tenis led molekinha 2742.203 camurcao (106076 branco rosa n 22);64,79;12;0;0;0
01012023;7900350007267;tenis led molekinha 2742.203 camurcao (106076 branco rosa n 23);64,79;12;0;0;0
01012024;7900350007274;tenis led molekinha 2742.203 camurcao (106076 branco rosa n 24);64,79;12;0;0;0
01012025;7900350007281;tenis led molekinha 2742.203 camurcao (106076 branco rosa n 25);64,79;12;0;0;0
01012120;7900294948442;tenis led molekinha 2742.204 glamour (99740 branco prata n 20);69,13;12;0;0;0
01012121;7900294960871;tenis led molekinha 2742.204 glamour (99740 branco prata n 21);69,13;12;0;0;0
01012122;7900294960888;tenis led molekinha 2742.204 glamour (99740 branco prata n 22);69,13;12;0;0;0
01012123;7900294960895;tenis led molekinha 2742.204 glamour (99740 branco prata n 23);69,13;12;0;0;0
01012124;7900294960901;tenis led molekinha 2742.204 glamour (99740 branco prata n 24);69,13;12;0;0;0
01012125;7900294960918;tenis led molekinha 2742.204 glamour (99740 branco prata n 25);69,13;12;0;0;0
01012219;;tenis molekinha 2118.591 napa turim (105233 preto rosa n 19);42,06;12;0;0;0
01012220;7900294791406;tenis molekinha 2118.591 napa turim (105233 preto rosa n 20);42,06;12;0;0;0
01012221;7900294791413;tenis molekinha 2118.591 napa turim (105233 preto rosa n 21);42,06;12;0;0;0
01012222;7900294772269;tenis molekinha 2118.591 napa turim (105233 preto rosa n 22);42,06;12;0;0;0
01012223;7900294791420;tenis molekinha 2118.591 napa turim (105233 preto rosa n 23);42,06;12;0;0;0
01012224;7900294791437;tenis molekinha 2118.591 napa turim (105233 preto rosa n 24);42,06;12;0;0;0
01012225;7900294791444;tenis molekinha 2118.591 napa turim (105233 preto rosa n 25);42,06;12;0;0;0
01012319;7900350226231;tenis molekinha 2118.592 italia (105272 branco dourado n 19);46,41;12;0;0;0
01012320;7900350226248;tenis molekinha 2118.592 italia (105272 branco dourado n 20);46,41;12;0;0;0
01012321;7900350226255;tenis molekinha 2118.592 italia (105272 branco dourado n 21);46,41;12;0;0;0
01012322;7900350226262;tenis molekinha 2118.592 italia (105272 branco dourado n 22);46,41;12;0;0;0
01012323;7900350226279;tenis molekinha 2118.592 italia (105272 branco dourado n 23);46,41;12;0;0;0
01012324;7900350226286;tenis molekinha 2118.592 italia (105272 branco dourado n 24);46,41;12;0;0;0
01012325;7900350226293;tenis molekinha 2118.592 italia (105272 branco dourado n 25);46,41;12;0;0;0
01012419;7900350418308;sapatilha baby molekinha 2106.1076 verniz pre (15745 preto 01 n 19);46,41;12;0;0;0
01012420;7900350418315;sapatilha baby molekinha 2106.1076 verniz pre (15745 preto 01 n 20);46,41;12;0;0;0
01012421;7900350418322;sapatilha baby molekinha 2106.1076 verniz pre (15745 preto 01 n 21);46,41;12;0;0;0
01012422;7900350418339;sapatilha baby molekinha 2106.1076 verniz pre (15745 preto 01 n 22);46,41;12;0;0;0
01012423;7900350418346;sapatilha baby molekinha 2106.1076 verniz pre (15745 preto 01 n 23);46,41;12;0;0;0
01012424;7900350418353;sapatilha baby molekinha 2106.1076 verniz pre (15745 preto 01 n 24);46,41;12;0;0;0
01012425;7900350418360;sapatilha baby molekinha 2106.1076 verniz pre (15745 preto 01 n 25);46,41;12;0;0;0
01012519;7900350283548;sapatilha baby molekinha 2106.1076 verniz pre (78276 rosa 942 n 19);46,41;12;0;0;0
01012520;7900350283555;sapatilha baby molekinha 2106.1076 verniz pre (78276 rosa 942 n 20);46,41;12;0;0;0
01012521;7900350283562;sapatilha baby molekinha 2106.1076 verniz pre (78276 rosa 942 n 21);46,41;12;0;0;0
01012522;7900350283579;sapatilha baby molekinha 2106.1076 verniz pre (78276 rosa 942 n 22);46,41;12;0;0;0
01012523;7900350283586;sapatilha baby molekinha 2106.1076 verniz pre (78276 rosa 942 n 23);46,41;12;0;0;0
01012524;7900350283593;sapatilha baby molekinha 2106.1076 verniz pre (78276 rosa 942 n 24);46,41;12;0;0;0
01012525;7900350283609;sapatilha baby molekinha 2106.1076 verniz pre (78276 rosa 942 n 25);46,41;12;0;0;0
01012619;7900350250076;sapatilha baby molekinha 2106.1062 italia (00066 dourado n 19);42,06;12;0;0;0
01012620;7900350250083;sapatilha baby molekinha 2106.1062 italia (00066 dourado n 20);42,06;12;0;0;0
01012621;7900350250090;sapatilha baby molekinha 2106.1062 italia (00066 dourado n 21);42,06;12;0;0;0
01012622;7900350250106;sapatilha baby molekinha 2106.1062 italia (00066 dourado n 22);42,06;12;0;0;0
01012623;7900350250113;sapatilha baby molekinha 2106.1062 italia (00066 dourado n 23);42,06;12;0;0;0
01012624;7900350250120;sapatilha baby molekinha 2106.1062 italia (00066 dourado n 24);42,06;12;0;0;0
01012625;7900350250137;sapatilha baby molekinha 2106.1062 italia (00066 dourado n 25);42,06;12;0;0;0
01012726;7900350285207;sandalia papete molekinha 2344.149 tira pronta (dourado nude 149 26);51,36;12;0;0;0
01012727;7900350285214;sandalia papete molekinha 2344.149 tira pronta (dourado nude 149 27);51,36;12;0;0;0
01012728;7900350285221;sandalia papete molekinha 2344.149 tira pronta (dourado nude 149 28);51,36;12;0;0;0
01012729;7900350285238;sandalia papete molekinha 2344.149 tira pronta (dourado nude 149 29);51,36;12;0;0;0
01012730;7900350285245;sandalia papete molekinha 2344.149 tira pronta (dourado nude 149 30);51,36;12;0;0;0
01012731;7900350285252;sandalia papete molekinha 2344.149 tira pronta (dourado nude 149 31);51,36;12;0;0;0
01012732;7900350285269;sandalia papete molekinha 2344.149 tira pronta (dourado nude 149 32);51,36;12;0;0;0
01012733;7900350285276;sandalia papete molekinha 2344.149 tira pronta (dourado nude 149 33);51,36;12;0;0;0
01012734;7900350285283;sandalia papete molekinha 2344.149 tira pronta (dourado nude 149 34);51,36;12;0;0;0
01012735;7900350285290;sandalia papete molekinha 2344.149 tira pronta (dourado nude 149 35);51,36;12;0;0;0
01012736;7900350285306;sandalia papete molekinha 2344.149 tira pronta (dourado nude 149 36);51,36;12;0;0;0
01012926;7900350283050;sapatilha molekinha 2083.1131 napa twist (dourado napa 26);46,41;12;0;0;0
01012927;7900350283067;sapatilha molekinha 2083.1131 napa twist (dourado napa 27);46,41;12;0;0;0
01012928;7900350283074;sapatilha molekinha 2083.1131 napa twist (dourado napa 28);46,41;12;0;0;0
01012929;7900350283081;sapatilha molekinha 2083.1131 napa twist (dourado napa 29);46,41;12;0;0;0
01012930;7900350283098;sapatilha molekinha 2083.1131 napa twist (dourado napa 30);46,41;12;0;0;0
01012931;7900350283104;sapatilha molekinha 2083.1131 napa twist (dourado napa 31);46,41;12;0;0;0
01012932;7900350283111;sapatilha molekinha 2083.1131 napa twist (dourado napa 32);46,41;12;0;0;0
01012933;7900350283128;sapatilha molekinha 2083.1131 napa twist (dourado napa 33);46,41;12;0;0;0
01012934;7900350283135;sapatilha molekinha 2083.1131 napa twist (dourado napa 34);46,41;12;0;0;0
01012935;;sapatilha molekinha 2083.1131 napa twist (dourado napa 35);46,41;12;0;0;0
01012936;;sapatilha molekinha 2083.1131 napa twist (dourado napa 36);46,41;12;0;0;0
01013026;7900350283159;sapatilha molekinha 2083.1144 napa twist (rosa napa 26);51,36;12;0;0;0
01013027;7900350283166;sapatilha molekinha 2083.1144 napa twist (rosa napa 27);51,36;12;0;0;0
01013028;7900350283173;sapatilha molekinha 2083.1144 napa twist (rosa napa 28);51,36;12;0;0;0
01013029;7900350283180;sapatilha molekinha 2083.1144 napa twist (rosa napa 29);51,36;12;0;0;0
01013127;7900245595725;tenis kids molekinho 2869.101 nyl mesh (preto branco 27);78,61;12;0;0;0
01013128;7900245595732;tenis kids molekinho 2869.101 nyl mesh (preto branco 28);78,61;12;0;0;0
01013129;7900245595749;tenis kids molekinho 2869.101 nyl mesh (preto branco 29);78,61;12;0;0;0
01013130;7900245595756;tenis kids molekinho 2869.101 nyl mesh (preto branco 30);78,61;12;0;0;0
01013131;7900245595763;tenis kids molekinho 2869.101 nyl mesh (preto branco 31);78,61;12;0;0;0
01013132;7900245595770;tenis kids molekinho 2869.101 nyl mesh (preto branco 32);78,61;12;0;0;0
01013133;7900245595787;tenis kids molekinho 2869.101 nyl mesh (preto branco 33);78,61;12;0;0;0
01013134;7900245595794;tenis kids molekinho 2869.101 nyl mesh (preto branco 34);78,61;12;0;0;0
01013135;7900245595800;tenis kids molekinho 2869.101 nyl mesh (preto branco 35);78,61;12;0;0;0
01013136;7900245595817;tenis kids molekinho 2869.101 nyl mesh (preto branco 36);78,61;12;0;0;0
01013227;7900294893070;tenis kids molekinho 2869.105 nylon free (preto free 27);74,06;12;0;0;0
01013228;7900294893087;tenis kids molekinho 2869.105 nylon free (preto free 28);74,06;12;0;0;0
01013229;7900294893094;tenis kids molekinho 2869.105 nylon free (preto free 29);74,06;12;0;0;0
01013230;7900294893100;tenis kids molekinho 2869.105 nylon free (preto free 30);74,06;12;0;0;0
01013231;7900294893117;tenis kids molekinho 2869.105 nylon free (preto free 31);74,06;12;0;0;0
01013232;7900294893124;tenis kids molekinho 2869.105 nylon free (preto free 32);74,06;12;0;0;0
01013233;7900294893131;tenis kids molekinho 2869.105 nylon free (preto free 33);74,06;12;0;0;0
01013234;7900294893148;tenis kids molekinho 2869.105 nylon free (preto free 34);74,06;12;0;0;0
01013235;7900294893155;tenis kids molekinho 2869.105 nylon free (preto free 35);74,06;12;0;0;0
01013236;;tenis kids molekinho 2869.105 nylon free (preto free 36);74,06;12;0;0;0
01013317;;tenis molekinho 2631.117 porto luis (branco cinza luis 17);55,89;12;0;0;0
01013318;;tenis molekinho 2631.117 porto luis (branco cinza luis 18);55,89;12;0;0;0
01013319;7900294659423;tenis molekinho 2631.117 porto luis (branco cinza luis 19);55,89;12;0;0;0
01013320;7900294659430;tenis molekinho 2631.117 porto luis (branco cinza luis 20);55,89;12;0;0;0
01013321;7900294659447;tenis molekinho 2631.117 porto luis (branco cinza luis 21);55,89;12;0;0;0
01013322;7900294659454;tenis molekinho 2631.117 porto luis (branco cinza luis 22);55,89;12;0;0;0
01013323;7900294659461;tenis molekinho 2631.117 porto luis (branco cinza luis 23);55,89;12;0;0;0
01013324;7900294659478;tenis molekinho 2631.117 porto luis (branco cinza luis 24);55,89;12;0;0;0
01013325;7900294659485;tenis molekinho 2631.117 porto luis (branco cinza luis 25);55,89;12;0;0;0
01013326;7900294659492;tenis molekinho 2631.117 porto luis (branco cinza luis 26);55,89;12;0;0;0
01013417;;tenis molekinho 2631.117 porto luis (branco off areia luis 17);55,89;12;0;0;0
01013418;;tenis molekinho 2631.117 porto luis (branco off areia luis 18);55,89;12;0;0;0
01013419;7900294797347;tenis molekinho 2631.117 porto luis (branco off areia luis 19);55,89;12;0;0;0
01013420;7900294797354;tenis molekinho 2631.117 porto luis (branco off areia luis 20);55,89;12;0;0;0
01013421;7900294797361;tenis molekinho 2631.117 porto luis (branco off areia luis 21);55,89;12;0;0;0
01013422;7900294797378;tenis molekinho 2631.117 porto luis (branco off areia luis 22);55,89;12;0;0;0
01013423;7900294797385;tenis molekinho 2631.117 porto luis (branco off areia luis 23);55,89;12;0;0;0
01013424;7900294797392;tenis molekinho 2631.117 porto luis (branco off areia luis 24);55,89;12;0;0;0
01013425;7900294797408;tenis molekinho 2631.117 porto luis (branco off areia luis 25);55,89;12;0;0;0
01013426;7900294797415;tenis molekinho 2631.117 porto luis (branco off areia luis 26);55,89;12;0;0;0
01013517;;tenis molekinho 2641.105 rustico neo (caramelo neo 17);69,13;12;0;0;0
01013518;;tenis molekinho 2641.105 rustico neo (caramelo neo 18);69,13;12;0;0;0
01013519;7900294889875;tenis molekinho 2641.105 rustico neo (caramelo neo 19);69,13;12;0;0;0
01013520;7900294889882;tenis molekinho 2641.105 rustico neo (caramelo neo 20);69,13;12;0;0;0
01013521;7900294889899;tenis molekinho 2641.105 rustico neo (caramelo neo 21);69,13;12;0;0;0
01013522;7900294889905;tenis molekinho 2641.105 rustico neo (caramelo neo 22);69,13;12;0;0;0
01013523;;tenis molekinho 2641.105 rustico neo (caramelo neo 23);69,13;12;0;0;0
01013524;7900294889929;tenis molekinho 2641.105 rustico neo (caramelo neo 24);69,13;12;0;0;0
01013525;7900294889936;tenis molekinho 2641.105 rustico neo (caramelo neo 25);69,13;12;0;0;0
01013526;;tenis molekinho 2641.105 rustico neo (caramelo neo 26);69,13;12;0;0;0
01013700;7900294455551;mochila molekinha 20023.2 pvc degrade (rosa ballet/ azul sky un);64,56;12;0;0;0
01013800;7900067976900;mochila molekinha 20023.2 pvc degrade (prata/rosa un);64,56;12;0;0;0
01014300;7900190121321;mochila molekinha 20023.5 pvc (prata/pink glitter un);68,76;12;0;0;0
01014400;7900190121949;mochila molekinha 20023.5 pvc (dourado/ branco off un);68,76;12;0;0;0
01014526;7900350360935;sandalia molekinha 2361.205 italia (dourado/ouro rosado 26);59,85;12;0;0;0
01014527;7900350360942;sandalia molekinha 2361.205 italia (dourado/ouro rosado 27);59,85;12;0;0;0
01014528;7900350360959;sandalia molekinha 2361.205 italia (dourado/ouro rosado 28);59,85;12;0;0;0
01014529;7900350360966;sandalia molekinha 2361.205 italia (dourado/ouro rosado 29);59,85;12;0;0;0
01014530;7900350360973;sandalia molekinha 2361.205 italia (dourado/ouro rosado 30);59,85;12;0;0;0
01014531;7900350360980;sandalia molekinha 2361.205 italia (dourado/ouro rosado 31);59,85;12;0;0;0
01014532;7900350360997;sandalia molekinha 2361.205 italia (dourado/ouro rosado 32);59,85;12;0;0;0
01014533;7900350361000;sandalia molekinha 2361.205 italia (dourado/ouro rosado 33);59,85;12;0;0;0
01014534;7900350361017;sandalia molekinha 2361.205 italia (dourado/ouro rosado 34);59,85;12;0;0;0
01014535;7900350361024;sandalia molekinha 2361.205 italia (dourado/ouro rosado 35);59,85;12;0;0;0
01014536;7900350361031;sandalia molekinha 2361.205 italia (dourado/ouro rosado 36);59,85;12;0;0;0
01015000;7898723632669;massinha clayeez kit seu dino (sortido dino un);12,99;12;0;0;0
01015100;7898723632775;massinha clayeez kit seu docinho (sortido docinho un);12,99;12;0;0;0
01015200;7898723632850;massinha clayeez animais marinhos 12g (sortido animais marinhos un);4,64;12;0;0;0
01015300;7898723632898;massinha clayeez animais exoticos 12g (sortidos animais exoticos un);4,64;12;0;0;0
01015400;7898723632935;massinha clayeez refil 8g (sortidas refil un);1,53;12;0;0;0
01015526;;papete slide molekinha 2358.117 suprema (88085 preto 01 n 26);46,41;12;0;0;0
01015530;7900350004563;papete slide molekinha 2358.117 suprema (88085 preto 01 n 30);46,41;12;0;0;0
01015531;7900350004570;papete slide molekinha 2358.117 suprema (88085 preto 01 n 31);46,41;12;0;0;0
01015532;7900350004587;papete slide molekinha 2358.117 suprema (88085 preto 01 n 32);46,41;12;0;0;0
01015533;7900350004594;papete slide molekinha 2358.117 suprema (88085 preto 01 n 33);46,41;12;0;0;0
01015534;7900350004600;papete slide molekinha 2358.117 suprema (88085 preto 01 n 34);46,41;12;0;0;0
01015535;7900350004617;papete slide molekinha 2358.117 suprema (88085 preto 01 n 35);46,41;12;0;0;0
01015536;7900350004624;papete slide molekinha 2358.117 suprema (88085 preto 01 n 36);46,41;12;0;0;0
01015626;;papete slide molekinha 2358.117 suprema (92636 nude cristal n 26);46,41;12;0;0;0
01015627;;papete slide molekinha 2358.117 suprema (92636 nude cristal n 27);46,41;12;0;0;0
01015628;7900350004341;papete slide molekinha 2358.117 suprema (92636 nude cristal n 28);46,41;12;0;0;0
01015629;7900350004358;papete slide molekinha 2358.117 suprema (92636 nude cristal n 29);46,41;12;0;0;0
01015630;7900350004365;papete slide molekinha 2358.117 suprema (92636 nude cristal n 30);46,41;12;0;0;0
01015631;7900350004372;papete slide molekinha 2358.117 suprema (92636 nude cristal n 31);46,41;12;0;0;0
01015632;7900350004389;papete slide molekinha 2358.117 suprema (92636 nude cristal n 32);46,41;12;0;0;0
01015633;7900350004396;papete slide molekinha 2358.117 suprema (92636 nude cristal n 33);46,41;12;0;0;0
01015634;7900350004402;papete slide molekinha 2358.117 suprema (92636 nude cristal n 34);46,41;12;0;0;0
01015635;7900350004419;papete slide molekinha 2358.117 suprema (92636 nude cristal n 35);46,41;12;0;0;0
01015636;7900350004426;papete slide molekinha 2358.117 suprema (92636 nude cristal n 36);46,41;12;0;0;0
01015737;;tenis corrida actvitta 4938.104 duala (105910 royal n 37);121,07;12;0;0;0
01015738;;tenis corrida actvitta 4938.104 duala (105910 royal n 38);121,07;12;0;0;0
01015739;7900294915512;tenis corrida actvitta 4938.104 duala (105910 royal n 39);121,07;12;0;0;0
01015740;7900294915529;tenis corrida actvitta 4938.104 duala (105910 royal n 40);121,07;12;0;0;0
01015741;7900294915536;tenis corrida actvitta 4938.104 duala (105910 royal n 41);121,07;12;0;0;0
01015742;7900294915543;tenis corrida actvitta 4938.104 duala (105910 royal n 42);121,07;12;0;0;0
01015743;7900294915550;tenis corrida actvitta 4938.104 duala (105910 royal n 43);121,07;12;0;0;0
01015744;7900294915567;tenis corrida actvitta 4938.104 duala (105910 royal n 44);121,07;12;0;0;0
01015745;;tenis corrida actvitta 4938.104 duala (105910 royal n 45);121,07;12;0;0;0
01015837;7900294999345;tenis corrida actvitta 4938.104 duala (105913 preto/chumbo n 37);121,07;12;0;0;0
01015838;7900294999352;tenis corrida actvitta 4938.104 duala (105913 preto/chumbo n 38);121,07;12;0;0;0
01015839;7900294999369;tenis corrida actvitta 4938.104 duala (105913 preto/chumbo n 39);121,07;12;0;0;0
01015840;7900294999376;tenis corrida actvitta 4938.104 duala (105913 preto/chumbo n 40);121,07;12;0;0;0
01015841;7900294999383;tenis corrida actvitta 4938.104 duala (105913 preto/chumbo n 41);121,07;12;0;0;0
01015842;7900294999390;tenis corrida actvitta 4938.104 duala (105913 preto/chumbo n 42);121,07;12;0;0;0
01015843;7900294999406;tenis corrida actvitta 4938.104 duala (105913 preto/chumbo n 43);121,07;12;0;0;0
01015844;7900294999413;tenis corrida actvitta 4938.104 duala (105913 preto/chumbo n 44);121,07;12;0;0;0
01015845;;tenis corrida actvitta 4938.104 duala (105913 preto/chumbo n 45);121,07;12;0;0;0
01015926;;papete slide molekinha 2357.114 italia (23146 ouro rosado n 26);55,89;12;0;0;0
01015927;;papete slide molekinha 2357.114 italia (23146 ouro rosado n 27);55,89;12;0;0;0
01015928;7900294948312;papete slide molekinha 2357.114 italia (23146 ouro rosado n 28);55,89;12;0;0;0
01015929;7900294958748;papete slide molekinha 2357.114 italia (23146 ouro rosado n 29);55,89;12;0;0;0
01015930;7900294958755;papete slide molekinha 2357.114 italia (23146 ouro rosado n 30);55,89;12;0;0;0
01015931;7900294958762;papete slide molekinha 2357.114 italia (23146 ouro rosado n 31);55,89;12;0;0;0
01015932;7900294958779;papete slide molekinha 2357.114 italia (23146 ouro rosado n 32);55,89;12;0;0;0
01015933;7900294958786;papete slide molekinha 2357.114 italia (23146 ouro rosado n 33);55,89;12;0;0;0
01015934;7900294958793;papete slide molekinha 2357.114 italia (23146 ouro rosado n 34);55,89;12;0;0;0
01015935;7900294958809;papete slide molekinha 2357.114 italia (23146 ouro rosado n 35);55,89;12;0;0;0
01015936;7900294958816;papete slide molekinha 2357.114 italia (23146 ouro rosado n 36);55,89;12;0;0;0
01016026;7900350417127;sandalia molekinha 2357.117 tira pronta (58021 dourado nude 658 n 26);51,36;12;0;0;0
01016027;7900350417134;sandalia molekinha 2357.117 tira pronta (58021 dourado nude 658 n 27);51,36;12;0;0;0
01016028;7900350417141;sandalia molekinha 2357.117 tira pronta (58021 dourado nude 658 n 28);51,36;12;0;0;0
01016029;7900350417158;sandalia molekinha 2357.117 tira pronta (58021 dourado nude 658 n 29);51,36;12;0;0;0
01016030;7900350417165;sandalia molekinha 2357.117 tira pronta (58021 dourado nude 658 n 30);51,36;12;0;0;0
01016031;7900350417172;sandalia molekinha 2357.117 tira pronta (58021 dourado nude 658 n 31);51,36;12;0;0;0
01016032;7900350417189;sandalia molekinha 2357.117 tira pronta (58021 dourado nude 658 n 32);51,36;12;0;0;0
01016033;7900350417196;sandalia molekinha 2357.117 tira pronta (58021 dourado nude 658 n 33);51,36;12;0;0;0
01016034;7900350417202;sandalia molekinha 2357.117 tira pronta (58021 dourado nude 658 n 34);51,36;12;0;0;0
01016035;7900350417219;sandalia molekinha 2357.117 tira pronta (58021 dourado nude 658 n 35);51,36;12;0;0;0
01016036;7900350417226;sandalia molekinha 2357.117 tira pronta (58021 dourado nude 658 n 36);51,36;12;0;0;0
01016334;;tenis corrida actvitta 4849.104 xangai (105852 azul n 34);112,06;12;0;0;0
01016335;7900294918346;tenis corrida actvitta 4849.104 xangai (105852 azul n 35);112,06;12;0;0;0
01016336;7900294918353;tenis corrida actvitta 4849.104 xangai (105852 azul n 36);112,06;12;0;0;0
01016337;7900294918377;tenis corrida actvitta 4849.104 xangai (105852 azul n 37);112,06;12;0;0;0
01016338;7900294918391;tenis corrida actvitta 4849.104 xangai (105852 azul n 38);112,06;12;0;0;0
01016339;7900294918407;tenis corrida actvitta 4849.104 xangai (105852 azul n 39);112,06;12;0;0;0
01016340;7900294918414;tenis corrida actvitta 4849.104 xangai (105852 azul n 40);112,06;12;0;0;0
01016434;7900350190617;tenis corrida actvitta 4849.104 xangai (105855 preto pink n 34);112,06;12;0;0;0
01016435;7900350190624;tenis corrida actvitta 4849.104 xangai (105855 preto pink n 35);112,06;12;0;0;0
01016436;7900350190631;tenis corrida actvitta 4849.104 xangai (105855 preto pink n 36);112,06;12;0;0;0
01016437;7900350190655;tenis corrida actvitta 4849.104 xangai (105855 preto pink n 37);112,06;12;0;0;0
01016438;7900350190679;tenis corrida actvitta 4849.104 xangai (105855 preto pink n 38);112,06;12;0;0;0
01016439;7900350190686;tenis corrida actvitta 4849.104 xangai (105855 preto pink n 39);112,06;12;0;0;0
01016440;7900350190693;tenis corrida actvitta 4849.104 xangai (105855 preto pink n 40);112,06;12;0;0;0
01016634;;chinelo slide actvitta 4856.100 slide eva (105658 rosa s 34);38,50;12;0;0;0
01016635;7900294861888;chinelo slide actvitta 4856.100 slide eva (105658 rosa s 35);38,50;12;0;0;0
01016636;7900294861895;chinelo slide actvitta 4856.100 slide eva (105658 rosa s 36);38,50;12;0;0;0
01016637;7900294861918;chinelo slide actvitta 4856.100 slide eva (105658 rosa s 37);38,50;12;0;0;0
01016638;7900294861932;chinelo slide actvitta 4856.100 slide eva (105658 rosa s 38);38,50;12;0;0;0
01016639;7900294861949;chinelo slide actvitta 4856.100 slide eva (105658 rosa s 39);38,50;12;0;0;0
01016640;7900294861956;chinelo slide actvitta 4856.100 slide eva (105658 rosa s 40);38,50;12;0;0;0
01016833;7909989711439;chinelo dedo havaianas slim point (amaranto/amarelo n 33/34);45,17;12;0;0;0
01016835;7909989711446;chinelo dedo havaianas slim point (amaranto/amarelo n 35/36);45,17;12;0;0;0
01016837;7909989711453;chinelo dedo havaianas slim point (amaranto/amarelo n 37/38);45,17;12;0;0;0
01016839;7909989711460;chinelo dedo havaianas slim point (amaranto/amarelo n 39/40);45,17;12;0;0;0
01016841;7909989711477;chinelo dedo havaianas slim point (amaranto/amarelo n 41/42);45,17;12;0;0;0
01016843;;chinelo dedo havaianas slim point (amaranto/amarelo n 43/44);45,17;12;0;0;0
01016845;;chinelo dedo havaianas slim point (amaranto/amarelo n 45/46);45,17;12;0;0;0
01016933;7909989419755;chinelo havaianas h. brasil logo 2024/25 (buttercream n 33/34);32,97;12;0;0;0
01016935;7909989419762;chinelo havaianas h. brasil logo 2024/25 (buttercream n 35/36);32,97;12;0;0;0
01016937;7909989419779;chinelo havaianas h. brasil logo 2024/25 (buttercream n 37/38);32,97;12;0;0;0
01016939;7909989419786;chinelo havaianas h. brasil logo 2024/25 (buttercream n 39/40);32,97;12;0;0;0
01016941;7909989419793;chinelo havaianas h. brasil logo 2024/25 (buttercream n 41/42);32,97;12;0;0;0
01016943;7909989419809;chinelo havaianas h. brasil logo 2024/25 (buttercream n 43/44);32,97;12;0;0;0
01016945;7909989419816;chinelo havaianas h. brasil logo 2024/25 (buttercream n 45/46);32,97;12;0;0;0
01016947;;chinelo havaianas h. brasil logo 2024/25 (buttercream n 47/48);32,97;12;0;0;0
01017027;7909800872820;chinelo slide molekinho 2417.100 slide eva (preto eva 27/28);28,23;12;0;0;0
01017029;7909800872837;chinelo slide molekinho 2417.100 slide eva (preto eva 29/30);28,23;12;0;0;0
01017031;7909800872844;chinelo slide molekinho 2417.100 slide eva (preto eva 31/32);28,23;12;0;0;0
01017033;7909800872851;chinelo slide molekinho 2417.100 slide eva (preto eva 33/34);28,23;12;0;0;0
01017035;7909800872868;chinelo slide molekinho 2417.100 slide eva (preto eva 35/36);28,23;12;0;0;0
01017127;7909800872875;chinelo slide molekinho 2417.100 slide eva (marinho eva 27/28);28,23;12;0;0;0
01017129;7909800771673;chinelo slide molekinho 2417.100 slide eva (marinho eva 29/30);28,23;12;0;0;0
01017131;7909800872882;chinelo slide molekinho 2417.100 slide eva (marinho eva 31/32);28,23;12;0;0;0
01017133;7909800872899;chinelo slide molekinho 2417.100 slide eva (marinho eva 33/34);28,23;12;0;0;0
01017135;7909800872905;chinelo slide molekinho 2417.100 slide eva (marinho eva 35/36);28,23;12;0;0;0
01017727;7909800859647;chinelo slide molekinha 2338.100 slide eva (78276 rosa 942 n 27/28);28,97;12;0;0;0
01017729;7909800770386;chinelo slide molekinha 2338.100 slide eva (78276 rosa 942 n 29/30);28,97;12;0;0;0
01017731;7909800859654;chinelo slide molekinha 2338.100 slide eva (78276 rosa 942 n 31/32);28,97;12;0;0;0
01017733;7909800859661;chinelo slide molekinha 2338.100 slide eva (78276 rosa 942 n 33/34);28,97;12;0;0;0
01017735;7909800859678;chinelo slide molekinha 2338.100 slide eva (78276 rosa 942 n 35/36);28,97;12;0;0;0
01019233;;chinelo slide olympikus melbourne 2 (militar/verde/mus melb 2 33/34);79,50;12;0;0;0
01019235;;chinelo slide olympikus melbourne 2 (militar/verde/mus melb 2 35/36);79,50;12;0;0;0
01019237;7894756431767;chinelo slide olympikus melbourne 2 (militar/verde/mus melb 2 37/38);79,50;12;0;0;0
01019239;7894756431873;chinelo slide olympikus melbourne 2 (militar/verde/mus melb 2 39/40);79,50;12;0;0;0
01019241;7894929033125;chinelo slide olympikus melbourne 2 (militar/verde/mus melb 2 41/42);79,50;12;0;0;0
01019243;7894929033163;chinelo slide olympikus melbourne 2 (militar/verde/mus melb 2 43/44);79,50;12;0;0;0
01019723;;sandalia grendene kids 23268 barbie fly mochila (bt328 rosa 23/24);71,92;12;0;0;0
01019725;7900204663649;sandalia grendene kids 23268 barbie fly mochila (bt328 rosa 25);71,92;12;0;0;0
01019726;7900204663656;sandalia grendene kids 23268 barbie fly mochila (bt328 rosa 26/27);71,92;12;0;0;0
01019728;7900204663663;sandalia grendene kids 23268 barbie fly mochila (bt328 rosa 28);71,92;12;0;0;0
01019729;7900204663670;sandalia grendene kids 23268 barbie fly mochila (bt328 rosa 29);71,92;12;0;0;0
01019730;7900204663687;sandalia grendene kids 23268 barbie fly mochila (bt328 rosa 30);71,92;12;0;0;0
01019731;7900204663694;sandalia grendene kids 23268 barbie fly mochila (bt328 rosa 31);71,92;12;0;0;0
01019732;7900204663700;sandalia grendene kids 23268 barbie fly mochila (bt328 rosa 32/33);71,92;12;0;0;0
01019734;;sandalia grendene kids 23268 barbie fly mochila (bt328 rosa 34);71,92;12;0;0;0
01019735;;sandalia grendene kids 23268 barbie fly mochila (bt328 rosa 35/36);71,92;12;0;0;0
01019817;;sandalia led grendene kids 23407 patrulha canin (bt447 rosa 17/18);51,38;12;0;0;0
01019819;7900204685702;sandalia led grendene kids 23407 patrulha canin (bt447 rosa 19);51,38;12;0;0;0
01019820;7900204685719;sandalia led grendene kids 23407 patrulha canin (bt447 rosa 20/21);51,38;12;0;0;0
01019822;7900204685726;sandalia led grendene kids 23407 patrulha canin (bt447 rosa 22);51,38;12;0;0;0
01019823;7900204685733;sandalia led grendene kids 23407 patrulha canin (bt447 rosa 23/24);51,38;12;0;0;0
01019825;7900204685740;sandalia led grendene kids 23407 patrulha canin (bt447 rosa 25);51,38;12;0;0;0
01019826;7900204685757;sandalia led grendene kids 23407 patrulha canin (bt447 rosa 26/27);51,38;12;0;0;0
01019917;;sandalia led grendene kids 23407 patrulha can (bt448 azul escuro 17/18);51,38;12;0;0;0
01019919;7900204685771;sandalia led grendene kids 23407 patrulha can (bt448 azul escuro 19);51,38;12;0;0;0
01019920;7900204685788;sandalia led grendene kids 23407 patrulha can (bt448 azul escuro 20/21);51,38;12;0;0;0
01019922;7900204685795;sandalia led grendene kids 23407 patrulha can (bt448 azul escuro 22);51,38;12;0;0;0
01019923;7900204685801;sandalia led grendene kids 23407 patrulha can (bt448 azul escuro 23/24);51,38;12;0;0;0
01019925;7900204685818;sandalia led grendene kids 23407 patrulha can (bt448 azul escuro 25);51,38;12;0;0;0
01019926;7900204685825;sandalia led grendene kids 23407 patrulha can (bt448 azul escuro 26/27);51,38;12;0;0;0
01021233;;chinelo dedo havaianas top herois 25/26 (herois branco/marinho 33/34);27,48;12;0;0;0
01021235;7909989744550;chinelo dedo havaianas top herois 25/26 (herois branco/marinho 35/36);27,48;12;0;0;0
01021237;7909989744567;chinelo dedo havaianas top herois 25/26 (herois branco/marinho 37/38);27,48;12;0;0;0
01021239;7909989744574;chinelo dedo havaianas top herois 25/26 (herois branco/marinho 39/40);27,48;12;0;0;0
01021241;7909989744581;chinelo dedo havaianas top herois 25/26 (herois branco/marinho 41/42);27,48;12;0;0;0
01021243;;chinelo dedo havaianas top herois 25/26 (herois branco/marinho 43/44);27,48;12;0;0;0
01021245;;chinelo dedo havaianas top herois 25/26 (herois branco/marinho 45/46);27,48;12;0;0;0
01021247;;chinelo dedo havaianas top herois 25/26 (herois branco/marinho 47/48);27,48;12;0;0;0
01021328;;sandalia saltinho molekinha 2347.107 glamour (strass ouro rosad 28);60,24;12;0;0;0
01021329;7900294965241;sandalia saltinho molekinha 2347.107 glamour (strass ouro rosad 29);60,24;12;0;0;0
01021330;7900294965258;sandalia saltinho molekinha 2347.107 glamour (strass ouro rosad 30);60,24;12;0;0;0
01021331;7900294965265;sandalia saltinho molekinha 2347.107 glamour (strass ouro rosad 31);60,24;12;0;0;0
01021332;7900294965272;sandalia saltinho molekinha 2347.107 glamour (strass ouro rosad 32);60,24;12;0;0;0
01021333;7900294965289;sandalia saltinho molekinha 2347.107 glamour (strass ouro rosad 33);60,24;12;0;0;0
01021334;7900294965296;sandalia saltinho molekinha 2347.107 glamour (strass ouro rosad 34);60,24;12;0;0;0
01021335;7900294965302;sandalia saltinho molekinha 2347.107 glamour (strass ouro rosad 35);60,24;12;0;0;0
01021336;7900294965319;sandalia saltinho molekinha 2347.107 glamour (strass ouro rosad 36);60,24;12;0;0;0
01021427;;sandalia saltinho molekinha 2347.100 napa twist (twist branco off 27);51,36;12;0;0;0
01021428;;sandalia saltinho molekinha 2347.100 napa twist (twist branco off 28);51,36;12;0;0;0
01021429;7900350446363;sandalia saltinho molekinha 2347.100 napa twist (twist branco off 29);51,36;12;0;0;0
01021430;7900350446370;sandalia saltinho molekinha 2347.100 napa twist (twist branco off 30);51,36;12;0;0;0
01021431;7900350446387;sandalia saltinho molekinha 2347.100 napa twist (twist branco off 31);51,36;12;0;0;0
01021432;7900350446394;sandalia saltinho molekinha 2347.100 napa twist (twist branco off 32);51,36;12;0;0;0
01021433;7900350446400;sandalia saltinho molekinha 2347.100 napa twist (twist branco off 33);51,36;12;0;0;0
01021434;7900350446417;sandalia saltinho molekinha 2347.100 napa twist (twist branco off 34);51,36;12;0;0;0
01021435;7900350446424;sandalia saltinho molekinha 2347.100 napa twist (twist branco off 35);51,36;12;0;0;0
01021436;7900350446431;sandalia saltinho molekinha 2347.100 napa twist (twist branco off 36);51,36;12;0;0;0
01021633;;sandalia modare 7125.233 italia (92096 preto/dourado 33);54,98;12;0;0;0
01021634;7900350346397;sandalia modare 7125.233 italia (92096 preto/dourado 34);54,98;12;0;0;0
01021635;7900350346403;sandalia modare 7125.233 italia (92096 preto/dourado 35);54,98;12;0;0;0
01021636;7900350346410;sandalia modare 7125.233 italia (92096 preto/dourado 36);54,98;12;0;0;0
01021637;7900350346434;sandalia modare 7125.233 italia (92096 preto/dourado 37);54,98;12;0;0;0
01021638;7900350346458;sandalia modare 7125.233 italia (92096 preto/dourado 38);54,98;12;0;0;0
01021639;7900350346465;sandalia modare 7125.233 italia (92096 preto/dourado 39);54,98;12;0;0;0
01021640;7900350346472;sandalia modare 7125.233 italia (92096 preto/dourado 40);54,98;12;0;0;0
01021833;7899404963706;chinelo boaonda 1319 lily floral gold (003 calena/floral 255 33/34);46,58;12;0;0;0
01021835;7899404963744;chinelo boaonda 1319 lily floral gold (003 calena/floral 255 35/36);46,58;12;0;0;0
01021837;7899404963782;chinelo boaonda 1319 lily floral gold (003 calena/floral 255 37/38);46,58;12;0;0;0
01021839;7899404963829;chinelo boaonda 1319 lily floral gold (003 calena/floral 255 39/40);46,58;12;0;0;0
01021933;7900350570419;tamanco modare 7100.110 lumy (98321 preto/black 33);84,17;12;0;0;0
01021937;7900350570457;tamanco modare 7100.110 lumy (98321 preto/black 37);84,17;12;0;0;0
01021938;7900350570464;tamanco modare 7100.110 lumy (98321 preto/black 38);84,17;12;0;0;0
01021939;7900350570471;tamanco modare 7100.110 lumy (98321 preto/black 39);84,17;12;0;0;0
01021940;7900350570488;tamanco modare 7100.110 lumy (98321 preto/black 40);84,17;12;0;0;0
01022235;;tamanco slide modare 7215.102 nobuck (preto nobuck 35);78,29;12;0;0;0
01022236;7900294795688;tamanco slide modare 7215.102 nobuck (preto nobuck 36);78,29;12;0;0;0
01022237;7900294795701;tamanco slide modare 7215.102 nobuck (preto nobuck 37);78,29;12;0;0;0
01022238;7900294795725;tamanco slide modare 7215.102 nobuck (preto nobuck 38);78,29;12;0;0;0
01022239;7900294795732;tamanco slide modare 7215.102 nobuck (preto nobuck 39);78,29;12;0;0;0
01022240;7900294795749;tamanco slide modare 7215.102 nobuck (preto nobuck 40);78,29;12;0;0;0
01022335;;tamanco slide modare 7215.102 nobuck (nude nobuck 35);78,29;12;0;0;0
01022336;7900294795787;tamanco slide modare 7215.102 nobuck (nude nobuck 36);78,29;12;0;0;0
01022337;7900294795800;tamanco slide modare 7215.102 nobuck (nude nobuck 37);78,29;12;0;0;0
01022338;7900294795824;tamanco slide modare 7215.102 nobuck (nude nobuck 38);78,29;12;0;0;0
01022339;7900294795831;tamanco slide modare 7215.102 nobuck (nude nobuck 39);78,29;12;0;0;0
01022340;7900294795848;tamanco slide modare 7215.102 nobuck (nude nobuck 40);78,29;12;0;0;0
01022434;7900350520629;tamanco modare 7142.145 gaspea lumy (preto black diamond 34);59,85;12;0;0;0
01022435;7900350520636;tamanco modare 7142.145 gaspea lumy (preto black diamond 35);59,85;12;0;0;0
01022436;7900350520643;tamanco modare 7142.145 gaspea lumy (preto black diamond 36);59,85;12;0;0;0
01022437;7900350520650;tamanco modare 7142.145 gaspea lumy (preto black diamond 37);59,85;12;0;0;0
01022438;7900350520667;tamanco modare 7142.145 gaspea lumy (preto black diamond 38);59,85;12;0;0;0
01022439;7900350520674;tamanco modare 7142.145 gaspea lumy (preto black diamond 39);59,85;12;0;0;0
01022440;7900350520681;tamanco modare 7142.145 gaspea lumy (preto black diamond 40);59,85;12;0;0;0
01024535;7909989807880;chinelo havaianas top naruto 25/6 (areia/areia naruto 35/36);36,63;12;0;0;0
01024537;7909989807897;chinelo havaianas top naruto 25/6 (areia/areia naruto 37/38);36,63;12;0;0;0
01024539;7909989807903;chinelo havaianas top naruto 25/6 (areia/areia naruto 39/40);36,63;12;0;0;0
01024541;7909989807910;chinelo havaianas top naruto 25/6 (areia/areia naruto 41/42);36,63;12;0;0;0
01024543;7909989807927;chinelo havaianas top naruto 25/6 (areia/areia naruto 43/44);36,63;12;0;0;0
01024545;;chinelo havaianas top naruto 25/6 (areia/areia naruto 45/46);36,63;12;0;0;0
01024547;;chinelo havaianas top naruto 25/6 (areia/areia naruto 47/48);36,63;12;0;0;0
01024633;;tamanco modare 7210.206 suprema (preto suprema 33);70,99;12;0;0;0
01024634;7900294510120;tamanco modare 7210.206 suprema (preto suprema 34);70,99;12;0;0;0
01024635;7900294510137;tamanco modare 7210.206 suprema (preto suprema 35);70,99;12;0;0;0
01024636;7900294510144;tamanco modare 7210.206 suprema (preto suprema 36);70,99;12;0;0;0
01024637;7900294510168;tamanco modare 7210.206 suprema (preto suprema 37);70,99;12;0;0;0
01024638;7900294510182;tamanco modare 7210.206 suprema (preto suprema 38);70,99;12;0;0;0
01024639;7900294510199;tamanco modare 7210.206 suprema (preto suprema 39);70,99;12;0;0;0
01024640;7900294510205;tamanco modare 7210.206 suprema (preto suprema 40);70,99;12;0;0;0
01024733;;tamanco modare 7210.206 suprema (nude suprema 33);70,99;12;0;0;0
01024734;7900294578748;tamanco modare 7210.206 suprema (nude suprema 34);70,99;12;0;0;0
01024735;7900294578755;tamanco modare 7210.206 suprema (nude suprema 35);70,99;12;0;0;0
01024736;7900294578762;tamanco modare 7210.206 suprema (nude suprema 36);70,99;12;0;0;0
01024737;7900294578786;tamanco modare 7210.206 suprema (nude suprema 37);70,99;12;0;0;0
01024738;7900294578809;tamanco modare 7210.206 suprema (nude suprema 38);70,99;12;0;0;0
01024739;7900294578816;tamanco modare 7210.206 suprema (nude suprema 39);70,99;12;0;0;0
01024740;7900294578823;tamanco modare 7210.206 suprema (nude suprema 40);70,99;12;0;0;0
01024833;;babuche moleca 5832.100 pvc (bab branco off 526 33);38,84;12;0;0;0
01024834;;babuche moleca 5832.100 pvc (bab branco off 526 34);38,84;12;0;0;0
01024835;7900294900594;babuche moleca 5832.100 pvc (bab branco off 526 35);38,84;12;0;0;0
01024836;7900294900600;babuche moleca 5832.100 pvc (bab branco off 526 36);38,84;12;0;0;0
01024837;7900294900624;babuche moleca 5832.100 pvc (bab branco off 526 37);38,84;12;0;0;0
01024838;7900294900648;babuche moleca 5832.100 pvc (bab branco off 526 38);38,84;12;0;0;0
01024839;7900294900655;babuche moleca 5832.100 pvc (bab branco off 526 39);38,84;12;0;0;0
01024840;7900294900662;babuche moleca 5832.100 pvc (bab branco off 526 40);38,84;12;0;0;0
01024933;;babuche moleca 5832.100 pvc (bab preto 01 33);38,84;12;0;0;0
01024934;7900294900488;babuche moleca 5832.100 pvc (bab preto 01 34);38,84;12;0;0;0
01024935;7900294900495;babuche moleca 5832.100 pvc (bab preto 01 35);38,84;12;0;0;0
01024936;7900294900501;babuche moleca 5832.100 pvc (bab preto 01 36);38,84;12;0;0;0
01024937;7900294900525;babuche moleca 5832.100 pvc (bab preto 01 37);38,84;12;0;0;0
01024938;7900294900549;babuche moleca 5832.100 pvc (bab preto 01 38);38,84;12;0;0;0
01024939;7900294900556;babuche moleca 5832.100 pvc (bab preto 01 39);38,84;12;0;0;0
01024940;7900294900563;babuche moleca 5832.100 pvc (bab preto 01 40);38,84;12;0;0;0
01025033;;babuche moleca 5832.100 pvc (bab chocolate 33);38,84;12;0;0;0
01025034;;babuche moleca 5832.100 pvc (bab chocolate 34);38,84;12;0;0;0
01025035;7900294900693;babuche moleca 5832.100 pvc (bab chocolate 35);38,84;12;0;0;0
01025036;7900294900709;babuche moleca 5832.100 pvc (bab chocolate 36);38,84;12;0;0;0
01025037;7900294900723;babuche moleca 5832.100 pvc (bab chocolate 37);38,84;12;0;0;0
01025038;7900294900747;babuche moleca 5832.100 pvc (bab chocolate 38);38,84;12;0;0;0
01025039;7900294900754;babuche moleca 5832.100 pvc (bab chocolate 39);38,84;12;0;0;0
01025040;7900294900761;babuche moleca 5832.100 pvc (bab chocolate 40);38,84;12;0;0;0
01025123;;babuche molekinha 2591.103 injt eva pi (bab creme 985 23/24);45,04;12;0;0;0
01025125;7900294862755;babuche molekinha 2591.103 injt eva pi (bab creme 985 25/26);45,04;12;0;0;0
01025127;7900294862762;babuche molekinha 2591.103 injt eva pi (bab creme 985 27/28);45,04;12;0;0;0
01025129;7900294862779;babuche molekinha 2591.103 injt eva pi (bab creme 985 29/30);45,04;12;0;0;0
01025131;7900294862786;babuche molekinha 2591.103 injt eva pi (bab creme 985 31/32);45,04;12;0;0;0
01025133;7900294862793;babuche molekinha 2591.103 injt eva pi (bab creme 985 33/34);45,04;12;0;0;0
01025135;7900294862809;babuche molekinha 2591.103 injt eva pi (bab creme 985 35/36);45,04;12;0;0;0
01026223;;babuche molekinho 2874.202 gaspea eva (preto amarelo neon 23/24);42,61;12;0;0;0
01026225;;babuche molekinho 2874.202 gaspea eva (preto amarelo neon 25/26);42,61;12;0;0;0
01026227;7900294860805;babuche molekinho 2874.202 gaspea eva (preto amarelo neon 27/28);42,61;12;0;0;0
01026229;7900294860812;babuche molekinho 2874.202 gaspea eva (preto amarelo neon 29/30);42,61;12;0;0;0
01026231;7900294860829;babuche molekinho 2874.202 gaspea eva (preto amarelo neon 31/32);42,61;12;0;0;0
01026233;7900294860836;babuche molekinho 2874.202 gaspea eva (preto amarelo neon 33/34);42,61;12;0;0;0
01026235;7900294860843;babuche molekinho 2874.202 gaspea eva (preto amarelo neon 35/36);42,61;12;0;0;0
01026323;;babuche molekinho 2874.202 gaspea eva (marinho laranja 23/24);42,61;12;0;0;0
01026325;;babuche molekinho 2874.202 gaspea eva (marinho laranja 25/26);42,61;12;0;0;0
01026327;7900294862489;babuche molekinho 2874.202 gaspea eva (marinho laranja 27/28);42,61;12;0;0;0
01026329;7900294862496;babuche molekinho 2874.202 gaspea eva (marinho laranja 29/30);42,61;12;0;0;0
01026331;7900294862502;babuche molekinho 2874.202 gaspea eva (marinho laranja 31/32);42,61;12;0;0;0
01026333;7900294862519;babuche molekinho 2874.202 gaspea eva (marinho laranja 33/34);42,61;12;0;0;0
01026335;7900294862526;babuche molekinho 2874.202 gaspea eva (marinho laranja 35/36);42,61;12;0;0;0
01026423;;babuche molekinho 2874.100 injet eva (areia 1137 23/24);39,67;12;0;0;0
01026425;;babuche molekinho 2874.100 injet eva (areia 1137 25/26);39,67;12;0;0;0
01026427;7900294862533;babuche molekinho 2874.100 injet eva (areia 1137 27/28);39,67;12;0;0;0
01026429;7900294862540;babuche molekinho 2874.100 injet eva (areia 1137 29/30);39,67;12;0;0;0
01026431;7900294862557;babuche molekinho 2874.100 injet eva (areia 1137 31/32);39,67;12;0;0;0
01026433;7900294862564;babuche molekinho 2874.100 injet eva (areia 1137 33/34);39,67;12;0;0;0
01026435;7900294862571;babuche molekinho 2874.100 injet eva (areia 1137 35/36);39,67;12;0;0;0
01026533;;chinelo slide beira rio 8360.303 napa lezard (preto grecia 33);34,79;12;0;0;0
01026534;7900350826424;chinelo slide beira rio 8360.303 napa lezard (preto grecia 34);34,79;12;0;0;0
01026535;7900350826431;chinelo slide beira rio 8360.303 napa lezard (preto grecia 35);34,79;12;0;0;0
01026536;7900350826448;chinelo slide beira rio 8360.303 napa lezard (preto grecia 36);34,79;12;0;0;0
01026537;7900350826462;chinelo slide beira rio 8360.303 napa lezard (preto grecia 37);34,79;12;0;0;0
01026538;7900350826486;chinelo slide beira rio 8360.303 napa lezard (preto grecia 38);34,79;12;0;0;0
01026539;7900350826493;chinelo slide beira rio 8360.303 napa lezard (preto grecia 39);34,79;12;0;0;0
01026540;7900350826509;chinelo slide beira rio 8360.303 napa lezard (preto grecia 40);34,79;12;0;0;0
01026634;7900350558905;papete beira rio 8488.125 tira strass (89099 ouro rosado 34);50,17;12;0;0;0
01026635;7900350558912;papete beira rio 8488.125 tira strass (89099 ouro rosado 35);50,17;12;0;0;0
01026636;7900350558929;papete beira rio 8488.125 tira strass (89099 ouro rosado 36);50,17;12;0;0;0
01026637;7900350558943;papete beira rio 8488.125 tira strass (89099 ouro rosado 37);50,17;12;0;0;0
01026638;7900350558967;papete beira rio 8488.125 tira strass (89099 ouro rosado 38);50,17;12;0;0;0
01026639;7900350558974;papete beira rio 8488.125 tira strass (89099 ouro rosado 39);50,17;12;0;0;0
01026640;7900350558981;papete beira rio 8488.125 tira strass (89099 ouro rosado 40);50,17;12;0;0;0
01026641;7900350558998;papete beira rio 8488.125 tira strass (89099 ouro rosado 41);50,17;12;0;0;0
01026642;7900350559001;papete beira rio 8488.125 tira strass (89099 ouro rosado 42);50,17;12;0;0;0
01026734;7900350559032;papete beira rio 8488.125 tira strass (89101 black diamond 34);50,17;12;0;0;0
01026735;7900350559049;papete beira rio 8488.125 tira strass (89101 black diamond 35);50,17;12;0;0;0
01026736;7900350559056;papete beira rio 8488.125 tira strass (89101 black diamond 36);50,17;12;0;0;0
01026737;7900350559070;papete beira rio 8488.125 tira strass (89101 black diamond 37);50,17;12;0;0;0
01026738;7900350559094;papete beira rio 8488.125 tira strass (89101 black diamond 38);50,17;12;0;0;0
01026739;7900350559100;papete beira rio 8488.125 tira strass (89101 black diamond 39);50,17;12;0;0;0
01026740;7900350559117;papete beira rio 8488.125 tira strass (89101 black diamond 40);50,17;12;0;0;0
01026741;7900350559124;papete beira rio 8488.125 tira strass (89101 black diamond 41);50,17;12;0;0;0
01026742;7900350559131;papete beira rio 8488.125 tira strass (89101 black diamond 42);50,17;12;0;0;0
01027337;7900204583275;chinelo cartago 12339 napoles iv (bs187 cinza/azul 37/38);51,38;12;0;0;0
01027339;7900204583282;chinelo cartago 12339 napoles iv (bs187 cinza/azul 39);51,38;12;0;0;0
01027340;7900204583299;chinelo cartago 12339 napoles iv (bs187 cinza/azul 40);51,38;12;0;0;0
01027341;7900204583305;chinelo cartago 12339 napoles iv (bs187 cinza/azul 41);51,38;12;0;0;0
01027342;7900204583312;chinelo cartago 12339 napoles iv (bs187 cinza/azul 42);51,38;12;0;0;0
01027343;7900204583329;chinelo cartago 12339 napoles iv (bs187 cinza/azul 43/44);51,38;12;0;0;0
01027345;;chinelo cartago 12339 napoles iv (bs187 cinza/azul 45);51,38;12;0;0;0
01027523;7900204759519;chinelo kids ipanema 27324 jurassic park ii (bt998  verde/verde 23/24);15,41;12;0;0;0
01027525;7900204759502;chinelo kids ipanema 27324 jurassic park ii (bt998  verde/verde 25/26);15,41;12;0;0;0
01027527;7900204759496;chinelo kids ipanema 27324 jurassic park ii (bt998  verde/verde 27/28);15,41;12;0;0;0
01027529;7900204759489;chinelo kids ipanema 27324 jurassic park ii (bt998  verde/verde 29/30);15,41;12;0;0;0
01027531;7900204759472;chinelo kids ipanema 27324 jurassic park ii (bt998  verde/verde 31/32);15,41;12;0;0;0
01027533;7900204759465;chinelo kids ipanema 27324 jurassic park ii (bt998  verde/verde 33/34);15,41;12;0;0;0
01027535;7900204759458;chinelo kids ipanema 27324 jurassic park ii (bt998  verde/verde 35);15,41;12;0;0;0
01027536;7900204759441;chinelo kids ipanema 27324 jurassic park ii (bt998  verde/verde 36);15,41;12;0;0;0
01028217;7900204752756;sandalia zaxynina 19287 sweety (bt395 rosa dalia 17/18);25,68;12;0;0;0
01028219;7900204752763;sandalia zaxynina 19287 sweety (bt395 rosa dalia 19);25,68;12;0;0;0
01028220;7900204752770;sandalia zaxynina 19287 sweety (bt395 rosa dalia 20);25,68;12;0;0;0
01028221;7900204752787;sandalia zaxynina 19287 sweety (bt395 rosa dalia 21);25,68;12;0;0;0
01028222;7900204752794;sandalia zaxynina 19287 sweety (bt395 rosa dalia 22);25,68;12;0;0;0
01028223;7900204752800;sandalia zaxynina 19287 sweety (bt395 rosa dalia 23/24);25,68;12;0;0;0
01028225;7900204752817;sandalia zaxynina 19287 sweety (bt395 rosa dalia 25);25,68;12;0;0;0
01028226;7900204752824;sandalia zaxynina 19287 sweety (bt395 rosa dalia 26/27);25,68;12;0;0;0
01028333;7900204813990;sandalia grendha 19315 perolas (bu595 off white medio 33/34);25,68;12;0;0;0
01028335;7900204814003;sandalia grendha 19315 perolas (bu595 off white medio 35);25,68;12;0;0;0
01028336;7900204814010;sandalia grendha 19315 perolas (bu595 off white medio 36);25,68;12;0;0;0
01028337;7900204814027;sandalia grendha 19315 perolas (bu595 off white medio 37);25,68;12;0;0;0
01028338;7900204814034;sandalia grendha 19315 perolas (bu595 off white medio 38);25,68;12;0;0;0
01028339;7900204814041;sandalia grendha 19315 perolas (bu595 off white medio 39/40);25,68;12;0;0;0
01028433;7900204814058;sandalia grendha 19315 perolas (bu597 preto 33/34);25,68;12;0;0;0
01028435;7900204814065;sandalia grendha 19315 perolas (bu597 preto 35);25,68;12;0;0;0
01028436;7900204814072;sandalia grendha 19315 perolas (bu597 preto 36);25,68;12;0;0;0
01028437;7900204814089;sandalia grendha 19315 perolas (bu597 preto 37);25,68;12;0;0;0
01028438;7900204814096;sandalia grendha 19315 perolas (bu597 preto 38);25,68;12;0;0;0
01028439;7900204814102;sandalia grendha 19315 perolas (bu597 preto 39/40);25,68;12;0;0;0
01028533;7900204814171;sandalia grendha 19315 perolas (bu600 marrom pecan 33/34);25,68;12;0;0;0
01028535;7900204814188;sandalia grendha 19315 perolas (bu600 marrom pecan 35);25,68;12;0;0;0
01028536;7900204814195;sandalia grendha 19315 perolas (bu600 marrom pecan 36);25,68;12;0;0;0
01028537;7900204814201;sandalia grendha 19315 perolas (bu600 marrom pecan 37);25,68;12;0;0;0
01028538;7900204814218;sandalia grendha 19315 perolas (bu600 marrom pecan 38);25,68;12;0;0;0
01028539;7900204814225;sandalia grendha 19315 perolas (bu600 marrom pecan 39/40);25,68;12;0;0;0
01028923;7900204625074;chinelo kids ipanema 26790 turma cebolinha (br675 azul/preto 23/24);12,84;12;0;0;0
01028925;7900204625067;chinelo kids ipanema 26790 turma cebolinha (br675 azul/preto 25/26);12,84;12;0;0;0
01028927;7900204625050;chinelo kids ipanema 26790 turma cebolinha (br675 azul/preto 27/28);12,84;12;0;0;0
01028929;7900204625043;chinelo kids ipanema 26790 turma cebolinha (br675 azul/preto 29/30);12,84;12;0;0;0
01028931;;chinelo kids ipanema 26790 turma cebolinha (br675 azul/preto 31/32);12,84;12;0;0;0
01028933;7900204625029;chinelo kids ipanema 26790 turma cebolinha (br675 azul/preto 33/34);12,84;12;0;0;0
01029233;7900204727082;chinelo ipanema 27398 glow (bu033 off white 33/34);12,84;12;0;0;0
01029235;7900204727099;chinelo ipanema 27398 glow (bu033 off white 35);12,84;12;0;0;0
01029236;7900204727105;chinelo ipanema 27398 glow (bu033 off white 36);12,84;12;0;0;0
01029237;7900204727112;chinelo ipanema 27398 glow (bu033 off white 37);12,84;12;0;0;0
01029238;7900204727129;chinelo ipanema 27398 glow (bu033 off white 38);12,84;12;0;0;0
01029239;7900204727136;chinelo ipanema 27398 glow (bu033 off white 39/40);12,84;12;0;0;0
01029333;7900204609739;chinelo slide ipanema 27400 glow slide (br775 preto/preto 33/34);15,41;12;0;0;0
01029335;7900204609746;chinelo slide ipanema 27400 glow slide (br775 preto/preto 35);15,41;12;0;0;0
01029336;7900204609753;chinelo slide ipanema 27400 glow slide (br775 preto/preto 36);15,41;12;0;0;0
01029337;7900204609760;chinelo slide ipanema 27400 glow slide (br775 preto/preto 37);15,41;12;0;0;0
01029338;7900204609777;chinelo slide ipanema 27400 glow slide (br775 preto/preto 38);15,41;12;0;0;0
01029339;7900204609784;chinelo slide ipanema 27400 glow slide (br775 preto/preto 39/40);15,41;12;0;0;0
01029433;7900204609791;chinelo slide ipanema 27400 glow slide (br777 bege/ dourado 33/34);15,41;12;0;0;0
01029435;7900204609807;chinelo slide ipanema 27400 glow slide (br777 bege/ dourado 35);15,41;12;0;0;0
01029436;7900204609814;chinelo slide ipanema 27400 glow slide (br777 bege/ dourado 36);15,41;12;0;0;0
01029437;7900204609821;chinelo slide ipanema 27400 glow slide (br777 bege/ dourado 37);15,41;12;0;0;0
01029438;7900204609838;chinelo slide ipanema 27400 glow slide (br777 bege/ dourado 38);15,41;12;0;0;0
01029439;7900204609845;chinelo slide ipanema 27400 glow slide (br777 bege/ dourado 39/40);15,41;12;0;0;0
01029533;7900204617468;sandalia ipanema 27402 glow (br731 glow 33/34);18,62;12;0;0;0
01029535;7900204617475;sandalia ipanema 27402 glow (br731 glow 35);18,62;12;0;0;0
01029536;7900204617482;sandalia ipanema 27402 glow (br731 glow 36);18,62;12;0;0;0
01029537;7900204617499;sandalia ipanema 27402 glow (br731 glow 37);18,62;12;0;0;0
01029538;7900204617505;sandalia ipanema 27402 glow (br731 glow 38);18,62;12;0;0;0
01029539;7900204617512;sandalia ipanema 27402 glow (br731 glow 39/40);18,62;12;0;0;0
01029623;;sandalia ipanema 27403 glow (bs297 rosa/dourado 23/24);17,23;12;0;0;0
01029625;7900204626859;sandalia ipanema 27403 glow (bs297 rosa/dourado 25);17,23;12;0;0;0
01029626;7900204626866;sandalia ipanema 27403 glow (bs297 rosa/dourado 26/27);17,23;12;0;0;0
01029628;7900204626873;sandalia ipanema 27403 glow (bs297 rosa/dourado 28);17,23;12;0;0;0
01029629;7900204626880;sandalia ipanema 27403 glow (bs297 rosa/dourado 29);17,23;12;0;0;0
01029630;7900204626897;sandalia ipanema 27403 glow (bs297 rosa/dourado 30);17,23;12;0;0;0
01029631;7900204626903;sandalia ipanema 27403 glow (bs297 rosa/dourado 31);17,23;12;0;0;0
01029632;7900204626910;sandalia ipanema 27403 glow (bs297 rosa/dourado 32/33);17,23;12;0;0;0
01029933;;sandalia moleca 5490.104 tp strass (91008 preto/black 33);49,06;12;0;0;0
01029934;7900123389354;sandalia moleca 5490.104 tp strass (91008 preto/black 34);49,06;12;0;0;0
01029935;7900123389361;sandalia moleca 5490.104 tp strass (91008 preto/black 35);49,06;12;0;0;0
01029936;7900123389378;sandalia moleca 5490.104 tp strass (91008 preto/black 36);49,06;12;0;0;0
01029937;7900123389392;sandalia moleca 5490.104 tp strass (91008 preto/black 37);49,06;12;0;0;0
01029938;7900123389415;sandalia moleca 5490.104 tp strass (91008 preto/black 38);49,06;12;0;0;0
01029939;7900123389422;sandalia moleca 5490.104 tp strass (91008 preto/black 39);49,06;12;0;0;0
01029940;7900123389439;sandalia moleca 5490.104 tp strass (91008 preto/black 40);49,06;12;0;0;0
01030133;;sandalia moleca 5490.104 tp strass (107580 chocolate 33);49,06;12;0;0;0
01030134;7900350788272;sandalia moleca 5490.104 tp strass (107580 chocolate 34);49,06;12;0;0;0
01030135;7900350788289;sandalia moleca 5490.104 tp strass (107580 chocolate 35);49,06;12;0;0;0
01030136;7900350788296;sandalia moleca 5490.104 tp strass (107580 chocolate 36);49,06;12;0;0;0
01030137;7900350788319;sandalia moleca 5490.104 tp strass (107580 chocolate 37);49,06;12;0;0;0
01030138;7900350788333;sandalia moleca 5490.104 tp strass (107580 chocolate 38);49,06;12;0;0;0
01030139;7900350788340;sandalia moleca 5490.104 tp strass (107580 chocolate 39);49,06;12;0;0;0
01030140;7900350788357;sandalia moleca 5490.104 tp strass (107580 chocolate 40);49,06;12;0;0;0
01030434;7900350285726;rasteira vizzano 6371.1105 gaspea (102848 bege golden 34);56,26;12;0;0;0
01030435;7900350281117;rasteira vizzano 6371.1105 gaspea (102848 bege golden 35);56,26;12;0;0;0
01030436;7900350285733;rasteira vizzano 6371.1105 gaspea (102848 bege golden 36);56,26;12;0;0;0
01030437;7900350285757;rasteira vizzano 6371.1105 gaspea (102848 bege golden 37);56,26;12;0;0;0
01030438;7900350285771;rasteira vizzano 6371.1105 gaspea (102848 bege golden 38);56,26;12;0;0;0
01030439;7900350285788;rasteira vizzano 6371.1105 gaspea (102848 bege golden 39);56,26;12;0;0;0
01030440;7900350285795;rasteira vizzano 6371.1105 gaspea (102848 bege golden 40);56,26;12;0;0;0
01030634;;sandalia vizzano 6570.203 pelica (95373 camel pelica 34);84,51;12;0;0;0
01030635;7900350806389;sandalia vizzano 6570.203 pelica (95373 camel pelica 35);84,51;12;0;0;0
01030636;7900350806396;sandalia vizzano 6570.203 pelica (95373 camel pelica 36);84,51;12;0;0;0
01030637;7900350806419;sandalia vizzano 6570.203 pelica (95373 camel pelica 37);84,51;12;0;0;0
01030638;7900350806433;sandalia vizzano 6570.203 pelica (95373 camel pelica 38);84,51;12;0;0;0
01030639;7900350806440;sandalia vizzano 6570.203 pelica (95373 camel pelica 39);84,51;12;0;0;0
01030640;7900350806457;sandalia vizzano 6570.203 pelica (95373 camel pelica 40);84,51;12;0;0;0
01030734;;sandalia vizzano 6570.103 pelica (35312 branco off pelica 34);84,51;12;0;0;0
01030735;7900350741062;sandalia vizzano 6570.103 pelica (35312 branco off pelica 35);84,51;12;0;0;0
01030736;7900350741079;sandalia vizzano 6570.103 pelica (35312 branco off pelica 36);84,51;12;0;0;0
01030737;7900350741086;sandalia vizzano 6570.103 pelica (35312 branco off pelica 37);84,51;12;0;0;0
01030738;7900350741093;sandalia vizzano 6570.103 pelica (35312 branco off pelica 38);84,51;12;0;0;0
01030739;7900350741109;sandalia vizzano 6570.103 pelica (35312 branco off pelica 39);84,51;12;0;0;0
01030740;7900350741116;sandalia vizzano 6570.103 pelica (35312 branco off pelica 40);84,51;12;0;0;0
01030834;;sandalia vizzano 6570.100 napa calf (35312 branco off calf 34);79,86;12;0;0;0
01030835;7900350771823;sandalia vizzano 6570.100 napa calf (35312 branco off calf 35);79,86;12;0;0;0
01030836;7900350771830;sandalia vizzano 6570.100 napa calf (35312 branco off calf 36);79,86;12;0;0;0
01030837;7900350771854;sandalia vizzano 6570.100 napa calf (35312 branco off calf 37);79,86;12;0;0;0
01030838;7900350771878;sandalia vizzano 6570.100 napa calf (35312 branco off calf 38);79,86;12;0;0;0
01030839;7900350771885;sandalia vizzano 6570.100 napa calf (35312 branco off calf 39);79,86;12;0;0;0
01030840;7900350771892;sandalia vizzano 6570.100 napa calf (35312 branco off calf 40);79,86;12;0;0;0
01030934;;sandalia vizzano 6570.200 napa calf (104068 mocca calf 34);84,51;12;0;0;0
01030935;7900350779300;sandalia vizzano 6570.200 napa calf (104068 mocca calf 35);84,51;12;0;0;0
01030936;7900350779317;sandalia vizzano 6570.200 napa calf (104068 mocca calf 36);84,51;12;0;0;0
01030937;7900350779331;sandalia vizzano 6570.200 napa calf (104068 mocca calf 37);84,51;12;0;0;0
01030938;7900350779355;sandalia vizzano 6570.200 napa calf (104068 mocca calf 38);84,51;12;0;0;0
01030939;7900350779362;sandalia vizzano 6570.200 napa calf (104068 mocca calf 39);84,51;12;0;0;0
01030940;7900350779379;sandalia vizzano 6570.200 napa calf (104068 mocca calf 40);84,51;12;0;0;0
01031033;;tamanco moleca 5554.103 pvc (101321 chocolate pvc 33);49,06;12;0;0;0
01031034;7900350707198;tamanco moleca 5554.103 pvc (101321 chocolate pvc 34);49,06;12;0;0;0
01031035;7900350707204;tamanco moleca 5554.103 pvc (101321 chocolate pvc 35);49,06;12;0;0;0
01031036;7900350707211;tamanco moleca 5554.103 pvc (101321 chocolate pvc 36);49,06;12;0;0;0
01031037;7900350707228;tamanco moleca 5554.103 pvc (101321 chocolate pvc 37);49,06;12;0;0;0
01031038;7900350707235;tamanco moleca 5554.103 pvc (101321 chocolate pvc 38);49,06;12;0;0;0
01031039;7900350707242;tamanco moleca 5554.103 pvc (101321 chocolate pvc 39);49,06;12;0;0;0
01031040;7900350707259;tamanco moleca 5554.103 pvc (101321 chocolate pvc 40);49,06;12;0;0;0
01031133;;tamanco moleca 5554.103 pvc (15745 preto pvc 33);49,06;12;0;0;0
01031134;7900350730592;tamanco moleca 5554.103 pvc (15745 preto pvc 34);49,06;12;0;0;0
01031135;7900350730608;tamanco moleca 5554.103 pvc (15745 preto pvc 35);49,06;12;0;0;0
01031136;7900350730615;tamanco moleca 5554.103 pvc (15745 preto pvc 36);49,06;12;0;0;0
01031137;7900350730622;tamanco moleca 5554.103 pvc (15745 preto pvc 37);49,06;12;0;0;0
01031138;7900350730639;tamanco moleca 5554.103 pvc (15745 preto pvc 38);49,06;12;0;0;0
01031139;7900350730646;tamanco moleca 5554.103 pvc (15745 preto pvc 39);49,06;12;0;0;0
01031140;7900350730653;tamanco moleca 5554.103 pvc (15745 preto pvc 40);49,06;12;0;0;0
01031400;7900294113086;bolsa moleca 50007.1 gorgurão (bolsa chocolate un);47,95;12;0;0;0
01031533;;papete slide modare 7162.332 nature (avela/bronze 33);44,47;12;0;0;0
01031534;7900350520780;papete slide modare 7162.332 nature (avela/bronze 34);44,47;12;0;0;0
01031535;7900350520797;papete slide modare 7162.332 nature (avela/bronze 35);44,47;12;0;0;0
01031536;7900350520803;papete slide modare 7162.332 nature (avela/bronze 36);44,47;12;0;0;0
01031537;7900350520810;papete slide modare 7162.332 nature (avela/bronze 37);44,47;12;0;0;0
01031538;7900350520827;papete slide modare 7162.332 nature (avela/bronze 38);44,47;12;0;0;0
01031539;7900350520834;papete slide modare 7162.332 nature (avela/bronze 39);44,47;12;0;0;0
01031540;7900350520841;papete slide modare 7162.332 nature (avela/bronze 40);44,47;12;0;0;0
01031633;7900350572536;papete slide modare 7162.332 nature (nude ouro rosado 33);44,47;12;0;0;0
01031634;7900350572543;papete slide modare 7162.332 nature (nude ouro rosado 34);44,47;12;0;0;0
01031635;7900350572550;papete slide modare 7162.332 nature (nude ouro rosado 35);44,47;12;0;0;0
01031636;7900350572567;papete slide modare 7162.332 nature (nude ouro rosado 36);44,47;12;0;0;0
01031637;7900350572574;papete slide modare 7162.332 nature (nude ouro rosado 37);44,47;12;0;0;0
01031638;7900350572581;papete slide modare 7162.332 nature (nude ouro rosado 38);44,47;12;0;0;0
01031639;7900350572598;papete slide modare 7162.332 nature (nude ouro rosado 39);44,47;12;0;0;0
01031640;7900350572604;papete slide modare 7162.332 nature (nude ouro rosado 40);44,47;12;0;0;0
01031733;;papete slide modare 7162.330 nature (branco off nature 33);45,04;12;0;0;0
01031734;7900350344577;papete slide modare 7162.330 nature (branco off nature 34);45,04;12;0;0;0
01031735;7900350344584;papete slide modare 7162.330 nature (branco off nature 35);45,04;12;0;0;0
01031736;7900350344591;papete slide modare 7162.330 nature (branco off nature 36);45,04;12;0;0;0
01031737;7900350344607;papete slide modare 7162.330 nature (branco off nature 37);45,04;12;0;0;0
01031738;7900350344614;papete slide modare 7162.330 nature (branco off nature 38);45,04;12;0;0;0
01031739;7900350344621;papete slide modare 7162.330 nature (branco off nature 39);45,04;12;0;0;0
01031740;7900350344638;papete slide modare 7162.330 nature (branco off nature 40);45,04;12;0;0;0
01031833;7900350344409;papete slide modare 7162.330 nature (10196 avela nature 33);42,71;12;0;0;0
01031834;7900350344416;papete slide modare 7162.330 nature (10196 avela nature 34);42,71;12;0;0;0
01031835;7900350344423;papete slide modare 7162.330 nature (10196 avela nature 35);42,71;12;0;0;0
01031836;7900350344430;papete slide modare 7162.330 nature (10196 avela nature 36);42,71;12;0;0;0
01031837;7900350344447;papete slide modare 7162.330 nature (10196 avela nature 37);42,71;12;0;0;0
01031838;7900350344454;papete slide modare 7162.330 nature (10196 avela nature 38);42,71;12;0;0;0
01031839;7900350344461;papete slide modare 7162.330 nature (10196 avela nature 39);42,71;12;0;0;0
01031840;7900350344478;papete slide modare 7162.330 nature (10196 avela nature 40);42,71;12;0;0;0
01032033;;tamanco modare 7151.134 strec (avela camel 33);59,85;12;0;0;0
01032034;7900350666075;tamanco modare 7151.134 strec (avela camel 34);59,85;12;0;0;0
01032035;7900350666082;tamanco modare 7151.134 strec (avela camel 35);59,85;12;0;0;0
01032036;7900350666099;tamanco modare 7151.134 strec (avela camel 36);59,85;12;0;0;0
01032037;7900350666112;tamanco modare 7151.134 strec (avela camel 37);59,85;12;0;0;0
01032038;7900350666136;tamanco modare 7151.134 strec (avela camel 38);59,85;12;0;0;0
01032039;7900350666143;tamanco modare 7151.134 strec (avela camel 39);59,85;12;0;0;0
01032040;7900350666150;tamanco modare 7151.134 strec (avela camel 40);59,85;12;0;0;0
01032133;;tamanco modare 7151.134 strec (nude dourado 33);59,85;12;0;0;0
01032134;7900350769806;tamanco modare 7151.134 strec (nude dourado 34);59,85;12;0;0;0
01032135;7900350769813;tamanco modare 7151.134 strec (nude dourado 35);59,85;12;0;0;0
01032136;7900350769820;tamanco modare 7151.134 strec (nude dourado 36);59,85;12;0;0;0
01032137;7900350769844;tamanco modare 7151.134 strec (nude dourado 37);59,85;12;0;0;0
01032138;7900350769868;tamanco modare 7151.134 strec (nude dourado 38);59,85;12;0;0;0
01032139;7900350769875;tamanco modare 7151.134 strec (nude dourado 39);59,85;12;0;0;0
01032140;7900350769882;tamanco modare 7151.134 strec (nude dourado 40);59,85;12;0;0;0
01032233;;sandalia modare 7151.145 nature (napa avela 33);74,02;12;0;0;0
01032234;7900350800363;sandalia modare 7151.145 nature (napa avela 34);74,02;12;0;0;0
01032235;7900350800370;sandalia modare 7151.145 nature (napa avela 35);74,02;12;0;0;0
01032236;7900350800387;sandalia modare 7151.145 nature (napa avela 36);74,02;12;0;0;0
01032237;7900350800400;sandalia modare 7151.145 nature (napa avela 37);74,02;12;0;0;0
01032238;7900350800424;sandalia modare 7151.145 nature (napa avela 38);74,02;12;0;0;0
01032239;7900350800431;sandalia modare 7151.145 nature (napa avela 39);74,02;12;0;0;0
01032240;7900350800448;sandalia modare 7151.145 nature (napa avela 40);74,02;12;0;0;0
01032333;;sandalia modare 7151.145 nature (branco off nat 33);74,02;12;0;0;0
01032334;7900350802763;sandalia modare 7151.145 nature (branco off nat 34);74,02;12;0;0;0
01032335;7900350802770;sandalia modare 7151.145 nature (branco off nat 35);74,02;12;0;0;0
01032336;7900350802787;sandalia modare 7151.145 nature (branco off nat 36);74,02;12;0;0;0
01032337;7900350802800;sandalia modare 7151.145 nature (branco off nat 37);74,02;12;0;0;0
01032338;7900350802824;sandalia modare 7151.145 nature (branco off nat 38);74,02;12;0;0;0
01032339;7900350802831;sandalia modare 7151.145 nature (branco off nat 39);74,02;12;0;0;0
01032340;7900350802848;sandalia modare 7151.145 nature (branco off nat 40);74,02;12;0;0;0
01032835;7900350872131;sandalia beira rio 8367.878 london (prata london 35);63,17;12;0;0;0
01032836;7900350872148;sandalia beira rio 8367.878 london (prata london 36);63,17;12;0;0;0
01032837;7900350872162;sandalia beira rio 8367.878 london (prata london 37);63,17;12;0;0;0
01032838;7900350872186;sandalia beira rio 8367.878 london (prata london 38);63,17;12;0;0;0
01032839;7900350872193;sandalia beira rio 8367.878 london (prata london 39);63,17;12;0;0;0
01032840;7900350872209;sandalia beira rio 8367.878 london (prata london 40);63,17;12;0;0;0
01033133;;sandalia beira rio 8524.114 napa turim (95373 camel np 33);77,66;12;0;0;0
01033134;7900350714431;sandalia beira rio 8524.114 napa turim (95373 camel np 34);77,66;12;0;0;0
01033135;7900350714448;sandalia beira rio 8524.114 napa turim (95373 camel np 35);77,66;12;0;0;0
01033136;7900350714455;sandalia beira rio 8524.114 napa turim (95373 camel np 36);77,66;12;0;0;0
01033137;7900350714462;sandalia beira rio 8524.114 napa turim (95373 camel np 37);77,66;12;0;0;0
01033138;7900350714479;sandalia beira rio 8524.114 napa turim (95373 camel np 38);77,66;12;0;0;0
01033139;7900350714486;sandalia beira rio 8524.114 napa turim (95373 camel np 39);77,66;12;0;0;0
01033140;7900350714493;sandalia beira rio 8524.114 napa turim (95373 camel np 40);77,66;12;0;0;0
01033245;7909940505466;chinelo couro plus size pegada 533235-02 anilina (cravo 45);100,17;12;0;0;0
01033246;7909940505473;chinelo couro plus size pegada 533235-02 anilina (cravo 46);100,17;12;0;0;0
01033247;7909940505480;chinelo couro plus size pegada 533235-02 anilina (cravo 47);100,17;12;0;0;0
01033248;7909940447605;chinelo couro plus size pegada 533235-02 anilina (cravo 48);100,17;12;0;0;0
01033345;7909940186511;chinelo couro plus size pegada 533301-02 anilina 2 (cravo 24l 45);81,51;12;0;0;0
01033346;7909940186528;chinelo couro plus size pegada 533301-02 anilina 2 (cravo 24l 46);81,51;12;0;0;0
01033347;7909940186573;chinelo couro plus size pegada 533301-02 anilina 2 (cravo 24l 47);81,51;12;0;0;0
01033348;7909940131191;chinelo couro plus size pegada 533301-02 anilina 2 (cravo 24l 48);81,51;12;0;0;0
01033437;7900350549224;tenis actvitta 4938.101 xangai/aus (preto grafite 37);113,52;12;0;0;0
01033438;7900350549231;tenis actvitta 4938.101 xangai/aus (preto grafite 38);113,52;12;0;0;0
01033439;7900350549248;tenis actvitta 4938.101 xangai/aus (preto grafite 39);113,52;12;0;0;0
01033440;7900350549255;tenis actvitta 4938.101 xangai/aus (preto grafite 40);113,52;12;0;0;0
01033441;7900350549262;tenis actvitta 4938.101 xangai/aus (preto grafite 41);113,52;12;0;0;0
01033442;7900350549279;tenis actvitta 4938.101 xangai/aus (preto grafite 42);113,52;12;0;0;0
01033443;7900350549286;tenis actvitta 4938.101 xangai/aus (preto grafite 43);113,52;12;0;0;0
01033444;7900350549293;tenis actvitta 4938.101 xangai/aus (preto grafite 44);113,52;12;0;0;0
01033445;;tenis actvitta 4938.101 xangai/aus (preto grafite 45);113,52;12;0;0;0
01033537;;tenis actvitta 4945.201 xangai (preto/petroleo 37);127,71;12;0;0;0
01033538;;tenis actvitta 4945.201 xangai (preto/petroleo 38);127,71;12;0;0;0
01033539;7900350600888;tenis actvitta 4945.201 xangai (preto/petroleo 39);127,71;12;0;0;0
01033540;7900350600895;tenis actvitta 4945.201 xangai (preto/petroleo 40);127,71;12;0;0;0
01033541;7900350600901;tenis actvitta 4945.201 xangai (preto/petroleo 41);127,71;12;0;0;0
01033542;7900350600918;tenis actvitta 4945.201 xangai (preto/petroleo 42);127,71;12;0;0;0
01033543;7900350600925;tenis actvitta 4945.201 xangai (preto/petroleo 43);127,71;12;0;0;0
01033544;7900350600932;tenis actvitta 4945.201 xangai (preto/petroleo 44);127,71;12;0;0;0
01033545;;tenis actvitta 4945.201 xangai (preto/petroleo 45);127,71;12;0;0;0
01033733;7909989837535;chinelo havaianas top brasil vibes (0198 branco 33/34);26,77;12;0;0;0
01033735;7909989837542;chinelo havaianas top brasil vibes (0198 branco 35/36);26,77;12;0;0;0
01033737;7909989837559;chinelo havaianas top brasil vibes (0198 branco 37/38);26,77;12;0;0;0
01033739;7909989837566;chinelo havaianas top brasil vibes (0198 branco 39/40);26,77;12;0;0;0
01033741;7909989837573;chinelo havaianas top brasil vibes (0198 branco 41/42);26,77;12;0;0;0
01033743;7909989837931;chinelo havaianas top brasil vibes (0198 branco 43/44);26,77;12;0;0;0
01033745;7909989837948;chinelo havaianas top brasil vibes (0198 branco 45/46);26,77;12;0;0;0
01033747;;chinelo havaianas top brasil vibes (0198 branco 47/48);26,77;12;0;0;0
01033823;7909989785461;chinelo havaianas kids top warner (0555 marinho 23/24);29,47;12;0;0;0
01033825;7909989785478;chinelo havaianas kids top warner (0555 marinho 25/26);29,47;12;0;0;0
01033827;7909989785485;chinelo havaianas kids top warner (0555 marinho 27/28);29,47;12;0;0;0
01033829;7909989785492;chinelo havaianas kids top warner (0555 marinho 29/30);29,47;12;0;0;0
01033831;7909989785508;chinelo havaianas kids top warner (0555 marinho 31/32);29,47;12;0;0;0
01033833;7909989785515;chinelo havaianas kids top warner (0555 marinho 33/34);29,47;12;0;0;0
01033835;7909989785522;chinelo havaianas kids top warner (0555 marinho 35/36);29,47;12;0;0;0
01034233;;papete slide modare 7208.101 nobuck (avela soft 33);61,54;12;0;0;0
01034234;7900350710396;papete slide modare 7208.101 nobuck (avela soft 34);61,54;12;0;0;0
01034235;7900350710402;papete slide modare 7208.101 nobuck (avela soft 35);61,54;12;0;0;0
01034236;7900350710419;papete slide modare 7208.101 nobuck (avela soft 36);61,54;12;0;0;0
01034237;7900350710433;papete slide modare 7208.101 nobuck (avela soft 37);61,54;12;0;0;0
01034238;7900350710457;papete slide modare 7208.101 nobuck (avela soft 38);61,54;12;0;0;0
01034239;7900350710464;papete slide modare 7208.101 nobuck (avela soft 39);61,54;12;0;0;0
01034240;7900350710471;papete slide modare 7208.101 nobuck (avela soft 40);61,54;12;0;0;0
01034300;7898378391539;cardaço tenis oliver cadarço 1,60cm (cadarço preto/preto un);3,50;12;0;0;0
01034433;;palmilhas oliver eva anti impacto (laranja oli 33);13,90;12;0;0;0
01034434;7898378392154;palmilhas oliver eva anti impacto (laranja oli 34);13,90;12;0;0;0
01034435;7898378392161;palmilhas oliver eva anti impacto (laranja oli 35);13,90;12;0;0;0
01034436;7898378392178;palmilhas oliver eva anti impacto (laranja oli 36);13,90;12;0;0;0
01034437;7898378392185;palmilhas oliver eva anti impacto (laranja oli 37);13,90;12;0;0;0
01034438;7898378392192;palmilhas oliver eva anti impacto (laranja oli 38);13,90;12;0;0;0
01034439;7898378392208;palmilhas oliver eva anti impacto (laranja oli 39);13,90;12;0;0;0
01034440;7898378392215;palmilhas oliver eva anti impacto (laranja oli 40);13,90;12;0;0;0
01034441;7898378392222;palmilhas oliver eva anti impacto (laranja oli 41);13,90;12;0;0;0
01034442;7898378392239;palmilhas oliver eva anti impacto (laranja oli 42);13,90;12;0;0;0
01034443;;palmilhas oliver eva anti impacto (laranja oli 43);13,90;12;0;0;0
01034444;;palmilhas oliver eva anti impacto (laranja oli 44);13,90;12;0;0;0
01034533;7900204867825;chinelo dedo ipanema 27507 pluma (bw111bege/bege/a 33/34);20,54;12;0;0;0
01034535;7900204867832;chinelo dedo ipanema 27507 pluma (bw111bege/bege/a 35);20,54;12;0;0;0
01034536;7900204867849;chinelo dedo ipanema 27507 pluma (bw111bege/bege/a 36);20,54;12;0;0;0
01034537;7900204867856;chinelo dedo ipanema 27507 pluma (bw111bege/bege/a 37);20,54;12;0;0;0
01034538;7900204867863;chinelo dedo ipanema 27507 pluma (bw111bege/bege/a 38);20,54;12;0;0;0
01034539;7900204867870;chinelo dedo ipanema 27507 pluma (bw111bege/bege/a 39/40);20,54;12;0;0;0
01034633;7900204885676;chinelo dedo ipanema 27507 pluma (bx498 preto/preto 33/34);20,54;12;0;0;0
01034635;7900204885683;chinelo dedo ipanema 27507 pluma (bx498 preto/preto 35);20,54;12;0;0;0
01034636;7900204885690;chinelo dedo ipanema 27507 pluma (bx498 preto/preto 36);20,54;12;0;0;0
01034637;7900204885706;chinelo dedo ipanema 27507 pluma (bx498 preto/preto 37);20,54;12;0;0;0
01034638;7900204885713;chinelo dedo ipanema 27507 pluma (bx498 preto/preto 38);20,54;12;0;0;0
01034639;7900204885720;chinelo dedo ipanema 27507 pluma (bx498 preto/preto 39/40);20,54;12;0;0;0
01034733;7900204921121;chinelo dedo ipanema 27507 pluma (by309 bege/marrom 33/34);20,54;12;0;0;0
01034735;7900204921138;chinelo dedo ipanema 27507 pluma (by309 bege/marrom 35);20,54;12;0;0;0
01034736;7900204921145;chinelo dedo ipanema 27507 pluma (by309 bege/marrom 36);20,54;12;0;0;0
01034737;7900204921152;chinelo dedo ipanema 27507 pluma (by309 bege/marrom 37);20,54;12;0;0;0
01034738;7900204921169;chinelo dedo ipanema 27507 pluma (by309 bege/marrom 38);20,54;12;0;0;0
01034739;7900204921176;chinelo dedo ipanema 27507 pluma (by309 bege/marrom 39/40);20,54;12;0;0;0
01034925;7900204894050;sandalia ipanema 27476 barbie shine (bv748 preto/vidro 25);25,68;12;0;0;0
01034926;7900204894067;sandalia ipanema 27476 barbie shine (bv748 preto/vidro 26/27);25,68;12;0;0;0
01034928;7900204894074;sandalia ipanema 27476 barbie shine (bv748 preto/vidro 28);25,68;12;0;0;0
01034929;7900204894081;sandalia ipanema 27476 barbie shine (bv748 preto/vidro 29);25,68;12;0;0;0
01034930;7900204894098;sandalia ipanema 27476 barbie shine (bv748 preto/vidro 30);25,68;12;0;0;0
01034931;7900204894104;sandalia ipanema 27476 barbie shine (bv748 preto/vidro 31);25,68;12;0;0;0
01034932;7900204894111;sandalia ipanema 27476 barbie shine (bv748 preto/vidro 32/33);25,68;12;0;0;0
01035025;7900204894128;sandalia ipanema 27476 barbie shine (bv749 rosa/rosa 25);25,68;12;0;0;0
01035026;7900204894135;sandalia ipanema 27476 barbie shine (bv749 rosa/rosa 26/27);25,68;12;0;0;0
01035028;7900204894142;sandalia ipanema 27476 barbie shine (bv749 rosa/rosa 28);25,68;12;0;0;0
01035029;7900204894159;sandalia ipanema 27476 barbie shine (bv749 rosa/rosa 29);25,68;12;0;0;0
01035030;7900204894166;sandalia ipanema 27476 barbie shine (bv749 rosa/rosa 30);25,68;12;0;0;0
01035031;7900204894173;sandalia ipanema 27476 barbie shine (bv749 rosa/rosa 31);25,68;12;0;0;0
01035032;7900204894180;sandalia ipanema 27476 barbie shine (bv749 rosa/rosa 32/33);25,68;12;0;0;0
01035126;7900204837507;chinelo kids cartago 10808 dakar (bw108 cinza/preto 26/27);22,14;12;0;0;0
01035128;7900204837514;chinelo kids cartago 10808 dakar (bw108 cinza/preto 28);22,14;12;0;0;0
01035129;7900204837521;chinelo kids cartago 10808 dakar (bw108 cinza/preto 29);22,14;12;0;0;0
01035130;7900204837538;chinelo kids cartago 10808 dakar (bw108 cinza/preto 30);22,14;12;0;0;0
01035131;7900204837545;chinelo kids cartago 10808 dakar (bw108 cinza/preto 31);22,14;12;0;0;0
01035132;7900204837552;chinelo kids cartago 10808 dakar (bw108 cinza/preto 32/33);22,14;12;0;0;0
01035134;7900204837569;chinelo kids cartago 10808 dakar (bw108 cinza/preto 34);22,14;12;0;0;0
01035135;7900204837576;chinelo kids cartago 10808 dakar (bw108 cinza/preto 35/36);22,14;12;0;0;0
01035237;7900204745796;chinelo dedo cartago 12158 dallas (bs786 37/38);37,41;12;0;0;0
01035239;7900204745802;chinelo dedo cartago 12158 dallas (bs786 39);37,41;12;0;0;0
01035240;7900204745819;chinelo dedo cartago 12158 dallas (bs786 40);37,41;12;0;0;0
01035241;7900204745826;chinelo dedo cartago 12158 dallas (bs786 41);37,41;12;0;0;0
01035242;7900204745833;chinelo dedo cartago 12158 dallas (bs786 42);37,41;12;0;0;0
01035243;7900204745840;chinelo dedo cartago 12158 dallas (bs786 43/44);37,41;12;0;0;0
01035245;7900204745857;chinelo dedo cartago 12158 dallas (bs786 45);37,41;12;0;0;0
01035326;7900204347037;sandalia cartago 12462 malaga sport (bm050 cinza/preto/bordo 26/27);41,10;12;0;0;0
01035328;7900204347020;sandalia cartago 12462 malaga sport (bm050 cinza/preto/bordo 28);41,10;12;0;0;0
01035329;7900204347013;sandalia cartago 12462 malaga sport (bm050 cinza/preto/bordo 29);41,10;12;0;0;0
01035330;7900204347006;sandalia cartago 12462 malaga sport (bm050 cinza/preto/bordo 30);41,10;12;0;0;0
01035331;7900204346993;sandalia cartago 12462 malaga sport (bm050 cinza/preto/bordo 31);41,10;12;0;0;0
01035332;7900204346986;sandalia cartago 12462 malaga sport (bm050 cinza/preto/bordo 32/33);41,10;12;0;0;0
01035334;7900204346979;sandalia cartago 12462 malaga sport (bm050 cinza/preto/bordo 34);41,10;12;0;0;0
01035335;7900204346962;sandalia cartago 12462 malaga sport (bm050 cinza/preto/bordo 35/36);41,10;12;0;0;0
01035426;7900204346719;sandalia cartago 12462 malaga sport (bm055 bege/marrom/bronze 26/27);41,10;12;0;0;0
01035428;7900204346702;sandalia cartago 12462 malaga sport (bm055 bege/marrom/bronze 28);41,10;12;0;0;0
01035429;7900204346696;sandalia cartago 12462 malaga sport (bm055 bege/marrom/bronze 29);41,10;12;0;0;0
01035430;7900204346689;sandalia cartago 12462 malaga sport (bm055 bege/marrom/bronze 30);41,10;12;0;0;0
01035431;7900204346672;sandalia cartago 12462 malaga sport (bm055 bege/marrom/bronze 31);41,10;12;0;0;0
01035432;7900204346665;sandalia cartago 12462 malaga sport (bm055 bege/marrom/bronze 32/33);41,10;12;0;0;0
01035434;7900204346658;sandalia cartago 12462 malaga sport (bm055 bege/marrom/bronze 34);41,10;12;0;0;0
01035435;7900204346641;sandalia cartago 12462 malaga sport (bm055 bege/marrom/bronze 35/36);41,10;12;0;0;0
01035537;7900204864015;chinelo cartago 12620 malta vii (bw847 marrom/marrom 37/38);42,09;12;0;0;0
01035539;7900204864022;chinelo cartago 12620 malta vii (bw847 marrom/marrom 39);42,09;12;0;0;0
01035540;7900204864039;chinelo cartago 12620 malta vii (bw847 marrom/marrom 40);42,09;12;0;0;0
01035541;7900204864046;chinelo cartago 12620 malta vii (bw847 marrom/marrom 41);42,09;12;0;0;0
01035542;7900204864053;chinelo cartago 12620 malta vii (bw847 marrom/marrom 42);42,09;12;0;0;0
01035543;7900204864060;chinelo cartago 12620 malta vii (bw847 marrom/marrom 43/44);42,09;12;0;0;0
01035545;7900204864077;chinelo cartago 12620 malta vii (bw847 marrom/marrom 45);42,09;12;0;0;0
01035546;7900204864084;chinelo cartago 12620 malta vii (bw847 marrom/marrom 46/47);42,09;12;0;0;0
01035626;7900204593328;chinelo kids cartago 11841 atlanta (bq790 cinza/basal 26/27);19,53;12;0;0;0
01035628;7900204593311;chinelo kids cartago 11841 atlanta (bq790 cinza/basal 28);19,53;12;0;0;0
01035629;7900204593304;chinelo kids cartago 11841 atlanta (bq790 cinza/basal 29);19,53;12;0;0;0
01035630;7900204593298;chinelo kids cartago 11841 atlanta (bq790 cinza/basal 30);19,53;12;0;0;0
01035631;7900204593281;chinelo kids cartago 11841 atlanta (bq790 cinza/basal 31);19,53;12;0;0;0
01035632;7900204593274;chinelo kids cartago 11841 atlanta (bq790 cinza/basal 32/33);19,53;12;0;0;0
01035634;7900204593267;chinelo kids cartago 11841 atlanta (bq790 cinza/basal 34);19,53;12;0;0;0
01035635;7900204593250;chinelo kids cartago 11841 atlanta (bq790 cinza/basal 35/36);19,53;12;0;0;0
01035734;7900350527352;tenis actvitta 4849.502 energy (107038 branco off 34);116,66;12;0;0;0
01035735;7900350527369;tenis actvitta 4849.502 energy (107038 branco off 35);116,66;12;0;0;0
01035736;7900350527376;tenis actvitta 4849.502 energy (107038 branco off 36);116,66;12;0;0;0
01035737;7900350527383;tenis actvitta 4849.502 energy (107038 branco off 37);116,66;12;0;0;0
01035738;7900350527390;tenis actvitta 4849.502 energy (107038 branco off 38);116,66;12;0;0;0
01035739;7900350527406;tenis actvitta 4849.502 energy (107038 branco off 39);116,66;12;0;0;0
01035740;7900350527413;tenis actvitta 4849.502 energy (107038 branco off 40);116,66;12;0;0;0
01035834;7900350527277;tenis actvitta 4849.500 xangai/aust (107082 preto chumbo 34);103,99;12;0;0;0
01035835;7900350527284;tenis actvitta 4849.500 xangai/aust (107082 preto chumbo 35);103,99;12;0;0;0
01035836;7900350527291;tenis actvitta 4849.500 xangai/aust (107082 preto chumbo 36);103,99;12;0;0;0
01035837;7900350527307;tenis actvitta 4849.500 xangai/aust (107082 preto chumbo 37);103,99;12;0;0;0
01035838;7900350527314;tenis actvitta 4849.500 xangai/aust (107082 preto chumbo 38);103,99;12;0;0;0
01035839;7900350527321;tenis actvitta 4849.500 xangai/aust (107082 preto chumbo 39);103,99;12;0;0;0
01035840;7900350527338;tenis actvitta 4849.500 xangai/aust (107082 preto chumbo 40);103,99;12;0;0;0
01035933;7900204920407;babuche zaxy 19430 joy (by258 preto 33/34);42,09;12;0;0;0
01035935;7900204920414;babuche zaxy 19430 joy (by258 preto 35);42,09;12;0;0;0
01035936;7900204920421;babuche zaxy 19430 joy (by258 preto 36);42,09;12;0;0;0
01035937;7900204920438;babuche zaxy 19430 joy (by258 preto 37);42,09;12;0;0;0
01035938;7900204920445;babuche zaxy 19430 joy (by258 preto 38);42,09;12;0;0;0
01035939;7900204920452;babuche zaxy 19430 joy (by258 preto 39/40);42,09;12;0;0;0
01036033;7900204920469;babuche zaxy 19430 joy (by259 off white medio 33/34);42,09;12;0;0;0
01036035;7900204920476;babuche zaxy 19430 joy (by259 off white medio 35);42,09;12;0;0;0
01036036;7900204920483;babuche zaxy 19430 joy (by259 off white medio 36);42,09;12;0;0;0
01036037;7900204920490;babuche zaxy 19430 joy (by259 off white medio 37);42,09;12;0;0;0
01036038;7900204920506;babuche zaxy 19430 joy (by259 off white medio 38);42,09;12;0;0;0
01036039;7900204920513;babuche zaxy 19430 joy (by259 off white medio 39/40);42,09;12;0;0;0
01036133;7900204920520;babuche zaxy 19430 joy (by260 marrom mocca 33/34);42,09;12;0;0;0
01036135;7900204920537;babuche zaxy 19430 joy (by260 marrom mocca 35);42,09;12;0;0;0
01036136;7900204920544;babuche zaxy 19430 joy (by260 marrom mocca 36);42,09;12;0;0;0
01036137;7900204920551;babuche zaxy 19430 joy (by260 marrom mocca 37);42,09;12;0;0;0
01036138;7900204920568;babuche zaxy 19430 joy (by260 marrom mocca 38);42,09;12;0;0;0
01036139;7900204920575;babuche zaxy 19430 joy (by260 marrom mocca 39/40);42,09;12;0;0;0
01036233;7900204917995;papete zaxy 19429 charms (bx753 preto/ouro 33/34);44,31;12;0;0;0
01036235;7900204918008;papete zaxy 19429 charms (bx753 preto/ouro 35);44,31;12;0;0;0
01036236;7900204918015;papete zaxy 19429 charms (bx753 preto/ouro 36);44,31;12;0;0;0
01036237;7900204918022;papete zaxy 19429 charms (bx753 preto/ouro 37);44,31;12;0;0;0
01036238;7900204918039;papete zaxy 19429 charms (bx753 preto/ouro 38);44,31;12;0;0;0
01036239;7900204918046;papete zaxy 19429 charms (bx753 preto/ouro 39/40);44,31;12;0;0;0
01036333;7900204918053;papete zaxy 19429 charms (bx765 off white medio 33/34);44,31;12;0;0;0
01036335;7900204918060;papete zaxy 19429 charms (bx765 off white medio 35);44,31;12;0;0;0
01036336;7900204918077;papete zaxy 19429 charms (bx765 off white medio 36);44,31;12;0;0;0
01036337;7900204918084;papete zaxy 19429 charms (bx765 off white medio 37);44,31;12;0;0;0
01036338;7900204918091;papete zaxy 19429 charms (bx765 off white medio 38);44,31;12;0;0;0
01036339;7900204918107;papete zaxy 19429 charms (bx765 off white medio 39/40);44,31;12;0;0;0
01036433;;chinelo havaianas h. brasil logo 2024/25 (ferrugem/cafe b/logo 33/34);32,97;12;0;0;0
01036435;;chinelo havaianas h. brasil logo 2024/25 (ferrugem/cafe b/logo 35/36);32,97;12;0;0;0
01036437;;chinelo havaianas h. brasil logo 2024/25 (ferrugem/cafe b/logo 37/38);32,97;12;0;0;0
01036439;7909989826720;chinelo havaianas h. brasil logo 2024/25 (ferrugem/cafe b/logo 39/40);32,97;12;0;0;0
01036441;7909989826737;chinelo havaianas h. brasil logo 2024/25 (ferrugem/cafe b/logo 41/42);32,97;12;0;0;0
01036443;;chinelo havaianas h. brasil logo 2024/25 (ferrugem/cafe b/logo 43/44);32,97;12;0;0;0
01036445;;chinelo havaianas h. brasil logo 2024/25 (ferrugem/cafe b/logo 45/46);32,97;12;0;0;0
01036447;;chinelo havaianas h. brasil logo 2024/25 (ferrugem/cafe b/logo 47/48);32,97;12;0;0;0
01036533;7909989826614;chinelo havaianas h. brasil logo 2024/25 (verde/amarelo b/logo 33/34);32,97;12;0;0;0
01036535;7909989826621;chinelo havaianas h. brasil logo 2024/25 (verde/amarelo b/logo 35/36);32,97;12;0;0;0
01036537;7909989826638;chinelo havaianas h. brasil logo 2024/25 (verde/amarelo b/logo 37/38);32,97;12;0;0;0
01036539;7909989826645;chinelo havaianas h. brasil logo 2024/25 (verde/amarelo b/logo 39/40);32,97;12;0;0;0
01036541;7909989826652;chinelo havaianas h. brasil logo 2024/25 (verde/amarelo b/logo 41/42);32,97;12;0;0;0
01036543;;chinelo havaianas h. brasil logo 2024/25 (verde/amarelo b/logo 43/44);32,97;12;0;0;0
01036545;7909989826676;chinelo havaianas h. brasil logo 2024/25 (verde/amarelo b/logo 45/46);32,97;12;0;0;0
01036547;;chinelo havaianas h. brasil logo 2024/25 (verde/amarelo b/logo 47/48);32,97;12;0;0;0
01036633;;chinelo havaianas h. brasil logo 2024/25 (rosa chiffon b/logo 33/34);32,97;12;0;0;0
01036635;7909989826577;chinelo havaianas h. brasil logo 2024/25 (rosa chiffon b/logo 35/36);32,97;12;0;0;0
01036637;7909989826584;chinelo havaianas h. brasil logo 2024/25 (rosa chiffon b/logo 37/38);32,97;12;0;0;0
01036639;7909989826591;chinelo havaianas h. brasil logo 2024/25 (rosa chiffon b/logo 39/40);32,97;12;0;0;0
01036641;7909989826607;chinelo havaianas h. brasil logo 2024/25 (rosa chiffon b/logo 41/42);32,97;12;0;0;0
01036643;;chinelo havaianas h. brasil logo 2024/25 (rosa chiffon b/logo 43/44);32,97;12;0;0;0
01036645;;chinelo havaianas h. brasil logo 2024/25 (rosa chiffon b/logo 45/46);32,97;12;0;0;0
01036647;;chinelo havaianas h. brasil logo 2024/25 (rosa chiffon b/logo 47/48);32,97;12;0;0;0
01036733;7890557571633;chinelo dedo havaianas brasil (marinho br 33/34);27,99;12;0;0;0
01036735;7890557571640;chinelo dedo havaianas brasil (marinho br 35/36);27,99;12;0;0;0
01036737;7890557571657;chinelo dedo havaianas brasil (marinho br 37/38);27,99;12;0;0;0
01036739;7890557571664;chinelo dedo havaianas brasil (marinho br 39/40);27,99;12;0;0;0
01036741;7890557571671;chinelo dedo havaianas brasil (marinho br 41/42);27,99;12;0;0;0
01036743;7890557571688;chinelo dedo havaianas brasil (marinho br 43/44);27,99;12;0;0;0
01036745;7890557571695;chinelo dedo havaianas brasil (marinho br 45/46);27,99;12;0;0;0
01036747;;chinelo dedo havaianas brasil (marinho br 47/48);27,99;12;0;0;0
01036823;;babuche molekinho 2874.204 gas/injet (102997preto/amarelo/neon 23/24);54,28;12;0;0;0
01036825;;babuche molekinho 2874.204 gas/injet (102997preto/amarelo/neon 25/26);54,28;12;0;0;0
01036827;7900350517339;babuche molekinho 2874.204 gas/injet (102997preto/amarelo/neon 27/28);54,28;12;0;0;0
01036829;7900350517346;babuche molekinho 2874.204 gas/injet (102997preto/amarelo/neon 29/30);54,28;12;0;0;0
01036831;7900350517353;babuche molekinho 2874.204 gas/injet (102997preto/amarelo/neon 31/32);54,28;12;0;0;0
01036833;7900350517360;babuche molekinho 2874.204 gas/injet (102997preto/amarelo/neon 33/34);54,28;12;0;0;0
01036835;7900350517377;babuche molekinho 2874.204 gas/injet (102997preto/amarelo/neon 35/36);54,28;12;0;0;0
01036923;;babuche molekinho 2874.204 gas/injet (105739 marinho/laranja 23/24);52,69;12;0;0;0
01036925;;babuche molekinho 2874.204 gas/injet (105739 marinho/laranja 25/26);52,69;12;0;0;0
01036927;7900350581385;babuche molekinho 2874.204 gas/injet (105739 marinho/laranja 27/28);52,69;12;0;0;0
01036929;7900350581392;babuche molekinho 2874.204 gas/injet (105739 marinho/laranja 29/30);52,69;12;0;0;0
01036931;7900350581408;babuche molekinho 2874.204 gas/injet (105739 marinho/laranja 31/32);52,69;12;0;0;0
01036933;7900350581415;babuche molekinho 2874.204 gas/injet (105739 marinho/laranja 33/34);52,69;12;0;0;0
01036935;7900350581422;babuche molekinho 2874.204 gas/injet (105739 marinho/laranja 35/36);52,69;12;0;0;0
01037000;887961663983;carros hotwheels sortidos hotwheels sortido duo (sortido duo un);26,89;12;0;0;0
01037127;7900407143207;chinelo slide molekinho 2417.303 eva/goll (24373 preto/multicolor 27/28);35,06;12;0;0;0
01037129;7900407143214;chinelo slide molekinho 2417.303 eva/goll (24373 preto/multicolor 29/30);35,06;12;0;0;0
01037131;7900407143221;chinelo slide molekinho 2417.303 eva/goll (24373 preto/multicolor 31/32);35,06;12;0;0;0
01037133;7900407143238;chinelo slide molekinho 2417.303 eva/goll (24373 preto/multicolor 33/34);35,06;12;0;0;0
01037135;7900407143245;chinelo slide molekinho 2417.303 eva/goll (24373 preto/multicolor 35/36);35,06;12;0;0;0
01037233;7898686879811;kit meia cano ex longo actvitta atoalhado c/3 und (103927 cinza/branco/preto 33/38);23,38;12;0;0;0
01037239;7898686879699;kit meia cano ex longo actvitta atoalhado c/3 und (103927 cinza/branco/preto 39/44);23,38;12;0;0;0
01037527;7900350995823;tenis molekinho 2866.314 neo/guine (15745 preto/gui 27);90,20;12;0;0;0
01037528;7900350995830;tenis molekinho 2866.314 neo/guine (15745 preto/gui 28);90,20;12;0;0;0
01037529;7900350995847;tenis molekinho 2866.314 neo/guine (15745 preto/gui 29);90,20;12;0;0;0
01037530;7900350995854;tenis molekinho 2866.314 neo/guine (15745 preto/gui 30);90,20;12;0;0;0
01037531;7900350995861;tenis molekinho 2866.314 neo/guine (15745 preto/gui 31);90,20;12;0;0;0
01037532;7900350995878;tenis molekinho 2866.314 neo/guine (15745 preto/gui 32);90,20;12;0;0;0
01037533;7900350995885;tenis molekinho 2866.314 neo/guine (15745 preto/gui 33);90,20;12;0;0;0
01037534;7900350995892;tenis molekinho 2866.314 neo/guine (15745 preto/gui 34);90,20;12;0;0;0
01037535;7900350995908;tenis molekinho 2866.314 neo/guine (15745 preto/gui 35);90,20;12;0;0;0
01037536;7900350995915;tenis molekinho 2866.314 neo/guine (15745 preto/gui 36);90,20;12;0;0;0
01037627;7900294489105;sandalia molekinho 2430.101 rutico neo (15745 preto/p 27);52,69;12;0;0;0
01037628;7900294489112;sandalia molekinho 2430.101 rutico neo (15745 preto/p 28);52,69;12;0;0;0
01037629;7900294489129;sandalia molekinho 2430.101 rutico neo (15745 preto/p 29);52,69;12;0;0;0
01037630;7900294489136;sandalia molekinho 2430.101 rutico neo (15745 preto/p 30);52,69;12;0;0;0
01037631;7900294489143;sandalia molekinho 2430.101 rutico neo (15745 preto/p 31);52,69;12;0;0;0
01037632;7900294489150;sandalia molekinho 2430.101 rutico neo (15745 preto/p 32);52,69;12;0;0;0
01037633;7900294489167;sandalia molekinho 2430.101 rutico neo (15745 preto/p 33);52,69;12;0;0;0
01037634;7900294489174;sandalia molekinho 2430.101 rutico neo (15745 preto/p 34);52,69;12;0;0;0
01037635;7900294489181;sandalia molekinho 2430.101 rutico neo (15745 preto/p 35);52,69;12;0;0;0
01037636;7900294489198;sandalia molekinho 2430.101 rutico neo (15745 preto/p 36);52,69;12;0;0;0
01037717;;sandalia molekinho 2135.137 fl rust neo (100004 cafe/areia 17);29,61;12;0;0;0
01037718;;sandalia molekinho 2135.137 fl rust neo (100004 cafe/areia 18);29,61;12;0;0;0
01037719;7900294779992;sandalia molekinho 2135.137 fl rust neo (100004 cafe/areia 19);29,61;12;0;0;0
01037720;7900294780004;sandalia molekinho 2135.137 fl rust neo (100004 cafe/areia 20);29,61;12;0;0;0
01037721;7900294780011;sandalia molekinho 2135.137 fl rust neo (100004 cafe/areia 21);29,61;12;0;0;0
01037722;7900294780028;sandalia molekinho 2135.137 fl rust neo (100004 cafe/areia 22);29,61;12;0;0;0
01037723;7900294780035;sandalia molekinho 2135.137 fl rust neo (100004 cafe/areia 23);29,61;12;0;0;0
01037724;7900294780042;sandalia molekinho 2135.137 fl rust neo (100004 cafe/areia 24);29,61;12;0;0;0
01037725;7900294780059;sandalia molekinho 2135.137 fl rust neo (100004 cafe/areia 25);29,61;12;0;0;0
01037726;7900294780066;sandalia molekinho 2135.137 fl rust neo (100004 cafe/areia 26);29,61;12;0;0;0
01037827;7900350703756;sapatenis kids casual molekinho 2861.120 nf rust n (100004 cafe/areia n 27);61,82;12;0;0;0
01037828;7900350703763;sapatenis kids casual molekinho 2861.120 nf rust n (100004 cafe/areia n 28);61,82;12;0;0;0
01037829;7900350703770;sapatenis kids casual molekinho 2861.120 nf rust n (100004 cafe/areia n 29);61,82;12;0;0;0
01037830;7900350703787;sapatenis kids casual molekinho 2861.120 nf rust n (100004 cafe/areia n 30);61,82;12;0;0;0
01037831;7900350703794;sapatenis kids casual molekinho 2861.120 nf rust n (100004 cafe/areia n 31);61,82;12;0;0;0
01037832;7900350703800;sapatenis kids casual molekinho 2861.120 nf rust n (100004 cafe/areia n 32);61,82;12;0;0;0
01037833;7900350703817;sapatenis kids casual molekinho 2861.120 nf rust n (100004 cafe/areia n 33);61,82;12;0;0;0
01037834;7900350703824;sapatenis kids casual molekinho 2861.120 nf rust n (100004 cafe/areia n 34);61,82;12;0;0;0
01037835;7900350703831;sapatenis kids casual molekinho 2861.120 nf rust n (100004 cafe/areia n 35);61,82;12;0;0;0
01037836;7900350703848;sapatenis kids casual molekinho 2861.120 nf rust n (100004 cafe/areia n 36);61,82;12;0;0;0
01038017;;sapatenis molekinho 2651.103 boston (101057 preto/verde oliva 17);61,82;12;0;0;0
01038018;;sapatenis molekinho 2651.103 boston (101057 preto/verde oliva 18);61,82;12;0;0;0
01038019;7900350906645;sapatenis molekinho 2651.103 boston (101057 preto/verde oliva 19);61,82;12;0;0;0
01038020;7900350906652;sapatenis molekinho 2651.103 boston (101057 preto/verde oliva 20);61,82;12;0;0;0
01038021;7900350906669;sapatenis molekinho 2651.103 boston (101057 preto/verde oliva 21);61,82;12;0;0;0
01038022;7900350906676;sapatenis molekinho 2651.103 boston (101057 preto/verde oliva 22);61,82;12;0;0;0
01038023;7900350906683;sapatenis molekinho 2651.103 boston (101057 preto/verde oliva 23);61,82;12;0;0;0
01038024;7900350906690;sapatenis molekinho 2651.103 boston (101057 preto/verde oliva 24);61,82;12;0;0;0
01038025;7900350906706;sapatenis molekinho 2651.103 boston (101057 preto/verde oliva 25);61,82;12;0;0;0
01038026;7900350906713;sapatenis molekinho 2651.103 boston (101057 preto/verde oliva 26);61,82;12;0;0;0
01038128;7900350903606;sandalia molekinha 2375.101 np tu (108245 avela/ouro r/camel 28);54,98;12;0;0;0
01038129;7900350920573;sandalia molekinha 2375.101 np tu (108245 avela/ouro r/camel 29);54,98;12;0;0;0
01038130;7900350920580;sandalia molekinha 2375.101 np tu (108245 avela/ouro r/camel 30);54,98;12;0;0;0
01038131;7900350920597;sandalia molekinha 2375.101 np tu (108245 avela/ouro r/camel 31);54,98;12;0;0;0
01038132;7900350920603;sandalia molekinha 2375.101 np tu (108245 avela/ouro r/camel 32);54,98;12;0;0;0
01038133;7900350920610;sandalia molekinha 2375.101 np tu (108245 avela/ouro r/camel 33);54,98;12;0;0;0
01038134;7900350920627;sandalia molekinha 2375.101 np tu (108245 avela/ouro r/camel 34);54,98;12;0;0;0
01038135;7900350920634;sandalia molekinha 2375.101 np tu (108245 avela/ouro r/camel 35);54,98;12;0;0;0
01038136;7900350920641;sandalia molekinha 2375.101 np tu (108245 avela/ouro r/camel 36);54,98;12;0;0;0
01038228;7900407017416;sandalia molekinha 2375.101 np tu (branco off/champ/dourado 28);52,01;12;0;0;0
01038229;7900407017423;sandalia molekinha 2375.101 np tu (branco off/champ/dourado 29);52,01;12;0;0;0
01038230;7900407017430;sandalia molekinha 2375.101 np tu (branco off/champ/dourado 30);52,01;12;0;0;0
01038231;7900407017447;sandalia molekinha 2375.101 np tu (branco off/champ/dourado 31);52,01;12;0;0;0
01038232;7900407017454;sandalia molekinha 2375.101 np tu (branco off/champ/dourado 32);52,01;12;0;0;0
01038233;7900407017461;sandalia molekinha 2375.101 np tu (branco off/champ/dourado 33);52,01;12;0;0;0
01038234;7900407017478;sandalia molekinha 2375.101 np tu (branco off/champ/dourado 34);52,01;12;0;0;0
01038235;7900407017485;sandalia molekinha 2375.101 np tu (branco off/champ/dourado 35);52,01;12;0;0;0
01038236;7900407017492;sandalia molekinha 2375.101 np tu (branco off/champ/dourado 36);52,01;12;0;0;0
01038317;;sandalia led molekinha 2741.206 italia/flor (ouro rosado/rosa dou 17);56,63;12;0;0;0
01038318;;sandalia led molekinha 2741.206 italia/flor (ouro rosado/rosa dou 18);56,63;12;0;0;0
01038319;;sandalia led molekinha 2741.206 italia/flor (ouro rosado/rosa dou 19);56,63;12;0;0;0
01038320;7900350926629;sandalia led molekinha 2741.206 italia/flor (ouro rosado/rosa dou 20);56,63;12;0;0;0
01038321;7900350926636;sandalia led molekinha 2741.206 italia/flor (ouro rosado/rosa dou 21);56,63;12;0;0;0
01038322;7900350926643;sandalia led molekinha 2741.206 italia/flor (ouro rosado/rosa dou 22);56,63;12;0;0;0
01038323;7900350926650;sandalia led molekinha 2741.206 italia/flor (ouro rosado/rosa dou 23);56,63;12;0;0;0
01038324;7900350926667;sandalia led molekinha 2741.206 italia/flor (ouro rosado/rosa dou 24);56,63;12;0;0;0
01038325;7900350926674;sandalia led molekinha 2741.206 italia/flor (ouro rosado/rosa dou 25);56,63;12;0;0;0
01038326;;sandalia led molekinha 2741.206 italia/flor (ouro rosado/rosa dou 26);56,63;12;0;0;0
01038417;;sandalia led molekinha 2741.205 glit mini (branco/dourado 17);52,01;12;0;0;0
01038418;;sandalia led molekinha 2741.205 glit mini (branco/dourado 18);52,01;12;0;0;0
01038419;;sandalia led molekinha 2741.205 glit mini (branco/dourado 19);52,01;12;0;0;0
01038420;7900350903774;sandalia led molekinha 2741.205 glit mini (branco/dourado 20);52,01;12;0;0;0
01038421;7900350926544;sandalia led molekinha 2741.205 glit mini (branco/dourado 21);52,01;12;0;0;0
01038422;7900350926551;sandalia led molekinha 2741.205 glit mini (branco/dourado 22);52,01;12;0;0;0
01038423;7900350926568;sandalia led molekinha 2741.205 glit mini (branco/dourado 23);52,01;12;0;0;0
01038424;7900350926575;sandalia led molekinha 2741.205 glit mini (branco/dourado 24);52,01;12;0;0;0
01038425;7900350926582;sandalia led molekinha 2741.205 glit mini (branco/dourado 25);52,01;12;0;0;0
01038426;;sandalia led molekinha 2741.205 glit mini (branco/dourado 26);52,01;12;0;0;0
01038500;7900350511146;mochila molekinha 2744032 gliter/gorgr (cristal/prata/mult lilas un);65,41;12;0;0;0
01038600;7900067992221;mochila molekinha 2744032 gliter/gorgu (cristal/rosa/pink/prata un);65,41;12;0;0;0
01038700;7900407095032;bolsa transversal molekinha 2744043 tr/cordao (rosa t un);60,09;12;0;0;0
01038800;7900407095018;bolsa transversal molekinha 2744043 tr/cordao (rosa ballete un);60,09;12;0;0;0
01038926;7900350944029;sandalia molekinha 2361.217 italha/glit (dourado/dourado 26);52,01;12;0;0;0
01038927;7900350944036;sandalia molekinha 2361.217 italha/glit (dourado/dourado 27);52,01;12;0;0;0
01038928;7900350903538;sandalia molekinha 2361.217 italha/glit (dourado/dourado 28);52,01;12;0;0;0
01038929;7900350944043;sandalia molekinha 2361.217 italha/glit (dourado/dourado 29);52,01;12;0;0;0
01038930;7900350944050;sandalia molekinha 2361.217 italha/glit (dourado/dourado 30);52,01;12;0;0;0
01038931;7900350944067;sandalia molekinha 2361.217 italha/glit (dourado/dourado 31);52,01;12;0;0;0
01038932;7900350944074;sandalia molekinha 2361.217 italha/glit (dourado/dourado 32);52,01;12;0;0;0
01038933;7900350944081;sandalia molekinha 2361.217 italha/glit (dourado/dourado 33);52,01;12;0;0;0
01038934;7900350944098;sandalia molekinha 2361.217 italha/glit (dourado/dourado 34);52,01;12;0;0;0
01038935;;sandalia molekinha 2361.217 italha/glit (dourado/dourado 35);52,01;12;0;0;0
01038936;;sandalia molekinha 2361.217 italha/glit (dourado/dourado 36);52,01;12;0;0;0
01039433;7899404915767;chinelo boaonda 1319.1000 lily (004 capuccino/capuccino 33/34);41,40;12;0;0;0
01039435;7899404915774;chinelo boaonda 1319.1000 lily (004 capuccino/capuccino 35/36);41,40;12;0;0;0
01039437;7899404915781;chinelo boaonda 1319.1000 lily (004 capuccino/capuccino 37/38);41,40;12;0;0;0
01039439;7899404915798;chinelo boaonda 1319.1000 lily (004 capuccino/capuccino 39/40);41,40;12;0;0;0
01039538;7899404959143;babuche eva boaonda 2422.211 adventure (002 selva/crepe adve 38);60,72;12;0;0;0
01039539;7899404959150;babuche eva boaonda 2422.211 adventure (002 selva/crepe adve 39);60,72;12;0;0;0
01039540;7899404959167;babuche eva boaonda 2422.211 adventure (002 selva/crepe adve 40);60,72;12;0;0;0
01039541;7899404959174;babuche eva boaonda 2422.211 adventure (002 selva/crepe adve 41);60,72;12;0;0;0
01039542;7899404959181;babuche eva boaonda 2422.211 adventure (002 selva/crepe adve 42);60,72;12;0;0;0
01039543;7899404959198;babuche eva boaonda 2422.211 adventure (002 selva/crepe adve 43);60,72;12;0;0;0
01039544;7898540852318;babuche eva boaonda 2422.211 adventure (002 selva/crepe adve 44);60,72;12;0;0;0
01039545;;babuche eva boaonda 2422.211 adventure (002 selva/crepe adve 45);60,72;12;0;0;0
01039627;7900407069651;sapatenis molekinho 2852.121 rustico neo (107743 taupe 27);70,94;12;0;0;0
01039628;7900407069668;sapatenis molekinho 2852.121 rustico neo (107743 taupe 28);70,94;12;0;0;0
01039629;7900407069675;sapatenis molekinho 2852.121 rustico neo (107743 taupe 29);70,94;12;0;0;0
01039630;7900407069682;sapatenis molekinho 2852.121 rustico neo (107743 taupe 30);70,94;12;0;0;0
01039631;7900407069699;sapatenis molekinho 2852.121 rustico neo (107743 taupe 31);70,94;12;0;0;0
01039632;7900407069705;sapatenis molekinho 2852.121 rustico neo (107743 taupe 32);70,94;12;0;0;0
01039633;7900407069712;sapatenis molekinho 2852.121 rustico neo (107743 taupe 33);70,94;12;0;0;0
01039634;7900407069729;sapatenis molekinho 2852.121 rustico neo (107743 taupe 34);70,94;12;0;0;0
01039635;7900407069736;sapatenis molekinho 2852.121 rustico neo (107743 taupe 35);70,94;12;0;0;0
01039636;7900407069743;sapatenis molekinho 2852.121 rustico neo (107743 taupe 36);70,94;12;0;0;0
01039726;7900350925721;tenis molekinha 2580.200 velvet (preto/rosa vet 26);84,17;12;0;0;0
01039727;7900350925738;tenis molekinha 2580.200 velvet (preto/rosa vet 27);84,17;12;0;0;0
01039728;7900350925745;tenis molekinha 2580.200 velvet (preto/rosa vet 28);84,17;12;0;0;0
01039729;7900350925752;tenis molekinha 2580.200 velvet (preto/rosa vet 29);84,17;12;0;0;0
01039730;7900350925769;tenis molekinha 2580.200 velvet (preto/rosa vet 30);84,17;12;0;0;0
01039731;7900350925776;tenis molekinha 2580.200 velvet (preto/rosa vet 31);84,17;12;0;0;0
01039732;7900350925783;tenis molekinha 2580.200 velvet (preto/rosa vet 32);84,17;12;0;0;0
01039733;7900350925790;tenis molekinha 2580.200 velvet (preto/rosa vet 33);84,17;12;0;0;0
01039734;7900350925806;tenis molekinha 2580.200 velvet (preto/rosa vet 34);84,17;12;0;0;0
01039735;7900350925813;tenis molekinha 2580.200 velvet (preto/rosa vet 35);84,17;12;0;0;0
01039736;7900350925820;tenis molekinha 2580.200 velvet (preto/rosa vet 36);84,17;12;0;0;0
01039826;7900350925622;tenis molekinha 2580.111 paris metal (branco off/gliter prata 26);94,12;12;0;0;0
01039827;7900350925639;tenis molekinha 2580.111 paris metal (branco off/gliter prata 27);94,12;12;0;0;0
01039828;7900350903729;tenis molekinha 2580.111 paris metal (branco off/gliter prata 28);94,12;12;0;0;0
01039829;7900350925646;tenis molekinha 2580.111 paris metal (branco off/gliter prata 29);94,12;12;0;0;0
01039830;7900350925653;tenis molekinha 2580.111 paris metal (branco off/gliter prata 30);94,12;12;0;0;0
01039831;7900350925660;tenis molekinha 2580.111 paris metal (branco off/gliter prata 31);94,12;12;0;0;0
01039832;7900350925677;tenis molekinha 2580.111 paris metal (branco off/gliter prata 32);94,12;12;0;0;0
01039833;7900350925684;tenis molekinha 2580.111 paris metal (branco off/gliter prata 33);94,12;12;0;0;0
01039834;7900350925691;tenis molekinha 2580.111 paris metal (branco off/gliter prata 34);94,12;12;0;0;0
01039835;;tenis molekinha 2580.111 paris metal (branco off/gliter prata 35);94,12;12;0;0;0
01039836;;tenis molekinha 2580.111 paris metal (branco off/gliter prata 36);94,12;12;0;0;0
01039926;7900407076079;tenis casual molekinha 2582.111 glamour (branco/preto/dourado 26);65,64;12;0;0;0
01039927;7900407076086;tenis casual molekinha 2582.111 glamour (branco/preto/dourado 27);65,64;12;0;0;0
01039928;7900407076093;tenis casual molekinha 2582.111 glamour (branco/preto/dourado 28);65,64;12;0;0;0
01039929;7900407076109;tenis casual molekinha 2582.111 glamour (branco/preto/dourado 29);65,64;12;0;0;0
01039930;7900407076116;tenis casual molekinha 2582.111 glamour (branco/preto/dourado 30);65,64;12;0;0;0
01039931;7900407076123;tenis casual molekinha 2582.111 glamour (branco/preto/dourado 31);65,64;12;0;0;0
01039932;7900407076130;tenis casual molekinha 2582.111 glamour (branco/preto/dourado 32);65,64;12;0;0;0
01039933;7900407076147;tenis casual molekinha 2582.111 glamour (branco/preto/dourado 33);65,64;12;0;0;0
01039934;7900407076154;tenis casual molekinha 2582.111 glamour (branco/preto/dourado 34);65,64;12;0;0;0
01039935;7900407076161;tenis casual molekinha 2582.111 glamour (branco/preto/dourado 35);65,64;12;0;0;0
01039936;;tenis casual molekinha 2582.111 glamour (branco/preto/dourado 36);65,64;12;0;0;0
01040036;7900407189946;tenis casual molekinha 2582.110 italia (branco/nude/dourado 36);65,64;12;0;0;0
01040123;;babuche led molekinha 2591.113 eva (preto led 23/24);61,02;12;0;0;0
01040125;7900407194629;babuche led molekinha 2591.113 eva (preto led 25/26);61,02;12;0;0;0
01040127;7900407194636;babuche led molekinha 2591.113 eva (preto led 27/28);61,02;12;0;0;0
01040129;7900407194643;babuche led molekinha 2591.113 eva (preto led 29/30);61,02;12;0;0;0
01040131;7900407194650;babuche led molekinha 2591.113 eva (preto led 31/32);61,02;12;0;0;0
01040133;7900407194667;babuche led molekinha 2591.113 eva (preto led 33/34);61,02;12;0;0;0
01040135;7900407194674;babuche led molekinha 2591.113 eva (preto led 35/36);61,02;12;0;0;0
01040223;;babuche led molekinha 2591.113 eva (rosa eva 23/24);61,02;12;0;0;0
01040225;7900407194568;babuche led molekinha 2591.113 eva (rosa eva 25/26);61,02;12;0;0;0
01040227;7900407194575;babuche led molekinha 2591.113 eva (rosa eva 27/28);61,02;12;0;0;0
01040229;7900407194582;babuche led molekinha 2591.113 eva (rosa eva 29/30);61,02;12;0;0;0
01040231;7900407194599;babuche led molekinha 2591.113 eva (rosa eva 31/32);61,02;12;0;0;0
01040233;7900407194605;babuche led molekinha 2591.113 eva (rosa eva 33/34);61,02;12;0;0;0
01040235;7900407194612;babuche led molekinha 2591.113 eva (rosa eva 35/36);61,02;12;0;0;0
01040323;;babuche molekinha 2591.207 eva (preto/prata/preto 23/24);59,85;12;0;0;0
01040325;7900350512358;babuche molekinha 2591.207 eva (preto/prata/preto 25/26);59,85;12;0;0;0
01040327;7900350512365;babuche molekinha 2591.207 eva (preto/prata/preto 27/28);59,85;12;0;0;0
01040329;7900350512372;babuche molekinha 2591.207 eva (preto/prata/preto 29/30);59,85;12;0;0;0
01040331;7900350512389;babuche molekinha 2591.207 eva (preto/prata/preto 31/32);59,85;12;0;0;0
01040333;7900350512396;babuche molekinha 2591.207 eva (preto/prata/preto 33/34);59,85;12;0;0;0
01040335;7900350512402;babuche molekinha 2591.207 eva (preto/prata/preto 35/36);59,85;12;0;0;0
01040423;;babuche molekinha 2591.207 eva (rosa/prata/rosa 23/24);59,85;12;0;0;0
01040425;7900350578163;babuche molekinha 2591.207 eva (rosa/prata/rosa 25/26);59,85;12;0;0;0
01040427;7900350578170;babuche molekinha 2591.207 eva (rosa/prata/rosa 27/28);59,85;12;0;0;0
01040429;7900350578187;babuche molekinha 2591.207 eva (rosa/prata/rosa 29/30);59,85;12;0;0;0
01040431;7900350578194;babuche molekinha 2591.207 eva (rosa/prata/rosa 31/32);59,85;12;0;0;0
01040433;7900350578200;babuche molekinha 2591.207 eva (rosa/prata/rosa 33/34);59,85;12;0;0;0
01040435;7900350578217;babuche molekinha 2591.207 eva (rosa/prata/rosa 35/36);59,85;12;0;0;0
01040523;;babuche molekinha 22591.408 arco iris (creme/multicolor/cristal 23/24);54,16;12;0;0;0
01040525;7900350512471;babuche molekinha 22591.408 arco iris (creme/multicolor/cristal 25/26);54,16;12;0;0;0
01040527;7900350512488;babuche molekinha 22591.408 arco iris (creme/multicolor/cristal 27/28);54,16;12;0;0;0
01040529;7900350512495;babuche molekinha 22591.408 arco iris (creme/multicolor/cristal 29/30);54,16;12;0;0;0
01040531;7900350512501;babuche molekinha 22591.408 arco iris (creme/multicolor/cristal 31/32);54,16;12;0;0;0
01040533;7900350512518;babuche molekinha 22591.408 arco iris (creme/multicolor/cristal 33/34);54,16;12;0;0;0
01040535;7900350512525;babuche molekinha 22591.408 arco iris (creme/multicolor/cristal 35/36);54,16;12;0;0;0
01040626;;sandalia saltinho molekinha 2347.107 cordao stra (branco off/champ/doura 26);56,62;12;0;0;0
01040627;;sandalia saltinho molekinha 2347.107 cordao stra (branco off/champ/doura 27);56,62;12;0;0;0
01040628;7900350955100;sandalia saltinho molekinha 2347.107 cordao stra (branco off/champ/doura 28);56,62;12;0;0;0
01040629;7900350955117;sandalia saltinho molekinha 2347.107 cordao stra (branco off/champ/doura 29);56,62;12;0;0;0
01040630;7900350955124;sandalia saltinho molekinha 2347.107 cordao stra (branco off/champ/doura 30);56,62;12;0;0;0
01040631;7900350955131;sandalia saltinho molekinha 2347.107 cordao stra (branco off/champ/doura 31);56,62;12;0;0;0
01040632;7900350955148;sandalia saltinho molekinha 2347.107 cordao stra (branco off/champ/doura 32);56,62;12;0;0;0
01040633;7900350955155;sandalia saltinho molekinha 2347.107 cordao stra (branco off/champ/doura 33);56,62;12;0;0;0
01040634;7900350955162;sandalia saltinho molekinha 2347.107 cordao stra (branco off/champ/doura 34);56,62;12;0;0;0
01040635;7900350955179;sandalia saltinho molekinha 2347.107 cordao stra (branco off/champ/doura 35);56,62;12;0;0;0
01040636;7900350955186;sandalia saltinho molekinha 2347.107 cordao stra (branco off/champ/doura 36);56,62;12;0;0;0
01040800;7898723632973;slime mix surpresa gelele 153g capivara (sortido mix capr un);9,72;12;0;0;0
01041419;7909914915796;meia cano medio molekinha 2799.1 liso (8414 branco liso 23-27 19-22);14,60;12;0;0;0
01041423;7909914915802;meia cano medio molekinha 2799.1 liso (8414 branco liso 23-27 23-27);14,60;12;0;0;0
01041428;;meia cano medio molekinha 2799.1 liso (8414 branco liso 23-27 28-33);14,60;12;0;0;0
01041519;7909882886388;meia cano medio molekinha 2799.1 cats (86680 branco/cinza/pink 19-22);14,60;12;0;0;0
01041523;7909882886395;meia cano medio molekinha 2799.1 cats (86680 branco/cinza/pink 23-27);14,60;12;0;0;0
01041528;;meia cano medio molekinha 2799.1 cats (86680 branco/cinza/pink 28-33);14,60;12;0;0;0
01041633;;chinelo slim havaianas summer bliss (azul brilhante bliss 33/34);30,36;12;0;0;0
01041635;7909989651131;chinelo slim havaianas summer bliss (azul brilhante bliss 35/36);30,36;12;0;0;0
01041637;7909989651148;chinelo slim havaianas summer bliss (azul brilhante bliss 37/38);30,36;12;0;0;0
01041639;7909989651155;chinelo slim havaianas summer bliss (azul brilhante bliss 39/40);30,36;12;0;0;0
01041641;;chinelo slim havaianas summer bliss (azul brilhante bliss 41/42);30,36;12;0;0;0
01041733;;chinelo havaianas top athletic fc (preto laranja sunset 33/34);20,94;12;0;0;0
01041735;;chinelo havaianas top athletic fc (preto laranja sunset 35/36);20,94;12;0;0;0
01041737;7909989864791;chinelo havaianas top athletic fc (preto laranja sunset 37/38);20,94;12;0;0;0
01041739;7909989864807;chinelo havaianas top athletic fc (preto laranja sunset 39/40);20,94;12;0;0;0
01041741;7909989864814;chinelo havaianas top athletic fc (preto laranja sunset 41/42);20,94;12;0;0;0
01041743;7909989864821;chinelo havaianas top athletic fc (preto laranja sunset 43/44);20,94;12;0;0;0
01041745;7909989864838;chinelo havaianas top athletic fc (preto laranja sunset 45/46);20,94;12;0;0;0
01041747;;chinelo havaianas top athletic fc (preto laranja sunset 47/48);20,94;12;0;0;0
01041834;7900350342382;rasteira vizzano 6371.1005 pelica (85432 preto/cristal/preto 34);56,26;12;0;0;0
01041835;7900350342399;rasteira vizzano 6371.1005 pelica (85432 preto/cristal/preto 35);56,26;12;0;0;0
01041836;7900350342405;rasteira vizzano 6371.1005 pelica (85432 preto/cristal/preto 36);56,26;12;0;0;0
01041837;7900350342429;rasteira vizzano 6371.1005 pelica (85432 preto/cristal/preto 37);56,26;12;0;0;0
01041838;7900350342443;rasteira vizzano 6371.1005 pelica (85432 preto/cristal/preto 38);56,26;12;0;0;0
01041839;7900350342450;rasteira vizzano 6371.1005 pelica (85432 preto/cristal/preto 39);56,26;12;0;0;0
01041840;7900350342467;rasteira vizzano 6371.1005 pelica (85432 preto/cristal/preto 40);56,26;12;0;0;0
01041934;7900350529110;rasteira vizzano 6371.1005 pelica (107262 bege golden/branco 34);56,26;12;0;0;0
01041935;7900350529127;rasteira vizzano 6371.1005 pelica (107262 bege golden/branco 35);56,26;12;0;0;0
01041936;7900350529134;rasteira vizzano 6371.1005 pelica (107262 bege golden/branco 36);56,26;12;0;0;0
01041937;7900350529158;rasteira vizzano 6371.1005 pelica (107262 bege golden/branco 37);56,26;12;0;0;0
01041938;7900350529172;rasteira vizzano 6371.1005 pelica (107262 bege golden/branco 38);56,26;12;0;0;0
01041939;7900350529189;rasteira vizzano 6371.1005 pelica (107262 bege golden/branco 39);56,26;12;0;0;0
01041940;7900350529196;rasteira vizzano 6371.1005 pelica (107262 bege golden/branco 40);56,26;12;0;0;0
01042026;;tenis casual molekinha 2565.321 napa turim (17689 preto/branco99 26);65,64;12;0;0;0
01042027;;tenis casual molekinha 2565.321 napa turim (17689 preto/branco99 27);65,64;12;0;0;0
01042028;7900350800264;tenis casual molekinha 2565.321 napa turim (17689 preto/branco99 28);65,64;12;0;0;0
01042029;7900350800271;tenis casual molekinha 2565.321 napa turim (17689 preto/branco99 29);65,64;12;0;0;0
01042030;7900350800288;tenis casual molekinha 2565.321 napa turim (17689 preto/branco99 30);65,64;12;0;0;0
01042031;7900350800295;tenis casual molekinha 2565.321 napa turim (17689 preto/branco99 31);65,64;12;0;0;0
01042032;7900350800301;tenis casual molekinha 2565.321 napa turim (17689 preto/branco99 32);65,64;12;0;0;0
01042033;7900350800318;tenis casual molekinha 2565.321 napa turim (17689 preto/branco99 33);65,64;12;0;0;0
01042034;7900350800325;tenis casual molekinha 2565.321 napa turim (17689 preto/branco99 34);65,64;12;0;0;0
01042035;7900350800332;tenis casual molekinha 2565.321 napa turim (17689 preto/branco99 35);65,64;12;0;0;0
01042036;7900350800349;tenis casual molekinha 2565.321 napa turim (17689 preto/branco99 36);65,64;12;0;0;0
01042126;7900350807829;tenis casual molekinha 2565.321 napa turim (93824 branco/pink 26);65,64;12;0;0;0
01042127;7900350807836;tenis casual molekinha 2565.321 napa turim (93824 branco/pink 27);65,64;12;0;0;0
01042128;7900350807843;tenis casual molekinha 2565.321 napa turim (93824 branco/pink 28);65,64;12;0;0;0
01042129;7900350807850;tenis casual molekinha 2565.321 napa turim (93824 branco/pink 29);65,64;12;0;0;0
01042130;7900350807867;tenis casual molekinha 2565.321 napa turim (93824 branco/pink 30);65,64;12;0;0;0
01042131;7900350807874;tenis casual molekinha 2565.321 napa turim (93824 branco/pink 31);65,64;12;0;0;0
01042132;7900350807881;tenis casual molekinha 2565.321 napa turim (93824 branco/pink 32);65,64;12;0;0;0
01042133;7900350807898;tenis casual molekinha 2565.321 napa turim (93824 branco/pink 33);65,64;12;0;0;0
01042134;;tenis casual molekinha 2565.321 napa turim (93824 branco/pink 34);65,64;12;0;0;0
01042135;;tenis casual molekinha 2565.321 napa turim (93824 branco/pink 35);65,64;12;0;0;0
01042136;;tenis casual molekinha 2565.321 napa turim (93824 branco/pink 36);65,64;12;0;0;0
01042234;7900350974767;rasteira vizzano 6553.101 napa garda (15745 preto01 34);44,47;12;0;0;0
01042235;7900350974774;rasteira vizzano 6553.101 napa garda (15745 preto01 35);44,47;12;0;0;0
01042236;7900350974781;rasteira vizzano 6553.101 napa garda (15745 preto01 36);44,47;12;0;0;0
01042237;7900350974804;rasteira vizzano 6553.101 napa garda (15745 preto01 37);44,47;12;0;0;0
01042238;7900350974828;rasteira vizzano 6553.101 napa garda (15745 preto01 38);44,47;12;0;0;0
01042239;7900350974835;rasteira vizzano 6553.101 napa garda (15745 preto01 39);44,47;12;0;0;0
01042240;7900350974842;rasteira vizzano 6553.101 napa garda (15745 preto01 40);44,47;12;0;0;0
01042334;7900407046409;rasteira vizzano 6553.101 napa garda (104068 mocca 34);44,47;12;0;0;0
01042335;7900407046416;rasteira vizzano 6553.101 napa garda (104068 mocca 35);44,47;12;0;0;0
01042336;7900407046423;rasteira vizzano 6553.101 napa garda (104068 mocca 36);44,47;12;0;0;0
01042337;7900407046447;rasteira vizzano 6553.101 napa garda (104068 mocca 37);44,47;12;0;0;0
01042338;7900407046461;rasteira vizzano 6553.101 napa garda (104068 mocca 38);44,47;12;0;0;0
01042339;7900407046478;rasteira vizzano 6553.101 napa garda (104068 mocca 39);44,47;12;0;0;0
01042340;7900407046485;rasteira vizzano 6553.101 napa garda (104068 mocca 40);44,47;12;0;0;0
01042437;7900350948355;tenis corrida actvitta 4947.202 oxy/tec (royal/turquesa/preto lime 37);151,02;12;0;0;0
01042438;7900350948362;tenis corrida actvitta 4947.202 oxy/tec (royal/turquesa/preto lime 38);151,02;12;0;0;0
01042439;7900350948379;tenis corrida actvitta 4947.202 oxy/tec (royal/turquesa/preto lime 39);151,02;12;0;0;0
01042440;7900350948386;tenis corrida actvitta 4947.202 oxy/tec (royal/turquesa/preto lime 40);151,02;12;0;0;0
01042441;7900350948393;tenis corrida actvitta 4947.202 oxy/tec (royal/turquesa/preto lime 41);151,02;12;0;0;0
01042442;7900350948409;tenis corrida actvitta 4947.202 oxy/tec (royal/turquesa/preto lime 42);151,02;12;0;0;0
01042443;7900350948416;tenis corrida actvitta 4947.202 oxy/tec (royal/turquesa/preto lime 43);151,02;12;0;0;0
01042444;7900350948423;tenis corrida actvitta 4947.202 oxy/tec (royal/turquesa/preto lime 44);151,02;12;0;0;0
01042445;;tenis corrida actvitta 4947.202 oxy/tec (royal/turquesa/preto lime 45);151,02;12;0;0;0
01042537;7900407038251;tenis corrida actvitta 4947.100 australia (preto/ron/cinza claro pet 37);136,84;12;0;0;0
01042538;7900407038268;tenis corrida actvitta 4947.100 australia (preto/ron/cinza claro pet 38);136,84;12;0;0;0
01042539;7900407038275;tenis corrida actvitta 4947.100 australia (preto/ron/cinza claro pet 39);136,84;12;0;0;0
01042540;7900407038282;tenis corrida actvitta 4947.100 australia (preto/ron/cinza claro pet 40);136,84;12;0;0;0
01042541;7900407038299;tenis corrida actvitta 4947.100 australia (preto/ron/cinza claro pet 41);136,84;12;0;0;0
01042542;7900407038305;tenis corrida actvitta 4947.100 australia (preto/ron/cinza claro pet 42);136,84;12;0;0;0
01042543;7900407038312;tenis corrida actvitta 4947.100 australia (preto/ron/cinza claro pet 43);136,84;12;0;0;0
01042544;7900407038329;tenis corrida actvitta 4947.100 australia (preto/ron/cinza claro pet 44);136,84;12;0;0;0
01042545;;tenis corrida actvitta 4947.100 australia (preto/ron/cinza claro pet 45);136,84;12;0;0;0
01042634;7900350946504;tenis corrida actvitta 4859.202 capri/tec (petala/lime/preto lime 34);136,84;12;0;0;0
01042635;7900350946511;tenis corrida actvitta 4859.202 capri/tec (petala/lime/preto lime 35);136,84;12;0;0;0
01042636;7900350946528;tenis corrida actvitta 4859.202 capri/tec (petala/lime/preto lime 36);136,84;12;0;0;0
01042637;7900350946542;tenis corrida actvitta 4859.202 capri/tec (petala/lime/preto lime 37);136,84;12;0;0;0
01042638;7900350946566;tenis corrida actvitta 4859.202 capri/tec (petala/lime/preto lime 38);136,84;12;0;0;0
01042639;7900350946573;tenis corrida actvitta 4859.202 capri/tec (petala/lime/preto lime 39);136,84;12;0;0;0
01042640;7900350946580;tenis corrida actvitta 4859.202 capri/tec (petala/lime/preto lime 40);136,84;12;0;0;0
01042734;7900350946405;tenis corrida actvitta 4859.101 australia (branco/azul claro/pink 34);132,37;12;0;0;0
01042735;7900350946412;tenis corrida actvitta 4859.101 australia (branco/azul claro/pink 35);132,37;12;0;0;0
01042736;7900350946429;tenis corrida actvitta 4859.101 australia (branco/azul claro/pink 36);132,37;12;0;0;0
01042737;7900350946443;tenis corrida actvitta 4859.101 australia (branco/azul claro/pink 37);132,37;12;0;0;0
01042738;7900350946467;tenis corrida actvitta 4859.101 australia (branco/azul claro/pink 38);132,37;12;0;0;0
01042739;7900350946474;tenis corrida actvitta 4859.101 australia (branco/azul claro/pink 39);132,37;12;0;0;0
01042740;7900350946481;tenis corrida actvitta 4859.101 australia (branco/azul claro/pink 40);132,37;12;0;0;0
01042834;7900350946306;tenis corrida actvitta 4859.100 australia (preto/cobal/preto azul 34);127,71;12;0;0;0
01042835;7900350946313;tenis corrida actvitta 4859.100 australia (preto/cobal/preto azul 35);127,71;12;0;0;0
01042836;7900350946320;tenis corrida actvitta 4859.100 australia (preto/cobal/preto azul 36);127,71;12;0;0;0
01042837;7900350946344;tenis corrida actvitta 4859.100 australia (preto/cobal/preto azul 37);127,71;12;0;0;0
01042838;7900350946368;tenis corrida actvitta 4859.100 australia (preto/cobal/preto azul 38);127,71;12;0;0;0
01042839;7900350946375;tenis corrida actvitta 4859.100 australia (preto/cobal/preto azul 39);127,71;12;0;0;0
01042840;7900350946382;tenis corrida actvitta 4859.100 australia (preto/cobal/preto azul 40);127,71;12;0;0;0
01042934;7900407364596;sandalia vizzano 6235.1727 vern premi (35312 branco off/p 34);50,28;12;0;0;0
01042935;7900407364602;sandalia vizzano 6235.1727 vern premi (35312 branco off/p 35);50,28;12;0;0;0
01042936;7900407364619;sandalia vizzano 6235.1727 vern premi (35312 branco off/p 36);50,28;12;0;0;0
01042937;7900407364633;sandalia vizzano 6235.1727 vern premi (35312 branco off/p 37);50,28;12;0;0;0
01042938;7900407364657;sandalia vizzano 6235.1727 vern premi (35312 branco off/p 38);50,28;12;0;0;0
01042939;7900407364664;sandalia vizzano 6235.1727 vern premi (35312 branco off/p 39);50,28;12;0;0;0
01042940;7900407364671;sandalia vizzano 6235.1727 vern premi (35312 branco off/p 40);50,28;12;0;0;0
01043034;7900407401215;sandalia vizzano 6235.1727 vern premi (101321 chocolate/p 34);50,29;12;0;0;0
01043035;7900407401222;sandalia vizzano 6235.1727 vern premi (101321 chocolate/p 35);50,29;12;0;0;0
01043036;7900407401239;sandalia vizzano 6235.1727 vern premi (101321 chocolate/p 36);50,29;12;0;0;0
01043037;7900407401253;sandalia vizzano 6235.1727 vern premi (101321 chocolate/p 37);50,29;12;0;0;0
01043038;7900407401277;sandalia vizzano 6235.1727 vern premi (101321 chocolate/p 38);50,29;12;0;0;0
01043039;7900407401284;sandalia vizzano 6235.1727 vern premi (101321 chocolate/p 39);50,29;12;0;0;0
01043040;7900407401291;sandalia vizzano 6235.1727 vern premi (101321 chocolate/p 40);50,29;12;0;0;0
01043134;7900350551609;tenis actvitta 4849.100 australia (107312 preto/preto/pink 34);99,32;12;0;0;0
01043135;7900350551616;tenis actvitta 4849.100 australia (107312 preto/preto/pink 35);99,32;12;0;0;0
01043136;7900350551623;tenis actvitta 4849.100 australia (107312 preto/preto/pink 36);99,32;12;0;0;0
01043137;7900350551647;tenis actvitta 4849.100 australia (107312 preto/preto/pink 37);99,32;12;0;0;0
01043138;7900350551661;tenis actvitta 4849.100 australia (107312 preto/preto/pink 38);99,32;12;0;0;0
01043139;7900350551678;tenis actvitta 4849.100 australia (107312 preto/preto/pink 39);99,32;12;0;0;0
01043140;7900350551685;tenis actvitta 4849.100 australia (107312 preto/preto/pink 40);99,32;12;0;0;0
01043234;7900350971780;tenis actvitta 4849.307 xang/austra (108641 branco off 34);116,66;12;0;0;0
01043235;7900350971797;tenis actvitta 4849.307 xang/austra (108641 branco off 35);116,66;12;0;0;0
01043236;7900350971803;tenis actvitta 4849.307 xang/austra (108641 branco off 36);116,66;12;0;0;0
01043237;7900350971827;tenis actvitta 4849.307 xang/austra (108641 branco off 37);116,66;12;0;0;0
01043238;7900350971841;tenis actvitta 4849.307 xang/austra (108641 branco off 38);116,66;12;0;0;0
01043239;7900350971858;tenis actvitta 4849.307 xang/austra (108641 branco off 39);116,66;12;0;0;0
01043240;7900350971865;tenis actvitta 4849.307 xang/austra (108641 branco off 40);116,66;12;0;0;0
01043333;7900350686783;chinelo slide actvitta 7125.200 italia (107621 avela/terracota 33);49,70;12;0;0;0
01043334;7900350686790;chinelo slide actvitta 7125.200 italia (107621 avela/terracota 34);49,70;12;0;0;0
01043335;7900350686806;chinelo slide actvitta 7125.200 italia (107621 avela/terracota 35);49,70;12;0;0;0
01043336;7900350686813;chinelo slide actvitta 7125.200 italia (107621 avela/terracota 36);49,70;12;0;0;0
01043337;7900350686837;chinelo slide actvitta 7125.200 italia (107621 avela/terracota 37);49,70;12;0;0;0
01043338;7900350686851;chinelo slide actvitta 7125.200 italia (107621 avela/terracota 38);49,70;12;0;0;0
01043339;7900350686868;chinelo slide actvitta 7125.200 italia (107621 avela/terracota 39);49,70;12;0;0;0
01043340;7900350686875;chinelo slide actvitta 7125.200 italia (107621 avela/terracota 40);49,70;12;0;0;0
01043341;;chinelo slide actvitta 7125.200 italia (107621 avela/terracota 41);49,70;12;0;0;0
01043433;7900294356988;tamanco slide modare 7142.101 pele strech (15745 preto/preto x 33);49,06;12;0;0;0
01043434;7900294356995;tamanco slide modare 7142.101 pele strech (15745 preto/preto x 34);49,06;12;0;0;0
01043435;7900294357008;tamanco slide modare 7142.101 pele strech (15745 preto/preto x 35);49,06;12;0;0;0
01043436;7900294357015;tamanco slide modare 7142.101 pele strech (15745 preto/preto x 36);49,06;12;0;0;0
01043437;7900294357039;tamanco slide modare 7142.101 pele strech (15745 preto/preto x 37);49,06;12;0;0;0
01043438;7900294357053;tamanco slide modare 7142.101 pele strech (15745 preto/preto x 38);49,06;12;0;0;0
01043439;7900294357060;tamanco slide modare 7142.101 pele strech (15745 preto/preto x 39);49,06;12;0;0;0
01043440;7900294357077;tamanco slide modare 7142.101 pele strech (15745 preto/preto x 40);49,06;12;0;0;0
01043441;;tamanco slide modare 7142.101 pele strech (15745 preto/preto x 41);49,06;12;0;0;0
01043533;;tamanco slide modare 7142.101 pele strech (15758 preto/preto xp 33);49,70;12;0;0;0
01043534;7900350953090;tamanco slide modare 7142.101 pele strech (15758 preto/preto xp 34);49,70;12;0;0;0
01043535;7900350953106;tamanco slide modare 7142.101 pele strech (15758 preto/preto xp 35);49,70;12;0;0;0
01043536;7900350953113;tamanco slide modare 7142.101 pele strech (15758 preto/preto xp 36);49,70;12;0;0;0
01043537;7900350953137;tamanco slide modare 7142.101 pele strech (15758 preto/preto xp 37);49,70;12;0;0;0
01043538;7900350953151;tamanco slide modare 7142.101 pele strech (15758 preto/preto xp 38);49,70;12;0;0;0
01043539;7900350953168;tamanco slide modare 7142.101 pele strech (15758 preto/preto xp 39);49,70;12;0;0;0
01043540;7900350953175;tamanco slide modare 7142.101 pele strech (15758 preto/preto xp 40);49,70;12;0;0;0
01043541;;tamanco slide modare 7142.101 pele strech (15758 preto/preto xp 41);49,70;12;0;0;0
01043633;7900407513789;tamanco slide modare 7142.106 tres berlim (102465 avela/camel ber 33);49,70;12;0;0;0
01043634;7900407513796;tamanco slide modare 7142.106 tres berlim (102465 avela/camel ber 34);49,70;12;0;0;0
01043635;7900407513802;tamanco slide modare 7142.106 tres berlim (102465 avela/camel ber 35);49,70;12;0;0;0
01043636;7900407513819;tamanco slide modare 7142.106 tres berlim (102465 avela/camel ber 36);49,70;12;0;0;0
01043637;7900407513833;tamanco slide modare 7142.106 tres berlim (102465 avela/camel ber 37);49,70;12;0;0;0
01043638;7900407513857;tamanco slide modare 7142.106 tres berlim (102465 avela/camel ber 38);49,70;12;0;0;0
01043639;7900407513864;tamanco slide modare 7142.106 tres berlim (102465 avela/camel ber 39);49,70;12;0;0;0
01043640;7900407513871;tamanco slide modare 7142.106 tres berlim (102465 avela/camel ber 40);49,70;12;0;0;0
01043641;;tamanco slide modare 7142.106 tres berlim (102465 avela/camel ber 41);49,70;12;0;0;0
01043717;;sandalia papete molekinho 2135.174 estilo/eva (109448 preto/caramelo 17);43,16;12;0;0;0
01043718;;sandalia papete molekinho 2135.174 estilo/eva (109448 preto/caramelo 18);43,16;12;0;0;0
01043719;7900407502202;sandalia papete molekinho 2135.174 estilo/eva (109448 preto/caramelo 19);43,16;12;0;0;0
01043720;7900407502219;sandalia papete molekinho 2135.174 estilo/eva (109448 preto/caramelo 20);43,16;12;0;0;0
01043721;7900407502226;sandalia papete molekinho 2135.174 estilo/eva (109448 preto/caramelo 21);43,16;12;0;0;0
01043722;7900407502233;sandalia papete molekinho 2135.174 estilo/eva (109448 preto/caramelo 22);43,16;12;0;0;0
01043723;7900407502240;sandalia papete molekinho 2135.174 estilo/eva (109448 preto/caramelo 23);43,16;12;0;0;0
01043724;7900407502257;sandalia papete molekinho 2135.174 estilo/eva (109448 preto/caramelo 24);43,16;12;0;0;0
01043725;7900407502264;sandalia papete molekinho 2135.174 estilo/eva (109448 preto/caramelo 25);43,16;12;0;0;0
01043726;7900407502271;sandalia papete molekinho 2135.174 estilo/eva (109448 preto/caramelo 26);43,16;12;0;0;0
01043817;;sandalia papete molekinho 2650.203 rustico neo (107178 marinho/caram/bran 17);43,16;12;0;0;0
01043818;;sandalia papete molekinho 2650.203 rustico neo (107178 marinho/caram/bran 18);43,16;12;0;0;0
01043819;7900350533513;sandalia papete molekinho 2650.203 rustico neo (107178 marinho/caram/bran 19);43,16;12;0;0;0
01043820;7900350533520;sandalia papete molekinho 2650.203 rustico neo (107178 marinho/caram/bran 20);43,16;12;0;0;0
01043821;7900350533537;sandalia papete molekinho 2650.203 rustico neo (107178 marinho/caram/bran 21);43,16;12;0;0;0
01043822;7900350533544;sandalia papete molekinho 2650.203 rustico neo (107178 marinho/caram/bran 22);43,16;12;0;0;0
01043823;7900350533551;sandalia papete molekinho 2650.203 rustico neo (107178 marinho/caram/bran 23);43,16;12;0;0;0
01043824;7900350533568;sandalia papete molekinho 2650.203 rustico neo (107178 marinho/caram/bran 24);43,16;12;0;0;0
01043825;7900350533575;sandalia papete molekinho 2650.203 rustico neo (107178 marinho/caram/bran 25);43,16;12;0;0;0
01043826;7900350533582;sandalia papete molekinho 2650.203 rustico neo (107178 marinho/caram/bran 26);43,16;12;0;0;0
01043920;7900407438778;sandalia led molekinho 2624.210 rustico neo (15745 preto led 20);61,82;12;0;0;0
01043921;7900407438785;sandalia led molekinho 2624.210 rustico neo (15745 preto led 21);61,82;12;0;0;0
01043922;7900407438792;sandalia led molekinho 2624.210 rustico neo (15745 preto led 22);61,82;12;0;0;0
01043923;7900407438808;sandalia led molekinho 2624.210 rustico neo (15745 preto led 23);61,82;12;0;0;0
01043924;7900407438815;sandalia led molekinho 2624.210 rustico neo (15745 preto led 24);61,82;12;0;0;0
01043925;7900407438822;sandalia led molekinho 2624.210 rustico neo (15745 preto led 25);61,82;12;0;0;0
01043926;7900407438839;sandalia led molekinho 2624.210 rustico neo (15745 preto led 26);61,82;12;0;0;0
01044133;;papete slide modare 7178.116 cana auria (106983 preto/preto/hemati 33);64,50;12;0;0;0
01044134;7900350878287;papete slide modare 7178.116 cana auria (106983 preto/preto/hemati 34);64,50;12;0;0;0
01044135;7900350878294;papete slide modare 7178.116 cana auria (106983 preto/preto/hemati 35);64,50;12;0;0;0
01044136;7900350878300;papete slide modare 7178.116 cana auria (106983 preto/preto/hemati 36);64,50;12;0;0;0
01044137;7900350878324;papete slide modare 7178.116 cana auria (106983 preto/preto/hemati 37);64,50;12;0;0;0
01044138;7900350878348;papete slide modare 7178.116 cana auria (106983 preto/preto/hemati 38);64,50;12;0;0;0
01044139;7900350878355;papete slide modare 7178.116 cana auria (106983 preto/preto/hemati 39);64,50;12;0;0;0
01044140;7900350878362;papete slide modare 7178.116 cana auria (106983 preto/preto/hemati 40);64,50;12;0;0;0
01044233;7900204966115;sandalia grendha 19376 mare (bx670 preto 33/34);24,61;12;0;0;0
01044235;7900204966122;sandalia grendha 19376 mare (bx670 preto 35);24,61;12;0;0;0
01044236;7900204966139;sandalia grendha 19376 mare (bx670 preto 36);24,61;12;0;0;0
01044237;7900204966146;sandalia grendha 19376 mare (bx670 preto 37);24,61;12;0;0;0
01044238;7900204966153;sandalia grendha 19376 mare (bx670 preto 38);24,61;12;0;0;0
01044239;7900204966160;sandalia grendha 19376 mare (bx670 preto 39/40);24,61;12;0;0;0
01044333;7900204966177;sandalia grendha 19376 mare (bx671 off white medio 33/34);24,61;12;0;0;0
01044335;7900204966184;sandalia grendha 19376 mare (bx671 off white medio 35);24,61;12;0;0;0
01044336;7900204966191;sandalia grendha 19376 mare (bx671 off white medio 36);24,61;12;0;0;0
01044337;7900204966207;sandalia grendha 19376 mare (bx671 off white medio 37);24,61;12;0;0;0
01044338;7900204966214;sandalia grendha 19376 mare (bx671 off white medio 38);24,61;12;0;0;0
01044339;7900204966221;sandalia grendha 19376 mare (bx671 off white medio 39/40);24,61;12;0;0;0
01044433;7900204966290;sandalia grendha 19376 mare (bx673 marrom urso 33/34);24,61;12;0;0;0
01044435;7900204966306;sandalia grendha 19376 mare (bx673 marrom urso 35);24,61;12;0;0;0
01044436;7900204966313;sandalia grendha 19376 mare (bx673 marrom urso 36);24,61;12;0;0;0
01044437;7900204966320;sandalia grendha 19376 mare (bx673 marrom urso 37);24,61;12;0;0;0
01044438;7900204966337;sandalia grendha 19376 mare (bx673 marrom urso 38);24,61;12;0;0;0
01044439;7900204966344;sandalia grendha 19376 mare (bx673 marrom urso 39/40);24,61;12;0;0;0
01044525;7900204626781;sandalia ipanema 27403 glow (bs296 preto/preto 25);17,23;12;0;0;0
01044526;7900204626798;sandalia ipanema 27403 glow (bs296 preto/preto 26/27);17,23;12;0;0;0
01044528;7900204626804;sandalia ipanema 27403 glow (bs296 preto/preto 28);17,23;12;0;0;0
01044529;7900204626811;sandalia ipanema 27403 glow (bs296 preto/preto 29);17,23;12;0;0;0
01044530;7900204626828;sandalia ipanema 27403 glow (bs296 preto/preto 30);17,23;12;0;0;0
01044531;7900204626835;sandalia ipanema 27403 glow (bs296 preto/preto 31);17,23;12;0;0;0
01044532;7900204626842;sandalia ipanema 27403 glow (bs296 preto/preto 32/33);17,23;12;0;0;0
01044623;;chinelo cartago 12625 palermo inf (bx804 preto/preto 23/24);24,61;12;0;0;0
01044625;;chinelo cartago 12625 palermo inf (bx804 preto/preto 25);24,61;12;0;0;0
01044626;;chinelo cartago 12625 palermo inf (bx804 preto/preto 26/27);24,61;12;0;0;0
01044628;7900204977258;chinelo cartago 12625 palermo inf (bx804 preto/preto 28);24,61;12;0;0;0
01044629;7900204977265;chinelo cartago 12625 palermo inf (bx804 preto/preto 29);24,61;12;0;0;0
01044630;7900204977272;chinelo cartago 12625 palermo inf (bx804 preto/preto 30);24,61;12;0;0;0
01044631;7900204977289;chinelo cartago 12625 palermo inf (bx804 preto/preto 31);24,61;12;0;0;0
01044632;7900204977296;chinelo cartago 12625 palermo inf (bx804 preto/preto 32/33);24,61;12;0;0;0
01044634;7900204977302;chinelo cartago 12625 palermo inf (bx804 preto/preto 34);24,61;12;0;0;0
01044635;7900204977319;chinelo cartago 12625 palermo inf (bx804 preto/preto 35/36);24,61;12;0;0;0
01044717;7900204984331;chinelo ipanema 27543 hello kitt bab (bz133 azul/rosa 17/18);14,77;12;0;0;0
01044719;7900204984348;chinelo ipanema 27543 hello kitt bab (bz133 azul/rosa 19);14,77;12;0;0;0
01044720;7900204984355;chinelo ipanema 27543 hello kitt bab (bz133 azul/rosa 20/21);14,77;12;0;0;0
01044722;7900204984362;chinelo ipanema 27543 hello kitt bab (bz133 azul/rosa 22);14,77;12;0;0;0
01044723;7900204984379;chinelo ipanema 27543 hello kitt bab (bz133 azul/rosa 23/24);14,77;12;0;0;0
01044725;;chinelo ipanema 27543 hello kitt bab (bz133 azul/rosa 25);14,77;12;0;0;0
01044833;;sandalia modare 7222.104 new plus (95373 camel/new 33);88,84;12;0;0;0
01044834;7900350927596;sandalia modare 7222.104 new plus (95373 camel/new 34);88,84;12;0;0;0
01044835;7900350927602;sandalia modare 7222.104 new plus (95373 camel/new 35);88,84;12;0;0;0
01044836;7900350927619;sandalia modare 7222.104 new plus (95373 camel/new 36);88,84;12;0;0;0
01044837;7900350927633;sandalia modare 7222.104 new plus (95373 camel/new 37);88,84;12;0;0;0
01044838;7900350927657;sandalia modare 7222.104 new plus (95373 camel/new 38);88,84;12;0;0;0
01044839;7900350927664;sandalia modare 7222.104 new plus (95373 camel/new 39);88,84;12;0;0;0
01044840;7900350927671;sandalia modare 7222.104 new plus (95373 camel/new 40);88,84;12;0;0;0
01044926;;rasteira slide molekinha 2354.133 camu flex (15745 preto/ras 26);43,16;12;0;0;0
01044927;7900407616961;rasteira slide molekinha 2354.133 camu flex (15745 preto/ras 27);43,16;12;0;0;0
01044928;7900407616978;rasteira slide molekinha 2354.133 camu flex (15745 preto/ras 28);43,16;12;0;0;0
01044929;7900407616985;rasteira slide molekinha 2354.133 camu flex (15745 preto/ras 29);43,16;12;0;0;0
01044930;7900407616992;rasteira slide molekinha 2354.133 camu flex (15745 preto/ras 30);43,16;12;0;0;0
01044931;7900407617005;rasteira slide molekinha 2354.133 camu flex (15745 preto/ras 31);43,16;12;0;0;0
01044932;7900407617012;rasteira slide molekinha 2354.133 camu flex (15745 preto/ras 32);43,16;12;0;0;0
01044933;7900407617029;rasteira slide molekinha 2354.133 camu flex (15745 preto/ras 33);43,16;12;0;0;0
01044934;7900407617036;rasteira slide molekinha 2354.133 camu flex (15745 preto/ras 34);43,16;12;0;0;0
01044935;7900407617043;rasteira slide molekinha 2354.133 camu flex (15745 preto/ras 35);43,16;12;0;0;0
01044936;7900407617050;rasteira slide molekinha 2354.133 camu flex (15745 preto/ras 36);43,16;12;0;0;0
01045026;;rasteira slide molekinha 2354.133 camu flex (35312 branco off/ras 26);43,16;12;0;0;0
01045027;7900407645121;rasteira slide molekinha 2354.133 camu flex (35312 branco off/ras 27);43,16;12;0;0;0
01045028;7900407645138;rasteira slide molekinha 2354.133 camu flex (35312 branco off/ras 28);43,16;12;0;0;0
01045029;7900407645145;rasteira slide molekinha 2354.133 camu flex (35312 branco off/ras 29);43,16;12;0;0;0
01045030;7900407645152;rasteira slide molekinha 2354.133 camu flex (35312 branco off/ras 30);43,16;12;0;0;0
01045031;7900407645169;rasteira slide molekinha 2354.133 camu flex (35312 branco off/ras 31);43,16;12;0;0;0
01045032;7900407645176;rasteira slide molekinha 2354.133 camu flex (35312 branco off/ras 32);43,16;12;0;0;0
01045033;7900407645183;rasteira slide molekinha 2354.133 camu flex (35312 branco off/ras 33);43,16;12;0;0;0
01045034;7900407645190;rasteira slide molekinha 2354.133 camu flex (35312 branco off/ras 34);43,16;12;0;0;0
01045035;7900407645206;rasteira slide molekinha 2354.133 camu flex (35312 branco off/ras 35);43,16;12;0;0;0
01045036;7900407645213;rasteira slide molekinha 2354.133 camu flex (35312 branco off/ras 36);43,16;12;0;0;0
01045127;7900407264148;sandalia papete molekinha 2357.120 tunisia (100196 avela/s 27);61,82;12;0;0;0
01045128;7900407236831;sandalia papete molekinha 2357.120 tunisia (100196 avela/s 28);61,82;12;0;0;0
01045129;7900407264155;sandalia papete molekinha 2357.120 tunisia (100196 avela/s 29);61,82;12;0;0;0
01045130;7900407264162;sandalia papete molekinha 2357.120 tunisia (100196 avela/s 30);61,82;12;0;0;0
01045131;7900407264179;sandalia papete molekinha 2357.120 tunisia (100196 avela/s 31);61,82;12;0;0;0
01045132;7900407264186;sandalia papete molekinha 2357.120 tunisia (100196 avela/s 32);61,82;12;0;0;0
01045133;7900407264193;sandalia papete molekinha 2357.120 tunisia (100196 avela/s 33);61,82;12;0;0;0
01045134;7900407264209;sandalia papete molekinha 2357.120 tunisia (100196 avela/s 34);61,82;12;0;0;0
01045135;7900407264216;sandalia papete molekinha 2357.120 tunisia (100196 avela/s 35);61,82;12;0;0;0
01045136;7900407264223;sandalia papete molekinha 2357.120 tunisia (100196 avela/s 36);61,82;12;0;0;0
01045226;;papete slide molekinha 2357.103 turim (35312 branco off/s 26);49,06;12;0;0;0
01045227;7900294457777;papete slide molekinha 2357.103 turim (35312 branco off/s 27);49,06;12;0;0;0
01045228;7900294457784;papete slide molekinha 2357.103 turim (35312 branco off/s 28);49,06;12;0;0;0
01045229;7900294457791;papete slide molekinha 2357.103 turim (35312 branco off/s 29);49,06;12;0;0;0
01045230;7900294457807;papete slide molekinha 2357.103 turim (35312 branco off/s 30);49,06;12;0;0;0
01045231;7900294457814;papete slide molekinha 2357.103 turim (35312 branco off/s 31);49,06;12;0;0;0
01045232;7900294457821;papete slide molekinha 2357.103 turim (35312 branco off/s 32);49,06;12;0;0;0
01045233;7900294457838;papete slide molekinha 2357.103 turim (35312 branco off/s 33);49,06;12;0;0;0
01045234;7900294457845;papete slide molekinha 2357.103 turim (35312 branco off/s 34);49,06;12;0;0;0
01045235;7900294457852;papete slide molekinha 2357.103 turim (35312 branco off/s 35);49,06;12;0;0;0
01045236;7900294457869;papete slide molekinha 2357.103 turim (35312 branco off/s 36);49,06;12;0;0;0
01045326;7900407264032;papete slide molekinha 2357.119 tira pyxis (108943 rosado/lght/ouro 26);59,85;12;0;0;0
01045327;7900407264049;papete slide molekinha 2357.119 tira pyxis (108943 rosado/lght/ouro 27);59,85;12;0;0;0
01045328;7900407236824;papete slide molekinha 2357.119 tira pyxis (108943 rosado/lght/ouro 28);59,85;12;0;0;0
01045329;7900407264056;papete slide molekinha 2357.119 tira pyxis (108943 rosado/lght/ouro 29);59,85;12;0;0;0
01045330;7900407264063;papete slide molekinha 2357.119 tira pyxis (108943 rosado/lght/ouro 30);59,85;12;0;0;0
01045331;7900407264070;papete slide molekinha 2357.119 tira pyxis (108943 rosado/lght/ouro 31);59,85;12;0;0;0
01045332;7900407264087;papete slide molekinha 2357.119 tira pyxis (108943 rosado/lght/ouro 32);59,85;12;0;0;0
01045333;7900407264094;papete slide molekinha 2357.119 tira pyxis (108943 rosado/lght/ouro 33);59,85;12;0;0;0
01045334;7900407264100;papete slide molekinha 2357.119 tira pyxis (108943 rosado/lght/ouro 34);59,85;12;0;0;0
01045335;7900407264117;papete slide molekinha 2357.119 tira pyxis (108943 rosado/lght/ouro 35);59,85;12;0;0;0
01045336;7900407264124;papete slide molekinha 2357.119 tira pyxis (108943 rosado/lght/ouro 36);59,85;12;0;0;0
01045426;;papete slide molekinha 2358.100 tira pronta (87714 cristal/creme/nude 26);52,69;12;0;0;0
01045427;;papete slide molekinha 2358.100 tira pronta (87714 cristal/creme/nude 27);52,69;12;0;0;0
01045428;7900123786726;papete slide molekinha 2358.100 tira pronta (87714 cristal/creme/nude 28);52,69;12;0;0;0
01045429;7900123786733;papete slide molekinha 2358.100 tira pronta (87714 cristal/creme/nude 29);52,69;12;0;0;0
01045430;7900123786740;papete slide molekinha 2358.100 tira pronta (87714 cristal/creme/nude 30);52,69;12;0;0;0
01045431;7900123786757;papete slide molekinha 2358.100 tira pronta (87714 cristal/creme/nude 31);52,69;12;0;0;0
01045432;7900123786764;papete slide molekinha 2358.100 tira pronta (87714 cristal/creme/nude 32);52,69;12;0;0;0
01045433;7900123786771;papete slide molekinha 2358.100 tira pronta (87714 cristal/creme/nude 33);52,69;12;0;0;0
01045434;7900123786788;papete slide molekinha 2358.100 tira pronta (87714 cristal/creme/nude 34);52,69;12;0;0;0
01045435;7900123786795;papete slide molekinha 2358.100 tira pronta (87714 cristal/creme/nude 35);52,69;12;0;0;0
01045436;7900123786801;papete slide molekinha 2358.100 tira pronta (87714 cristal/creme/nude 36);52,69;12;0;0;0
01045526;;papete slide molekinha 2358.100 tira pronta (102533 preto/preto/crista 26);47,63;12;0;0;0
01045527;;papete slide molekinha 2358.100 tira pronta (102533 preto/preto/crista 27);47,63;12;0;0;0
01045528;7900350752471;papete slide molekinha 2358.100 tira pronta (102533 preto/preto/crista 28);47,63;12;0;0;0
01045529;7900350752488;papete slide molekinha 2358.100 tira pronta (102533 preto/preto/crista 29);47,63;12;0;0;0
01045530;7900350752495;papete slide molekinha 2358.100 tira pronta (102533 preto/preto/crista 30);47,63;12;0;0;0
01045531;7900350752501;papete slide molekinha 2358.100 tira pronta (102533 preto/preto/crista 31);47,63;12;0;0;0
01045532;7900350752518;papete slide molekinha 2358.100 tira pronta (102533 preto/preto/crista 32);47,63;12;0;0;0
01045533;7900350752525;papete slide molekinha 2358.100 tira pronta (102533 preto/preto/crista 33);47,63;12;0;0;0
01045534;7900350752532;papete slide molekinha 2358.100 tira pronta (102533 preto/preto/crista 34);47,63;12;0;0;0
01045535;7900350752549;papete slide molekinha 2358.100 tira pronta (102533 preto/preto/crista 35);47,63;12;0;0;0
01045536;7900350752556;papete slide molekinha 2358.100 tira pronta (102533 preto/preto/crista 36);47,63;12;0;0;0
01045627;7900407039531;babuche led molekinho 2874.407 eva (105739 marinho/laranja/ma 27/28);63,68;12;0;0;0
01045629;7900407039548;babuche led molekinho 2874.407 eva (105739 marinho/laranja/ma 29/30);63,68;12;0;0;0
01045631;7900407039555;babuche led molekinho 2874.407 eva (105739 marinho/laranja/ma 31/32);63,68;12;0;0;0
01045633;7900407039562;babuche led molekinho 2874.407 eva (105739 marinho/laranja/ma 33/34);63,68;12;0;0;0
01045635;7900407039579;babuche led molekinho 2874.407 eva (105739 marinho/laranja/ma 35/36);63,68;12;0;0;0
01045727;7900350914565;babuche led molekinho 2874.407 eva (102997 preto/amarelo neon 27/28);58,59;12;0;0;0
01045729;7900350914572;babuche led molekinho 2874.407 eva (102997 preto/amarelo neon 29/30);58,59;12;0;0;0
01045731;7900350914589;babuche led molekinho 2874.407 eva (102997 preto/amarelo neon 31/32);58,59;12;0;0;0
01045733;7900350914596;babuche led molekinho 2874.407 eva (102997 preto/amarelo neon 33/34);58,59;12;0;0;0
01045735;7900350914602;babuche led molekinho 2874.407 eva (102997 preto/amarelo neon 35/36);58,59;12;0;0;0
01045833;;sandalia modare 7208.108 elas/can (15745 preto/can 33);68,49;12;0;0;0
01045834;7900350011172;sandalia modare 7208.108 elas/can (15745 preto/can 34);68,49;12;0;0;0
01045835;7900350011189;sandalia modare 7208.108 elas/can (15745 preto/can 35);68,49;12;0;0;0
01045836;7900350011196;sandalia modare 7208.108 elas/can (15745 preto/can 36);68,49;12;0;0;0
01045837;7900350011219;sandalia modare 7208.108 elas/can (15745 preto/can 37);68,49;12;0;0;0
01045838;7900350011233;sandalia modare 7208.108 elas/can (15745 preto/can 38);68,49;12;0;0;0
01045839;7900350011240;sandalia modare 7208.108 elas/can (15745 preto/can 39);68,49;12;0;0;0
01045840;7900350011257;sandalia modare 7208.108 elas/can (15745 preto/can 40);68,49;12;0;0;0
01045933;7900294968914;sandalia modare 7208.108 elas/can (100196 avela can 33);65,82;12;0;0;0
01045934;7900294968921;sandalia modare 7208.108 elas/can (100196 avela can 34);65,82;12;0;0;0
01045935;7900294968938;sandalia modare 7208.108 elas/can (100196 avela can 35);65,82;12;0;0;0
01045936;7900294968945;sandalia modare 7208.108 elas/can (100196 avela can 36);65,82;12;0;0;0
01045937;7900294968969;sandalia modare 7208.108 elas/can (100196 avela can 37);65,82;12;0;0;0
01045938;7900294968983;sandalia modare 7208.108 elas/can (100196 avela can 38);65,82;12;0;0;0
01045939;7900294968990;sandalia modare 7208.108 elas/can (100196 avela can 39);65,82;12;0;0;0
01045940;7900294969003;sandalia modare 7208.108 elas/can (100196 avela can 40);65,82;12;0;0;0
01046033;7909823925695;tamanco modare 7151.115 np float na (14745 preto/na 33);69,37;12;0;0;0
01046034;7909823925701;tamanco modare 7151.115 np float na (14745 preto/na 34);69,37;12;0;0;0
01046035;7909823925718;tamanco modare 7151.115 np float na (14745 preto/na 35);69,37;12;0;0;0
01046036;7909823925725;tamanco modare 7151.115 np float na (14745 preto/na 36);69,37;12;0;0;0
01046037;;tamanco modare 7151.115 np float na (14745 preto/na 37);69,37;12;0;0;0
01046038;7909823925763;tamanco modare 7151.115 np float na (14745 preto/na 38);69,37;12;0;0;0
01046039;7909823925770;tamanco modare 7151.115 np float na (14745 preto/na 39);69,37;12;0;0;0
01046040;;tamanco modare 7151.115 np float na (14745 preto/na 40);69,37;12;0;0;0
01046227;7900407385805;tenis kids molekinho 2866.113 luis/guine (15745 preto gu 27);85,14;12;0;0;0
01046228;7900407385812;tenis kids molekinho 2866.113 luis/guine (15745 preto gu 28);85,14;12;0;0;0
01046229;7900407385829;tenis kids molekinho 2866.113 luis/guine (15745 preto gu 29);85,14;12;0;0;0
01046230;7900407385836;tenis kids molekinho 2866.113 luis/guine (15745 preto gu 30);85,14;12;0;0;0
01046231;7900407385843;tenis kids molekinho 2866.113 luis/guine (15745 preto gu 31);85,14;12;0;0;0
01046232;7900407385850;tenis kids molekinho 2866.113 luis/guine (15745 preto gu 32);85,14;12;0;0;0
01046233;7900407385867;tenis kids molekinho 2866.113 luis/guine (15745 preto gu 33);85,14;12;0;0;0
01046234;7900407385874;tenis kids molekinho 2866.113 luis/guine (15745 preto gu 34);85,14;12;0;0;0
01046235;7900407385881;tenis kids molekinho 2866.113 luis/guine (15745 preto gu 35);85,14;12;0;0;0
01046236;7900407385898;tenis kids molekinho 2866.113 luis/guine (15745 preto gu 36);85,14;12;0;0;0
01046317;;sapatenis molekinho 2631.121 rustico neo (36783 branco off/marinho 17);61,82;12;0;0;0
01046318;;sapatenis molekinho 2631.121 rustico neo (36783 branco off/marinho 18);61,82;12;0;0;0
01046319;7900407503728;sapatenis molekinho 2631.121 rustico neo (36783 branco off/marinho 19);61,82;12;0;0;0
01046320;7900407503735;sapatenis molekinho 2631.121 rustico neo (36783 branco off/marinho 20);61,82;12;0;0;0
01046321;7900407503742;sapatenis molekinho 2631.121 rustico neo (36783 branco off/marinho 21);61,82;12;0;0;0
01046322;7900407503759;sapatenis molekinho 2631.121 rustico neo (36783 branco off/marinho 22);61,82;12;0;0;0
01046323;7900407503766;sapatenis molekinho 2631.121 rustico neo (36783 branco off/marinho 23);61,82;12;0;0;0
01046324;7900407503773;sapatenis molekinho 2631.121 rustico neo (36783 branco off/marinho 24);61,82;12;0;0;0
01046325;7900407503780;sapatenis molekinho 2631.121 rustico neo (36783 branco off/marinho 25);61,82;12;0;0;0
01046326;7900407503797;sapatenis molekinho 2631.121 rustico neo (36783 branco off/marinho 26);61,82;12;0;0;0
01046417;;sapatenis molekinho 2634.115 rusti neo (72827 marinho/caramelo 87 17);57,36;12;0;0;0
01046418;;sapatenis molekinho 2634.115 rusti neo (72827 marinho/caramelo 87 18);57,36;12;0;0;0
01046419;7900407504084;sapatenis molekinho 2634.115 rusti neo (72827 marinho/caramelo 87 19);57,36;12;0;0;0
01046420;7900407504091;sapatenis molekinho 2634.115 rusti neo (72827 marinho/caramelo 87 20);57,36;12;0;0;0
01046421;7900407504107;sapatenis molekinho 2634.115 rusti neo (72827 marinho/caramelo 87 21);57,36;12;0;0;0
01046422;7900407504114;sapatenis molekinho 2634.115 rusti neo (72827 marinho/caramelo 87 22);57,36;12;0;0;0
01046423;7900407504121;sapatenis molekinho 2634.115 rusti neo (72827 marinho/caramelo 87 23);57,36;12;0;0;0
01046424;7900407504138;sapatenis molekinho 2634.115 rusti neo (72827 marinho/caramelo 87 24);57,36;12;0;0;0
01046425;7900407504145;sapatenis molekinho 2634.115 rusti neo (72827 marinho/caramelo 87 25);57,36;12;0;0;0
01046426;7900407504152;sapatenis molekinho 2634.115 rusti neo (72827 marinho/caramelo 87 26);57,36;12;0;0;0
01046517;;tenis casual molekinha 2118.592 napa turim (17689 preto/branco t 17);47,63;12;0;0;0
01046518;;tenis casual molekinha 2118.592 napa turim (17689 preto/branco t 18);47,63;12;0;0;0
01046519;;tenis casual molekinha 2118.592 napa turim (17689 preto/branco t 19);47,63;12;0;0;0
01046520;7900294796166;tenis casual molekinha 2118.592 napa turim (17689 preto/branco t 20);47,63;12;0;0;0
01046521;7900294796173;tenis casual molekinha 2118.592 napa turim (17689 preto/branco t 21);47,63;12;0;0;0
01046522;7900294772276;tenis casual molekinha 2118.592 napa turim (17689 preto/branco t 22);47,63;12;0;0;0
01046523;7900294796180;tenis casual molekinha 2118.592 napa turim (17689 preto/branco t 23);47,63;12;0;0;0
01046524;7900294796197;tenis casual molekinha 2118.592 napa turim (17689 preto/branco t 24);47,63;12;0;0;0
01046525;7900294796203;tenis casual molekinha 2118.592 napa turim (17689 preto/branco t 25);47,63;12;0;0;0
01046526;;tenis casual molekinha 2118.592 napa turim (17689 preto/branco t 26);47,63;12;0;0;0
01046617;;tenis casual molekinha 2723.221 london (15745 pretogl 17);57,36;12;0;0;0
01046618;;tenis casual molekinha 2723.221 london (15745 pretogl 18);57,36;12;0;0;0
01046619;;tenis casual molekinha 2723.221 london (15745 pretogl 19);57,36;12;0;0;0
01046620;7900407377664;tenis casual molekinha 2723.221 london (15745 pretogl 20);57,36;12;0;0;0
01046621;7900407377671;tenis casual molekinha 2723.221 london (15745 pretogl 21);57,36;12;0;0;0
01046622;7900407377688;tenis casual molekinha 2723.221 london (15745 pretogl 22);57,36;12;0;0;0
01046623;7900407377695;tenis casual molekinha 2723.221 london (15745 pretogl 23);57,36;12;0;0;0
01046624;7900407377701;tenis casual molekinha 2723.221 london (15745 pretogl 24);57,36;12;0;0;0
01046625;7900407377718;tenis casual molekinha 2723.221 london (15745 pretogl 25);57,36;12;0;0;0
01046626;;tenis casual molekinha 2723.221 london (15745 pretogl 26);57,36;12;0;0;0
01046717;;tenis casual molekinha 2723.222 nylon flat (79486 rosa/rosa g 17);61,82;12;0;0;0
01046718;;tenis casual molekinha 2723.222 nylon flat (79486 rosa/rosa g 18);61,82;12;0;0;0
01046719;7900407391479;tenis casual molekinha 2723.222 nylon flat (79486 rosa/rosa g 19);61,82;12;0;0;0
01046720;7900407391486;tenis casual molekinha 2723.222 nylon flat (79486 rosa/rosa g 20);61,82;12;0;0;0
01046721;7900407391493;tenis casual molekinha 2723.222 nylon flat (79486 rosa/rosa g 21);61,82;12;0;0;0
01046722;7900407391509;tenis casual molekinha 2723.222 nylon flat (79486 rosa/rosa g 22);61,82;12;0;0;0
01046723;7900407391516;tenis casual molekinha 2723.222 nylon flat (79486 rosa/rosa g 23);61,82;12;0;0;0
01046724;7900407391523;tenis casual molekinha 2723.222 nylon flat (79486 rosa/rosa g 24);61,82;12;0;0;0
01046725;7900407391530;tenis casual molekinha 2723.222 nylon flat (79486 rosa/rosa g 25);61,82;12;0;0;0
01046726;;tenis casual molekinha 2723.222 nylon flat (79486 rosa/rosa g 26);61,82;12;0;0;0
01046821;7909823833341;tenis led molekinho 2620.103 neoplex (003 preto le 21);61,82;12;0;0;0
01046822;7909823833358;tenis led molekinho 2620.103 neoplex (003 preto le 22);61,82;12;0;0;0
01046823;7909823833365;tenis led molekinho 2620.103 neoplex (003 preto le 23);61,82;12;0;0;0
01046824;7909823833372;tenis led molekinho 2620.103 neoplex (003 preto le 24);61,82;12;0;0;0
01046825;7909823833389;tenis led molekinho 2620.103 neoplex (003 preto le 25);61,82;12;0;0;0
01046826;7909823833396;tenis led molekinho 2620.103 neoplex (003 preto le 26);61,82;12;0;0;0
01046917;;tenis led molekinho 2620.125 boston (83463 preto/laranja 17);70,94;12;0;0;0
01046918;;tenis led molekinho 2620.125 boston (83463 preto/laranja 18);70,94;12;0;0;0
01046919;;tenis led molekinho 2620.125 boston (83463 preto/laranja 19);70,94;12;0;0;0
01046920;;tenis led molekinho 2620.125 boston (83463 preto/laranja 20);70,94;12;0;0;0
01046921;7900407267590;tenis led molekinho 2620.125 boston (83463 preto/laranja 21);70,94;12;0;0;0
01046922;7900407267606;tenis led molekinho 2620.125 boston (83463 preto/laranja 22);70,94;12;0;0;0
01046923;7900407267613;tenis led molekinho 2620.125 boston (83463 preto/laranja 23);70,94;12;0;0;0
01046924;7900407267620;tenis led molekinho 2620.125 boston (83463 preto/laranja 24);70,94;12;0;0;0
01046925;7900407267637;tenis led molekinho 2620.125 boston (83463 preto/laranja 25);70,94;12;0;0;0
01046926;7900407267644;tenis led molekinho 2620.125 boston (83463 preto/laranja 26);70,94;12;0;0;0
01047019;7900407504169;tenis led molekinho 2634.116 fl ru ne (15860 preto/preto ve 19);61,82;12;0;0;0
01047020;7900407504176;tenis led molekinho 2634.116 fl ru ne (15860 preto/preto ve 20);61,82;12;0;0;0
01047021;7900407504183;tenis led molekinho 2634.116 fl ru ne (15860 preto/preto ve 21);61,82;12;0;0;0
01047022;7900407504190;tenis led molekinho 2634.116 fl ru ne (15860 preto/preto ve 22);61,82;12;0;0;0
01047023;7900407504206;tenis led molekinho 2634.116 fl ru ne (15860 preto/preto ve 23);61,82;12;0;0;0
01047024;7900407504213;tenis led molekinho 2634.116 fl ru ne (15860 preto/preto ve 24);61,82;12;0;0;0
01047025;7900407504220;tenis led molekinho 2634.116 fl ru ne (15860 preto/preto ve 25);61,82;12;0;0;0
01047026;7900407504237;tenis led molekinho 2634.116 fl ru ne (15860 preto/preto ve 26);61,82;12;0;0;0
01047127;7900407504985;tenis kids molekinho 2850.420 ru ne (1860 preto/preto fu 27);66,48;12;0;0;0
01047128;7900407504992;tenis kids molekinho 2850.420 ru ne (1860 preto/preto fu 28);66,48;12;0;0;0
01047129;7900407505005;tenis kids molekinho 2850.420 ru ne (1860 preto/preto fu 29);66,48;12;0;0;0
01047130;7900407505012;tenis kids molekinho 2850.420 ru ne (1860 preto/preto fu 30);66,48;12;0;0;0
01047131;7900407505029;tenis kids molekinho 2850.420 ru ne (1860 preto/preto fu 31);66,48;12;0;0;0
01047132;7900407505036;tenis kids molekinho 2850.420 ru ne (1860 preto/preto fu 32);66,48;12;0;0;0
01047133;7900407505043;tenis kids molekinho 2850.420 ru ne (1860 preto/preto fu 33);66,48;12;0;0;0
01047134;7900407505050;tenis kids molekinho 2850.420 ru ne (1860 preto/preto fu 34);66,48;12;0;0;0
01047135;7900407505067;tenis kids molekinho 2850.420 ru ne (1860 preto/preto fu 35);66,48;12;0;0;0
01047136;7900407505074;tenis kids molekinho 2850.420 ru ne (1860 preto/preto fu 36);66,48;12;0;0;0
01047227;7900407274659;tenis kids molekinho 2864.112 nylon sleek (15745 preto/branco r 27);66,48;12;0;0;0
01047228;7900407274666;tenis kids molekinho 2864.112 nylon sleek (15745 preto/branco r 28);66,48;12;0;0;0
01047229;7900407274673;tenis kids molekinho 2864.112 nylon sleek (15745 preto/branco r 29);66,48;12;0;0;0
01047230;7900407274680;tenis kids molekinho 2864.112 nylon sleek (15745 preto/branco r 30);66,48;12;0;0;0
01047231;7900407274697;tenis kids molekinho 2864.112 nylon sleek (15745 preto/branco r 31);66,48;12;0;0;0
01047232;7900407274703;tenis kids molekinho 2864.112 nylon sleek (15745 preto/branco r 32);66,48;12;0;0;0
01047233;7900407274710;tenis kids molekinho 2864.112 nylon sleek (15745 preto/branco r 33);66,48;12;0;0;0
01047234;7900407274727;tenis kids molekinho 2864.112 nylon sleek (15745 preto/branco r 34);66,48;12;0;0;0
01047235;7900407274734;tenis kids molekinho 2864.112 nylon sleek (15745 preto/branco r 35);66,48;12;0;0;0
01047236;7900407274741;tenis kids molekinho 2864.112 nylon sleek (15745 preto/branco r 36);66,48;12;0;0;0
01047323;;chinelo slide nuvem molekinha 2338.110 eva (83517 creme ev 23/24);38,50;12;0;0;0
01047325;;chinelo slide nuvem molekinha 2338.110 eva (83517 creme ev 25/26);38,50;12;0;0;0
01047327;7900407236770;chinelo slide nuvem molekinha 2338.110 eva (83517 creme ev 27/28);38,50;12;0;0;0
01047329;7900407263714;chinelo slide nuvem molekinha 2338.110 eva (83517 creme ev 29/30);38,50;12;0;0;0
01047331;7900407263721;chinelo slide nuvem molekinha 2338.110 eva (83517 creme ev 31/32);38,50;12;0;0;0
01047333;7900407263738;chinelo slide nuvem molekinha 2338.110 eva (83517 creme ev 33/34);38,50;12;0;0;0
01047335;7900407263745;chinelo slide nuvem molekinha 2338.110 eva (83517 creme ev 35/36);38,50;12;0;0;0
01047423;;chinelo slide nuvem molekinha 2338.110 eva (15745 preto ev 23/24);38,50;12;0;0;0
01047425;;chinelo slide nuvem molekinha 2338.110 eva (15745 preto ev 25/26);38,50;12;0;0;0
01047427;7900407416837;chinelo slide nuvem molekinha 2338.110 eva (15745 preto ev 27/28);38,50;12;0;0;0
01047429;7900407416844;chinelo slide nuvem molekinha 2338.110 eva (15745 preto ev 29/30);38,50;12;0;0;0
01047431;7900407416851;chinelo slide nuvem molekinha 2338.110 eva (15745 preto ev 31/32);38,50;12;0;0;0
01047433;7900407416868;chinelo slide nuvem molekinha 2338.110 eva (15745 preto ev 33/34);38,50;12;0;0;0
01047435;7900407416875;chinelo slide nuvem molekinha 2338.110 eva (15745 preto ev 35/36);38,50;12;0;0;0
01047533;7900350596631;sandalia papete modare 7162.306 elastico (100196 avela s 33);47,12;12;0;0;0
01047534;7900350596648;sandalia papete modare 7162.306 elastico (100196 avela s 34);47,12;12;0;0;0
01047535;7900350596655;sandalia papete modare 7162.306 elastico (100196 avela s 35);47,12;12;0;0;0
01047536;7900350596662;sandalia papete modare 7162.306 elastico (100196 avela s 36);47,12;12;0;0;0
01047537;7900350596679;sandalia papete modare 7162.306 elastico (100196 avela s 37);47,12;12;0;0;0
01047538;7900350596686;sandalia papete modare 7162.306 elastico (100196 avela s 38);47,12;12;0;0;0
01047539;7900350596693;sandalia papete modare 7162.306 elastico (100196 avela s 39);47,12;12;0;0;0
01047540;7900350596709;sandalia papete modare 7162.306 elastico (100196 avela s 40);47,12;12;0;0;0
01047633;7900350520698;sandalia papete modare 7162.306 elastico (52531 nude sa 33);47,12;12;0;0;0
01047634;7900350520704;sandalia papete modare 7162.306 elastico (52531 nude sa 34);47,12;12;0;0;0
01047635;7900350520711;sandalia papete modare 7162.306 elastico (52531 nude sa 35);47,12;12;0;0;0
01047636;7900350520728;sandalia papete modare 7162.306 elastico (52531 nude sa 36);47,12;12;0;0;0
01047637;7900350520735;sandalia papete modare 7162.306 elastico (52531 nude sa 37);47,12;12;0;0;0
01047638;7900350520742;sandalia papete modare 7162.306 elastico (52531 nude sa 38);47,12;12;0;0;0
01047639;7900350520759;sandalia papete modare 7162.306 elastico (52531 nude sa 39);47,12;12;0;0;0
01047640;7900350520766;sandalia papete modare 7162.306 elastico (52531 nude sa 40);47,12;12;0;0;0
01047733;7900407514083;papete slide modare 7162.330 tresse berl (15745 preto tre 33);44,47;12;0;0;0
01047734;7900407514090;papete slide modare 7162.330 tresse berl (15745 preto tre 34);44,47;12;0;0;0
01047735;7900407514106;papete slide modare 7162.330 tresse berl (15745 preto tre 35);44,47;12;0;0;0
01047736;7900407514113;papete slide modare 7162.330 tresse berl (15745 preto tre 36);44,47;12;0;0;0
01047737;7900407514137;papete slide modare 7162.330 tresse berl (15745 preto tre 37);44,47;12;0;0;0
01047738;7900407514151;papete slide modare 7162.330 tresse berl (15745 preto tre 38);44,47;12;0;0;0
01047739;7900407514168;papete slide modare 7162.330 tresse berl (15745 preto tre 39);44,47;12;0;0;0
01047740;7900407514175;papete slide modare 7162.330 tresse berl (15745 preto tre 40);44,47;12;0;0;0
01047833;;chinelo modare 7162.333 nature (108352 alecrim 33);49,70;12;0;0;0
01047834;7900407514298;chinelo modare 7162.333 nature (108352 alecrim 34);49,70;12;0;0;0
01047835;7900407514304;chinelo modare 7162.333 nature (108352 alecrim 35);49,70;12;0;0;0
01047836;7900407514311;chinelo modare 7162.333 nature (108352 alecrim 36);49,70;12;0;0;0
01047837;7900407514335;chinelo modare 7162.333 nature (108352 alecrim 37);49,70;12;0;0;0
01047838;7900407514359;chinelo modare 7162.333 nature (108352 alecrim 38);49,70;12;0;0;0
01047839;7900407514366;chinelo modare 7162.333 nature (108352 alecrim 39);49,70;12;0;0;0
01047840;7900407514373;chinelo modare 7162.333 nature (108352 alecrim 40);49,70;12;0;0;0
01047933;;chinelo modare 7162.333 nature (15745 preto a 33);49,70;12;0;0;0
01047934;7900407614813;chinelo modare 7162.333 nature (15745 preto a 34);49,70;12;0;0;0
01047935;7900407614820;chinelo modare 7162.333 nature (15745 preto a 35);49,70;12;0;0;0
01047936;7900407614837;chinelo modare 7162.333 nature (15745 preto a 36);49,70;12;0;0;0
01047937;7900407614851;chinelo modare 7162.333 nature (15745 preto a 37);49,70;12;0;0;0
01047938;7900407614875;chinelo modare 7162.333 nature (15745 preto a 38);49,70;12;0;0;0
01047939;7900407614882;chinelo modare 7162.333 nature (15745 preto a 39);49,70;12;0;0;0
01047940;7900407614899;chinelo modare 7162.333 nature (15745 preto a 40);49,70;12;0;0;0
01048033;;sandalia modare 7210.209 nobuck ultr (108352 alecrim v 33);79,31;12;0;0;0
01048034;7900407417797;sandalia modare 7210.209 nobuck ultr (108352 alecrim v 34);79,31;12;0;0;0
01048035;7900407417803;sandalia modare 7210.209 nobuck ultr (108352 alecrim v 35);79,31;12;0;0;0
01048036;7900407417810;sandalia modare 7210.209 nobuck ultr (108352 alecrim v 36);79,31;12;0;0;0
01048037;7900407417834;sandalia modare 7210.209 nobuck ultr (108352 alecrim v 37);79,31;12;0;0;0
01048038;7900407417858;sandalia modare 7210.209 nobuck ultr (108352 alecrim v 38);79,31;12;0;0;0
01048039;7900407417865;sandalia modare 7210.209 nobuck ultr (108352 alecrim v 39);79,31;12;0;0;0
01048040;7900407417872;sandalia modare 7210.209 nobuck ultr (108352 alecrim v 40);79,31;12;0;0;0
01048133;;sandalia modare 7210.210 np floa nat (95373 camel na 33);88,84;12;0;0;0
01048134;7900407417896;sandalia modare 7210.210 np floa nat (95373 camel na 34);88,84;12;0;0;0
01048135;7900407417902;sandalia modare 7210.210 np floa nat (95373 camel na 35);88,84;12;0;0;0
01048136;7900407417919;sandalia modare 7210.210 np floa nat (95373 camel na 36);88,84;12;0;0;0
01048137;7900407417933;sandalia modare 7210.210 np floa nat (95373 camel na 37);88,84;12;0;0;0
01048138;7900407417957;sandalia modare 7210.210 np floa nat (95373 camel na 38);88,84;12;0;0;0
01048139;7900407417964;sandalia modare 7210.210 np floa nat (95373 camel na 39);88,84;12;0;0;0
01048140;7900407417971;sandalia modare 7210.210 np floa nat (95373 camel na 40);88,84;12;0;0;0
01048226;7900245708811;tenis casual molekinha 2582.102 madri (17689 preto/branco tu 26);52,69;12;0;0;0
01048227;7900245708828;tenis casual molekinha 2582.102 madri (17689 preto/branco tu 27);52,69;12;0;0;0
01048228;7900245708835;tenis casual molekinha 2582.102 madri (17689 preto/branco tu 28);52,69;12;0;0;0
01048229;7900245708842;tenis casual molekinha 2582.102 madri (17689 preto/branco tu 29);52,69;12;0;0;0
01048230;7900245708859;tenis casual molekinha 2582.102 madri (17689 preto/branco tu 30);52,69;12;0;0;0
01048231;7900245708866;tenis casual molekinha 2582.102 madri (17689 preto/branco tu 31);52,69;12;0;0;0
01048232;7900245708873;tenis casual molekinha 2582.102 madri (17689 preto/branco tu 32);52,69;12;0;0;0
01048233;7900245708880;tenis casual molekinha 2582.102 madri (17689 preto/branco tu 33);52,69;12;0;0;0
01048234;7900245708897;tenis casual molekinha 2582.102 madri (17689 preto/branco tu 34);52,69;12;0;0;0
01048235;7900245708903;tenis casual molekinha 2582.102 madri (17689 preto/branco tu 35);52,69;12;0;0;0
01048236;7900245708910;tenis casual molekinha 2582.102 madri (17689 preto/branco tu 36);52,69;12;0;0;0
01048434;7909692321987;meia sapatilha pilates puket cb8529 esportiva (390 azul marinho 34-39);23,00;12;0;0;0
01048534;7909692321994;meia sapatilha pilates puket cb8529 esportiva (199 preto /rosa 34-39);23,00;12;0;0;0
01048634;7909692321703;meia sapatilha pilates puket cb8529 esportiva (200 cinza 34-39);23,00;12;0;0;0
01048823;7891276932552;meia cano curto puket cb8264 tripack (100 branco 8264 23-27);16,41;12;0;0;0
01048828;7891276932569;meia cano curto puket cb8264 tripack (100 branco 8264 28-31);16,41;12;0;0;0
01048832;7891276932576;meia cano curto puket cb8264 tripack (100 branco 8264 32-35);16,41;12;0;0;0
01049928;7900407681341;tenis molekinha 25005.203 piton saar (18323 preto/preta/preto 28);76,00;12;0;0;0
01049929;7900407681358;tenis molekinha 25005.203 piton saar (18323 preto/preta/preto 29);76,00;12;0;0;0
01049930;7900407681365;tenis molekinha 25005.203 piton saar (18323 preto/preta/preto 30);76,00;12;0;0;0
01049931;7900407681372;tenis molekinha 25005.203 piton saar (18323 preto/preta/preto 31);76,00;12;0;0;0
01049932;7900407681389;tenis molekinha 25005.203 piton saar (18323 preto/preta/preto 32);76,00;12;0;0;0
01049933;7900407681396;tenis molekinha 25005.203 piton saar (18323 preto/preta/preto 33);76,00;12;0;0;0
01049934;7900407681402;tenis molekinha 25005.203 piton saar (18323 preto/preta/preto 34);76,00;12;0;0;0
01049935;7900407681419;tenis molekinha 25005.203 piton saar (18323 preto/preta/preto 35);76,00;12;0;0;0
01049936;7900407681426;tenis molekinha 25005.203 piton saar (18323 preto/preta/preto 36);76,00;12;0;0;0
01050033;;papete slide modare 7162.330 tresse berl (100196 avela tber 33);44,47;12;0;0;0
01050034;;papete slide modare 7162.330 tresse berl (100196 avela tber 34);44,47;12;0;0;0
01050035;7900407675081;papete slide modare 7162.330 tresse berl (100196 avela tber 35);44,47;12;0;0;0
01050036;7900407675098;papete slide modare 7162.330 tresse berl (100196 avela tber 36);44,47;12;0;0;0
01050037;7900407675111;papete slide modare 7162.330 tresse berl (100196 avela tber 37);44,47;12;0;0;0
01050038;7900407675135;papete slide modare 7162.330 tresse berl (100196 avela tber 38);44,47;12;0;0;0
01050039;7900407675142;papete slide modare 7162.330 tresse berl (100196 avela tber 39);44,47;12;0;0;0
01050040;7900407675159;papete slide modare 7162.330 tresse berl (100196 avela tber 40);44,47;12;0;0;0
01050041;;papete slide modare 7162.330 tresse berl (100196 avela tber 41);44,47;12;0;0;0
01050119;7900407824359;babuche molekinho 2653.103 eva elastic (15745 preto b 19/20);43,54;12;0;0;0
01050121;7900407824366;babuche molekinho 2653.103 eva elastic (15745 preto b 21/22);43,54;12;0;0;0
01050123;7900407824373;babuche molekinho 2653.103 eva elastic (15745 preto b 23/24);43,54;12;0;0;0
01050125;7900407824380;babuche molekinho 2653.103 eva elastic (15745 preto b 25/26);43,54;12;0;0;0
01050219;7900407824854;babuche molekinho 2653.101 eva/elasti (64823 preto/preto/branco 19/20);43,54;12;0;0;0
01050221;7900407824861;babuche molekinho 2653.101 eva/elasti (64823 preto/preto/branco 21/22);43,54;12;0;0;0
01050223;7900407824878;babuche molekinho 2653.101 eva/elasti (64823 preto/preto/branco 23/24);43,54;12;0;0;0
01050225;7900407824885;babuche molekinho 2653.101 eva/elasti (64823 preto/preto/branco 25/26);43,54;12;0;0;0
01050319;7900407824434;babuche molekinho 2653.100 eva (17745 preto eb 19/20);34,33;12;0;0;0
01050321;7900407824441;babuche molekinho 2653.100 eva (17745 preto eb 21/22);34,33;12;0;0;0
01050323;7900407824458;babuche molekinho 2653.100 eva (17745 preto eb 23/24);34,33;12;0;0;0
01050325;7900407824465;babuche molekinho 2653.100 eva (17745 preto eb 25/26);34,33;12;0;0;0
01050433;;tamanco slide modare 7142.101 pele strech (106874 avela/mocca 33);45,99;12;0;0;0
01050434;7900350957111;tamanco slide modare 7142.101 pele strech (106874 avela/mocca 34);45,99;12;0;0;0
01050435;7900350957128;tamanco slide modare 7142.101 pele strech (106874 avela/mocca 35);45,99;12;0;0;0
01050436;7900350957135;tamanco slide modare 7142.101 pele strech (106874 avela/mocca 36);45,99;12;0;0;0
01050437;7900350957159;tamanco slide modare 7142.101 pele strech (106874 avela/mocca 37);45,99;12;0;0;0
01050438;7900350957173;tamanco slide modare 7142.101 pele strech (106874 avela/mocca 38);45,99;12;0;0;0
01050439;7900350957180;tamanco slide modare 7142.101 pele strech (106874 avela/mocca 39);45,99;12;0;0;0
01050440;;tamanco slide modare 7142.101 pele strech (106874 avela/mocca 40);45,99;12;0;0;0
01050441;;tamanco slide modare 7142.101 pele strech (106874 avela/mocca 41);45,99;12;0;0;0
01050533;7900407001071;tamanco modare 7142.106 np/sen flex (102465 avela/camel t 33);45,99;12;0;0;0
01050534;7900407001088;tamanco modare 7142.106 np/sen flex (102465 avela/camel t 34);45,99;12;0;0;0
01050536;7900407001101;tamanco modare 7142.106 np/sen flex (102465 avela/camel t 36);45,99;12;0;0;0
01050537;7900407001125;tamanco modare 7142.106 np/sen flex (102465 avela/camel t 37);45,99;12;0;0;0
01050538;7900407001149;tamanco modare 7142.106 np/sen flex (102465 avela/camel t 38);45,99;12;0;0;0
01050539;7900407001156;tamanco modare 7142.106 np/sen flex (102465 avela/camel t 39);45,99;12;0;0;0
01050540;7900407001163;tamanco modare 7142.106 np/sen flex (102465 avela/camel t 40);45,99;12;0;0;0
01050541;;tamanco modare 7142.106 np/sen flex (102465 avela/camel t 41);45,99;12;0;0;0
01050634;7900245807682;rasteira slide vizzano 6371.367 napa calf (15745 preto calf 34);36,19;12;0;0;0
01050635;7900245807699;rasteira slide vizzano 6371.367 napa calf (15745 preto calf 35);36,19;12;0;0;0
01050636;7900245807705;rasteira slide vizzano 6371.367 napa calf (15745 preto calf 36);36,19;12;0;0;0
01050637;7900245807729;rasteira slide vizzano 6371.367 napa calf (15745 preto calf 37);36,19;12;0;0;0
01050638;7900245807743;rasteira slide vizzano 6371.367 napa calf (15745 preto calf 38);36,19;12;0;0;0
01050639;7900245807750;rasteira slide vizzano 6371.367 napa calf (15745 preto calf 39);36,19;12;0;0;0
01050640;7900245807767;rasteira slide vizzano 6371.367 napa calf (15745 preto calf 40);36,19;12;0;0;0
01050734;7900245807583;rasteira slide vizzano 6371.367 napa calf (102051 areia calf 34);36,20;12;0;0;0
01050735;7900245807590;rasteira slide vizzano 6371.367 napa calf (102051 areia calf 35);36,20;12;0;0;0
01050736;7900245807606;rasteira slide vizzano 6371.367 napa calf (102051 areia calf 36);36,20;12;0;0;0
01050737;7900245807620;rasteira slide vizzano 6371.367 napa calf (102051 areia calf 37);36,20;12;0;0;0
01050738;7900245807644;rasteira slide vizzano 6371.367 napa calf (102051 areia calf 38);36,20;12;0;0;0
01050739;7900245807651;rasteira slide vizzano 6371.367 napa calf (102051 areia calf 39);36,20;12;0;0;0
01050740;7900245807668;rasteira slide vizzano 6371.367 napa calf (102051 areia calf 40);36,20;12;0;0;0
01050834;7900294854903;rasteira slide vizzano 6371.367 napa calf (104068 mocca calf13 34);36,20;12;0;0;0
01050835;7900294854910;rasteira slide vizzano 6371.367 napa calf (104068 mocca calf13 35);36,20;12;0;0;0
01050836;7900294854927;rasteira slide vizzano 6371.367 napa calf (104068 mocca calf13 36);36,20;12;0;0;0
01050837;7900294854941;rasteira slide vizzano 6371.367 napa calf (104068 mocca calf13 37);36,20;12;0;0;0
01050838;7900294854965;rasteira slide vizzano 6371.367 napa calf (104068 mocca calf13 38);36,20;12;0;0;0
01050839;7900294854972;rasteira slide vizzano 6371.367 napa calf (104068 mocca calf13 39);36,20;12;0;0;0
01050840;7900294854989;rasteira slide vizzano 6371.367 napa calf (104068 mocca calf13 40);36,20;12;0;0;0
01050934;7900407752546;sandalia papete beira rio 8523.132 np turim (35312 branco off t 34);63,17;12;0;0;0
01050935;7900407752553;sandalia papete beira rio 8523.132 np turim (35312 branco off t 35);63,17;12;0;0;0
01050936;7900407752560;sandalia papete beira rio 8523.132 np turim (35312 branco off t 36);63,17;12;0;0;0
01050937;7900407752584;sandalia papete beira rio 8523.132 np turim (35312 branco off t 37);63,17;12;0;0;0
01050938;7900407752607;sandalia papete beira rio 8523.132 np turim (35312 branco off t 38);63,17;12;0;0;0
01050939;7900407752614;sandalia papete beira rio 8523.132 np turim (35312 branco off t 39);63,17;12;0;0;0
01050940;7900407752621;sandalia papete beira rio 8523.132 np turim (35312 branco off t 40);63,17;12;0;0;0
01051034;7900407723676;sandalia papete beira rio 8523.132 metalizado (66 dourado 34);63,17;12;0;0;0
01051035;7900407723683;sandalia papete beira rio 8523.132 metalizado (66 dourado 35);63,17;12;0;0;0
01051036;7900407723690;sandalia papete beira rio 8523.132 metalizado (66 dourado 36);63,17;12;0;0;0
01051037;7900407723713;sandalia papete beira rio 8523.132 metalizado (66 dourado 37);63,17;12;0;0;0
01051038;7900407723737;sandalia papete beira rio 8523.132 metalizado (66 dourado 38);63,17;12;0;0;0
01051039;7900407723744;sandalia papete beira rio 8523.132 metalizado (66 dourado 39);63,17;12;0;0;0
01051040;7900407723751;sandalia papete beira rio 8523.132 metalizado (66 dourado 40);63,17;12;0;0;0
01051134;7900407512690;rasteira vizzano 6371.1005 pelica (109616 chocolate 34);56,24;12;0;0;0
01051135;7900407512706;rasteira vizzano 6371.1005 pelica (109616 chocolate 35);56,24;12;0;0;0
01051136;7900407512713;rasteira vizzano 6371.1005 pelica (109616 chocolate 36);56,24;12;0;0;0
01051137;7900407512737;rasteira vizzano 6371.1005 pelica (109616 chocolate 37);56,24;12;0;0;0
01051138;7900407512751;rasteira vizzano 6371.1005 pelica (109616 chocolate 38);56,24;12;0;0;0
01051139;7900407512768;rasteira vizzano 6371.1005 pelica (109616 chocolate 39);56,24;12;0;0;0
01051140;7900407512775;rasteira vizzano 6371.1005 pelica (109616 chocolate 40);56,24;12;0;0;0
01051234;7900350897561;chinelo rasteira slide vizzano 6553.411 imperial (17606 preto/ouro claro 34);54,28;12;0;0;0
01051235;7900350897578;chinelo rasteira slide vizzano 6553.411 imperial (17606 preto/ouro claro 35);54,28;12;0;0;0
01051236;7900350897585;chinelo rasteira slide vizzano 6553.411 imperial (17606 preto/ouro claro 36);54,28;12;0;0;0
01051237;7900350897608;chinelo rasteira slide vizzano 6553.411 imperial (17606 preto/ouro claro 37);54,28;12;0;0;0
01051238;7900350897622;chinelo rasteira slide vizzano 6553.411 imperial (17606 preto/ouro claro 38);54,28;12;0;0;0
01051239;7900350897639;chinelo rasteira slide vizzano 6553.411 imperial (17606 preto/ouro claro 39);54,28;12;0;0;0
01051240;7900350897646;chinelo rasteira slide vizzano 6553.411 imperial (17606 preto/ouro claro 40);54,28;12;0;0;0
01051337;7900204959469;chinelo slide cartago 12626 dakar iv (by804 marrom/marrom 37/38);34,46;12;0;0;0
01051339;7900204959476;chinelo slide cartago 12626 dakar iv (by804 marrom/marrom 39);34,46;12;0;0;0
01051340;7900204959483;chinelo slide cartago 12626 dakar iv (by804 marrom/marrom 40);34,46;12;0;0;0
01051341;7900204959490;chinelo slide cartago 12626 dakar iv (by804 marrom/marrom 41);34,46;12;0;0;0
01051342;7900204959506;chinelo slide cartago 12626 dakar iv (by804 marrom/marrom 42);34,46;12;0;0;0
01051343;7900204959513;chinelo slide cartago 12626 dakar iv (by804 marrom/marrom 43/44);34,46;12;0;0;0
01051437;7900204972277;chinelo cartago 12643 monterrey (by991 marrom/marrom 37/38);21,04;12;0;0;0
01051439;7900204972284;chinelo cartago 12643 monterrey (by991 marrom/marrom 39);21,04;12;0;0;0
01051440;7900204972291;chinelo cartago 12643 monterrey (by991 marrom/marrom 40);21,04;12;0;0;0
01051441;7900204972307;chinelo cartago 12643 monterrey (by991 marrom/marrom 41);21,04;12;0;0;0
01051442;7900204972314;chinelo cartago 12643 monterrey (by991 marrom/marrom 42);21,04;12;0;0;0
01051443;7900204972321;chinelo cartago 12643 monterrey (by991 marrom/marrom 43/44);21,04;12;0;0;0
01051537;7900204972338;chinelo cartago 12643 monterrey (by992 preto/preto 37/38);21,04;12;0;0;0
01051539;7900204972345;chinelo cartago 12643 monterrey (by992 preto/preto 39);21,04;12;0;0;0
01051540;7900204972352;chinelo cartago 12643 monterrey (by992 preto/preto 40);21,04;12;0;0;0
01051541;7900204972369;chinelo cartago 12643 monterrey (by992 preto/preto 41);21,04;12;0;0;0
01051542;7900204972376;chinelo cartago 12643 monterrey (by992 preto/preto 42);21,04;12;0;0;0
01051543;7900204972383;chinelo cartago 12643 monterrey (by992 preto/preto 43/44);21,04;12;0;0;0
01051633;7900377058709;chinelo rasteira grendha 19290 brilho (ca854 marrom urso 33/34);19,69;12;0;0;0
01051635;7900377058716;chinelo rasteira grendha 19290 brilho (ca854 marrom urso 35);19,69;12;0;0;0
01051636;7900377058723;chinelo rasteira grendha 19290 brilho (ca854 marrom urso 36);19,69;12;0;0;0
01051637;7900377058730;chinelo rasteira grendha 19290 brilho (ca854 marrom urso 37);19,69;12;0;0;0
01051638;7900377058747;chinelo rasteira grendha 19290 brilho (ca854 marrom urso 38);19,69;12;0;0;0
01051639;7900377058754;chinelo rasteira grendha 19290 brilho (ca854 marrom urso 39/40);19,69;12;0;0;0
01051733;7900377058761;chinelo rasteira grendha 19290 brilho (ca855 off white 33/34);19,69;12;0;0;0
01051735;7900377058778;chinelo rasteira grendha 19290 brilho (ca855 off white 35);19,69;12;0;0;0
01051736;7900377058785;chinelo rasteira grendha 19290 brilho (ca855 off white 36);19,69;12;0;0;0
01051737;7900377058792;chinelo rasteira grendha 19290 brilho (ca855 off white 37);19,69;12;0;0;0
01051738;7900377058808;chinelo rasteira grendha 19290 brilho (ca855 off white 38);19,69;12;0;0;0
01051739;7900377058815;chinelo rasteira grendha 19290 brilho (ca855 off white 39/40);19,69;12;0;0;0
01051833;7900377058884;chinelo rasteira grendha 19290 brilho (ca857 preto/marro 33/34);19,69;12;0;0;0
01051835;7900377058891;chinelo rasteira grendha 19290 brilho (ca857 preto/marro 35);19,69;12;0;0;0
01051836;7900377058907;chinelo rasteira grendha 19290 brilho (ca857 preto/marro 36);19,69;12;0;0;0
01051837;7900377058914;chinelo rasteira grendha 19290 brilho (ca857 preto/marro 37);19,69;12;0;0;0
01051838;7900377058921;chinelo rasteira grendha 19290 brilho (ca857 preto/marro 38);19,69;12;0;0;0
01051839;7900377058938;chinelo rasteira grendha 19290 brilho (ca857 preto/marro 39/40);19,69;12;0;0;0
01052123;7900377094509;chinelo ipanema 27114 deck city (cb460 azul/preto 23/24);13,78;12;0;0;0
01052125;7900377094516;chinelo ipanema 27114 deck city (cb460 azul/preto 25/26);13,78;12;0;0;0
01052127;7900377094523;chinelo ipanema 27114 deck city (cb460 azul/preto 27/28);13,78;12;0;0;0
01052129;7900377094530;chinelo ipanema 27114 deck city (cb460 azul/preto 29/30);13,78;12;0;0;0
01052131;7900377094547;chinelo ipanema 27114 deck city (cb460 azul/preto 31/32);13,78;12;0;0;0
01052133;7900377094554;chinelo ipanema 27114 deck city (cb460 azul/preto 33/34);13,78;12;0;0;0
01052135;;chinelo ipanema 27114 deck city (cb460 azul/preto 35);13,78;12;0;0;0
01052136;7900377094578;chinelo ipanema 27114 deck city (cb460 azul/preto 36);13,78;12;0;0;0
01052223;7900204977630;chinelo ipanema 27273 garden shine (bx858 rosa/glitte 23/24);17,23;12;0;0;0
01052225;7900204977623;chinelo ipanema 27273 garden shine (bx858 rosa/glitte 25/26);17,23;12;0;0;0
01052227;7900204977616;chinelo ipanema 27273 garden shine (bx858 rosa/glitte 27/28);17,23;12;0;0;0
01052229;7900204977609;chinelo ipanema 27273 garden shine (bx858 rosa/glitte 29/30);17,23;12;0;0;0
01052231;7900204977593;chinelo ipanema 27273 garden shine (bx858 rosa/glitte 31/32);17,23;12;0;0;0
01052233;7900204977586;chinelo ipanema 27273 garden shine (bx858 rosa/glitte 33/34);17,23;12;0;0;0
01052323;7900204589901;chinelo ipanema 27318 hot wheels (br204 23/24);13,78;12;0;0;0
01052325;7900204589895;chinelo ipanema 27318 hot wheels (br204 25/26);13,78;12;0;0;0
01052327;7900204589888;chinelo ipanema 27318 hot wheels (br204 27/28);13,78;12;0;0;0
01052329;7900204589871;chinelo ipanema 27318 hot wheels (br204 29/30);13,78;12;0;0;0
01052331;7900204589864;chinelo ipanema 27318 hot wheels (br204 31/32);13,78;12;0;0;0
01052333;7900204589857;chinelo ipanema 27318 hot wheels (br204 33/34);13,78;12;0;0;0
01052335;7900204589840;chinelo ipanema 27318 hot wheels (br204 35);13,78;12;0;0;0
01052336;;chinelo ipanema 27318 hot wheels (br204 36);13,78;12;0;0;0
01052423;7900204501514;chinelo ipanema 27383 day (bq428 bege/bege 23/24);9,85;12;0;0;0
01052425;7900204501521;chinelo ipanema 27383 day (bq428 bege/bege 25/26);9,85;12;0;0;0
01052427;7900204501538;chinelo ipanema 27383 day (bq428 bege/bege 27/28);9,85;12;0;0;0
01052429;7900204501545;chinelo ipanema 27383 day (bq428 bege/bege 29/30);9,85;12;0;0;0
01052431;7900204501552;chinelo ipanema 27383 day (bq428 bege/bege 31/32);9,85;12;0;0;0
01052433;7900204501569;chinelo ipanema 27383 day (bq428 bege/bege 33/34);9,85;12;0;0;0
01052517;7900204941587;chinelo ipanema 27511 capivara (bx628 azul/rosa 17/18);19,69;12;0;0;0
01052519;7900204941594;chinelo ipanema 27511 capivara (bx628 azul/rosa 19);19,69;12;0;0;0
01052520;7900204941600;chinelo ipanema 27511 capivara (bx628 azul/rosa 20/21);19,69;12;0;0;0
01052522;7900204941617;chinelo ipanema 27511 capivara (bx628 azul/rosa 22);19,69;12;0;0;0
01052523;7900204941624;chinelo ipanema 27511 capivara (bx628 azul/rosa 23/24);19,69;12;0;0;0
01052525;;chinelo ipanema 27511 capivara (bx628 azul/rosa 25);19,69;12;0;0;0
01052623;7900204989923;chinelo ipanema 27539 hello kitt (bz164 azul/rosa 23/24);14,77;12;0;0;0
01052625;7900204989930;chinelo ipanema 27539 hello kitt (bz164 azul/rosa 25/26);14,77;12;0;0;0
01052627;7900204989947;chinelo ipanema 27539 hello kitt (bz164 azul/rosa 27/28);14,77;12;0;0;0
01052629;7900204989954;chinelo ipanema 27539 hello kitt (bz164 azul/rosa 29/30);14,77;12;0;0;0
01052631;7900204989961;chinelo ipanema 27539 hello kitt (bz164 azul/rosa 31/32);14,77;12;0;0;0
01052633;7900204989978;chinelo ipanema 27539 hello kitt (bz164 azul/rosa 33/34);14,77;12;0;0;0
01052635;7900204989985;chinelo ipanema 27539 hello kitt (bz164 azul/rosa 35);14,77;12;0;0;0
01052636;7900204989992;chinelo ipanema 27539 hello kitt (bz164 azul/rosa 36);14,77;12;0;0;0
01052726;;chinelo slide rider 11592 steet since (ar411 preto/preto 26/27);22,14;12;0;0;0
01052728;;chinelo slide rider 11592 steet since (ar411 preto/preto 28);22,14;12;0;0;0
01052729;;chinelo slide rider 11592 steet since (ar411 preto/preto 29);22,14;12;0;0;0
01052730;7900377084432;chinelo slide rider 11592 steet since (ar411 preto/preto 30);22,14;12;0;0;0
01052731;;chinelo slide rider 11592 steet since (ar411 preto/preto 31);22,14;12;0;0;0
01052732;;chinelo slide rider 11592 steet since (ar411 preto/preto 32/33);22,14;12;0;0;0
01052734;7900377084401;chinelo slide rider 11592 steet since (ar411 preto/preto 34);22,14;12;0;0;0
01052735;;chinelo slide rider 11592 steet since (ar411 preto/preto 35/36);22,14;12;0;0;0
01052837;7900377002856;chinelo cartago 12640 durban (by985 preto/bege 37/38);25,73;12;0;0;0
01052839;7900377002863;chinelo cartago 12640 durban (by985 preto/bege 39);25,73;12;0;0;0
01052840;7900377002870;chinelo cartago 12640 durban (by985 preto/bege 40);25,73;12;0;0;0
01052841;7900377002887;chinelo cartago 12640 durban (by985 preto/bege 41);25,73;12;0;0;0
01052842;7900377002894;chinelo cartago 12640 durban (by985 preto/bege 42);25,73;12;0;0;0
01052843;7900377002900;chinelo cartago 12640 durban (by985 preto/bege 43/44);25,73;12;0;0;0
01052845;;chinelo cartago 12640 durban (by985 preto/bege 45);25,73;12;0;0;0
01052937;7900377003099;chinelo cartago 12640 durban (by989 marrom/marrom 37/38);25,73;12;0;0;0
01052939;7900377003105;chinelo cartago 12640 durban (by989 marrom/marrom 39);25,73;12;0;0;0
01052940;7900377003112;chinelo cartago 12640 durban (by989 marrom/marrom 40);25,73;12;0;0;0
01052941;7900377003129;chinelo cartago 12640 durban (by989 marrom/marrom 41);25,73;12;0;0;0
01052942;7900377003136;chinelo cartago 12640 durban (by989 marrom/marrom 42);25,73;12;0;0;0
01052943;7900377003143;chinelo cartago 12640 durban (by989 marrom/marrom 43/44);25,73;12;0;0;0
01052945;;chinelo cartago 12640 durban (by989 marrom/marrom 45);25,73;12;0;0;0
01053023;7900377187232;chinelo ipanema 27388 hype (cb863 preto/preto 23/24);16,37;12;0;0;0
01053025;7900377187164;chinelo ipanema 27388 hype (cb863 preto/preto 25/26);16,37;12;0;0;0
01053027;7900377187188;chinelo ipanema 27388 hype (cb863 preto/preto 27/28);16,37;12;0;0;0
01053029;7900377187195;chinelo ipanema 27388 hype (cb863 preto/preto 29/30);16,37;12;0;0;0
01053031;7900377187201;chinelo ipanema 27388 hype (cb863 preto/preto 31/32);16,37;12;0;0;0
01053033;7900377187218;chinelo ipanema 27388 hype (cb863 preto/preto 33/34);16,37;12;0;0;0
01053035;7900377187171;chinelo ipanema 27388 hype (cb863 preto/preto 35);16,37;12;0;0;0
01053036;7900377187225;chinelo ipanema 27388 hype (cb863 preto/preto 36);16,37;12;0;0;0
01053137;7900204923446;chinelo cartago 12612 belgrado (bw135 marrom/marrom 37/38);34,46;12;0;0;0
01053139;7900204923453;chinelo cartago 12612 belgrado (bw135 marrom/marrom 39);34,46;12;0;0;0
01053140;7900204923460;chinelo cartago 12612 belgrado (bw135 marrom/marrom 40);34,46;12;0;0;0
01053141;7900204923477;chinelo cartago 12612 belgrado (bw135 marrom/marrom 41);34,46;12;0;0;0
01053142;7900204923484;chinelo cartago 12612 belgrado (bw135 marrom/marrom 42);34,46;12;0;0;0
01053143;7900204923491;chinelo cartago 12612 belgrado (bw135 marrom/marrom 43/44);34,46;12;0;0;0
01053145;;chinelo cartago 12612 belgrado (bw135 marrom/marrom 45);34,46;12;0;0;0
01053237;7900204923569;chinelo cartago 12612 belgrado (bw139 preto/preto 37/38);34,46;12;0;0;0
01053239;7900204923576;chinelo cartago 12612 belgrado (bw139 preto/preto 39);34,46;12;0;0;0
01053240;7900204923583;chinelo cartago 12612 belgrado (bw139 preto/preto 40);34,46;12;0;0;0
01053241;7900204923590;chinelo cartago 12612 belgrado (bw139 preto/preto 41);34,46;12;0;0;0
01053242;7900204923606;chinelo cartago 12612 belgrado (bw139 preto/preto 42);34,46;12;0;0;0
01053243;7900204923613;chinelo cartago 12612 belgrado (bw139 preto/preto 43/44);34,46;12;0;0;0
01053245;;chinelo cartago 12612 belgrado (bw139 preto/preto 45);34,46;12;0;0;0
01053333;7900377054312;chinelo rasteira grendha 19378 mais conforto (by819 off white 33/34);24,61;12;0;0;0
01053335;7900377054329;chinelo rasteira grendha 19378 mais conforto (by819 off white 35);24,61;12;0;0;0
01053336;7900377054336;chinelo rasteira grendha 19378 mais conforto (by819 off white 36);24,61;12;0;0;0
01053337;7900377054343;chinelo rasteira grendha 19378 mais conforto (by819 off white 37);24,61;12;0;0;0
01053338;7900377054350;chinelo rasteira grendha 19378 mais conforto (by819 off white 38);24,61;12;0;0;0
01053339;7900377054367;chinelo rasteira grendha 19378 mais conforto (by819 off white 39/40);24,61;12;0;0;0
01053433;7900377054435;chinelo rasteira grendha 19378 mais conforto (by824 cobre/marrom 33/34);24,61;12;0;0;0
01053435;7900377054442;chinelo rasteira grendha 19378 mais conforto (by824 cobre/marrom 35);24,61;12;0;0;0
01053436;7900377054459;chinelo rasteira grendha 19378 mais conforto (by824 cobre/marrom 36);24,61;12;0;0;0
01053437;7900377054466;chinelo rasteira grendha 19378 mais conforto (by824 cobre/marrom 37);24,61;12;0;0;0
01053438;7900377054473;chinelo rasteira grendha 19378 mais conforto (by824 cobre/marrom 38);24,61;12;0;0;0
01053439;7900377054480;chinelo rasteira grendha 19378 mais conforto (by824 cobre/marrom 39/40);24,61;12;0;0;0
01053533;7900377006526;sandalia grendha 19379 mais conforto (by189 off white caf 33/34);29,53;12;0;0;0
01053535;7900377006533;sandalia grendha 19379 mais conforto (by189 off white caf 35);29,53;12;0;0;0
01053536;7900377006540;sandalia grendha 19379 mais conforto (by189 off white caf 36);29,53;12;0;0;0
01053537;7900377006557;sandalia grendha 19379 mais conforto (by189 off white caf 37);29,53;12;0;0;0
01053538;7900377006564;sandalia grendha 19379 mais conforto (by189 off white caf 38);29,53;12;0;0;0
01053539;7900377006571;sandalia grendha 19379 mais conforto (by189 off white caf 39/40);29,53;12;0;0;0
01053633;7900377006700;sandalia grendha 19379 mais conforto (by192 marom mocca 33/34);29,53;12;0;0;0
01053635;7900377006717;sandalia grendha 19379 mais conforto (by192 marom mocca 35);29,53;12;0;0;0
01053636;7900377006724;sandalia grendha 19379 mais conforto (by192 marom mocca 36);29,53;12;0;0;0
01053637;7900377006731;sandalia grendha 19379 mais conforto (by192 marom mocca 37);29,53;12;0;0;0
01053638;7900377006748;sandalia grendha 19379 mais conforto (by192 marom mocca 38);29,53;12;0;0;0
01053639;7900377006755;sandalia grendha 19379 mais conforto (by192 marom mocca 39/40);29,53;12;0;0;0
01053738;7900294357251;tamanco slide modare 7142.101 pele strech (96723 nude/camel 38);49,06;12;0;0;0
01053739;7900294357268;tamanco slide modare 7142.101 pele strech (96723 nude/camel 39);49,06;12;0;0;0
01053740;7900294357275;tamanco slide modare 7142.101 pele strech (96723 nude/camel 40);49,06;12;0;0;0
01053833;;papete slide modare 7208.101 nobuck (108352 alecrim n 33);61,54;12;0;0;0
01053834;7900407775026;papete slide modare 7208.101 nobuck (108352 alecrim n 34);61,54;12;0;0;0
01053835;7900407775033;papete slide modare 7208.101 nobuck (108352 alecrim n 35);61,54;12;0;0;0
01053836;7900407775040;papete slide modare 7208.101 nobuck (108352 alecrim n 36);61,54;12;0;0;0
01053837;7900407775064;papete slide modare 7208.101 nobuck (108352 alecrim n 37);61,54;12;0;0;0
01053838;7900407775088;papete slide modare 7208.101 nobuck (108352 alecrim n 38);61,54;12;0;0;0
01053839;7900407775095;papete slide modare 7208.101 nobuck (108352 alecrim n 39);61,54;12;0;0;0
01053840;7900407775101;papete slide modare 7208.101 nobuck (108352 alecrim n 40);61,54;12;0;0;0
01053934;7900350526003;papete slide beira rio 8488.122 wires (105282 rosado/ouro rosado 34);48,66;12;0;0;0
01053935;7900350526010;papete slide beira rio 8488.122 wires (105282 rosado/ouro rosado 35);48,66;12;0;0;0
01053936;7900350526027;papete slide beira rio 8488.122 wires (105282 rosado/ouro rosado 36);48,66;12;0;0;0
01053937;7900350526041;papete slide beira rio 8488.122 wires (105282 rosado/ouro rosado 37);48,66;12;0;0;0
01053938;7900350526065;papete slide beira rio 8488.122 wires (105282 rosado/ouro rosado 38);48,66;12;0;0;0
01053939;7900350526072;papete slide beira rio 8488.122 wires (105282 rosado/ouro rosado 39);48,66;12;0;0;0
01053940;7900350526089;papete slide beira rio 8488.122 wires (105282 rosado/ouro rosado 40);48,66;12;0;0;0
01053941;7900350526096;papete slide beira rio 8488.122 wires (105282 rosado/ouro rosado 41);48,66;12;0;0;0
01053942;7900350526102;papete slide beira rio 8488.122 wires (105282 rosado/ouro rosado 42);48,66;12;0;0;0
01054034;7900350586441;papete slide beira rio 8488.122 wires (97832 preto/grafite preto 34);48,66;12;0;0;0
01054035;7900350586458;papete slide beira rio 8488.122 wires (97832 preto/grafite preto 35);48,66;12;0;0;0
01054036;7900350586465;papete slide beira rio 8488.122 wires (97832 preto/grafite preto 36);48,66;12;0;0;0
01054037;7900350586489;papete slide beira rio 8488.122 wires (97832 preto/grafite preto 37);48,66;12;0;0;0
01054038;7900350586502;papete slide beira rio 8488.122 wires (97832 preto/grafite preto 38);48,66;12;0;0;0
01054039;7900350586519;papete slide beira rio 8488.122 wires (97832 preto/grafite preto 39);48,66;12;0;0;0
01054040;7900350586526;papete slide beira rio 8488.122 wires (97832 preto/grafite preto 40);48,66;12;0;0;0
01054041;7900350586533;papete slide beira rio 8488.122 wires (97832 preto/grafite preto 41);48,66;12;0;0;0
01054042;7900350586540;papete slide beira rio 8488.122 wires (97832 preto/grafite preto 42);48,66;12;0;0;0
01054134;7900245895689;papete slide beira rio 8488.122 t/pronta (87009 preto/cristal 34);45,00;12;0;0;0
01054135;7900245895696;papete slide beira rio 8488.122 t/pronta (87009 preto/cristal 35);45,00;12;0;0;0
01054136;7900245895702;papete slide beira rio 8488.122 t/pronta (87009 preto/cristal 36);45,00;12;0;0;0
01054137;7900245895726;papete slide beira rio 8488.122 t/pronta (87009 preto/cristal 37);45,00;12;0;0;0
01054138;7900245895740;papete slide beira rio 8488.122 t/pronta (87009 preto/cristal 38);45,00;12;0;0;0
01054139;7900245895757;papete slide beira rio 8488.122 t/pronta (87009 preto/cristal 39);45,00;12;0;0;0
01054140;7900245895764;papete slide beira rio 8488.122 t/pronta (87009 preto/cristal 40);45,00;12;0;0;0
01054141;7900245895771;papete slide beira rio 8488.122 t/pronta (87009 preto/cristal 41);45,00;12;0;0;0
01054142;7900245895788;papete slide beira rio 8488.122 t/pronta (87009 preto/cristal 42);45,00;12;0;0;0
01054233;;papete slide beira rio 8575.104 calf (35312 branco off napa cal 33);66,38;12;0;0;0
01054234;7900407425983;papete slide beira rio 8575.104 calf (35312 branco off napa cal 34);66,38;12;0;0;0
01054235;7900407425990;papete slide beira rio 8575.104 calf (35312 branco off napa cal 35);66,38;12;0;0;0
01054236;7900407426003;papete slide beira rio 8575.104 calf (35312 branco off napa cal 36);66,38;12;0;0;0
01054237;7900407426027;papete slide beira rio 8575.104 calf (35312 branco off napa cal 37);66,38;12;0;0;0
01054238;7900407426041;papete slide beira rio 8575.104 calf (35312 branco off napa cal 38);66,38;12;0;0;0
01054239;7900407426058;papete slide beira rio 8575.104 calf (35312 branco off napa cal 39);66,38;12;0;0;0
01054240;7900407426065;papete slide beira rio 8575.104 calf (35312 branco off napa cal 40);66,38;12;0;0;0
01054333;;papete slide beira rio 8575.104 calf (101321 chocolate calf 33);66,38;12;0;0;0
01054334;7900407453542;papete slide beira rio 8575.104 calf (101321 chocolate calf 34);66,38;12;0;0;0
01054335;7900407453559;papete slide beira rio 8575.104 calf (101321 chocolate calf 35);66,38;12;0;0;0
01054336;7900407453566;papete slide beira rio 8575.104 calf (101321 chocolate calf 36);66,38;12;0;0;0
01054337;7900407453580;papete slide beira rio 8575.104 calf (101321 chocolate calf 37);66,38;12;0;0;0
01054338;7900407453603;papete slide beira rio 8575.104 calf (101321 chocolate calf 38);66,38;12;0;0;0
01054339;7900407453610;papete slide beira rio 8575.104 calf (101321 chocolate calf 39);66,38;12;0;0;0
01054340;7900407453627;papete slide beira rio 8575.104 calf (101321 chocolate calf 40);66,38;12;0;0;0
01054433;;papete slide beira rio 8524.115 np turim (35312 branco off tu 33);58,60;12;0;0;0
01054434;7900407806812;papete slide beira rio 8524.115 np turim (35312 branco off tu 34);58,60;12;0;0;0
01054435;7900407806829;papete slide beira rio 8524.115 np turim (35312 branco off tu 35);58,60;12;0;0;0
01054436;7900407806836;papete slide beira rio 8524.115 np turim (35312 branco off tu 36);58,60;12;0;0;0
01054437;7900407806850;papete slide beira rio 8524.115 np turim (35312 branco off tu 37);58,60;12;0;0;0
01054438;7900407806874;papete slide beira rio 8524.115 np turim (35312 branco off tu 38);58,60;12;0;0;0
01054439;7900407806881;papete slide beira rio 8524.115 np turim (35312 branco off tu 39);58,60;12;0;0;0
01054440;7900407806898;papete slide beira rio 8524.115 np turim (35312 branco off tu 40);58,60;12;0;0;0
01054533;;papete slide beira rio 8524.115 croco sevil (101967 chocolate 33);58,60;12;0;0;0
01054534;7900466066387;papete slide beira rio 8524.115 croco sevil (101967 chocolate 34);58,60;12;0;0;0
01054535;7900466066394;papete slide beira rio 8524.115 croco sevil (101967 chocolate 35);58,60;12;0;0;0
01054536;7900466066400;papete slide beira rio 8524.115 croco sevil (101967 chocolate 36);58,60;12;0;0;0
01054537;7900466066424;papete slide beira rio 8524.115 croco sevil (101967 chocolate 37);58,60;12;0;0;0
01054538;7900466066448;papete slide beira rio 8524.115 croco sevil (101967 chocolate 38);58,60;12;0;0;0
01054539;7900466066455;papete slide beira rio 8524.115 croco sevil (101967 chocolate 39);58,60;12;0;0;0
01054540;7900466066462;papete slide beira rio 8524.115 croco sevil (101967 chocolate 40);58,60;12;0;0;0
01054620;;bota molekinha 2184.105 belim milan (83802 preto/preto 20);65,63;12;0;0;0
01054621;7900350885360;bota molekinha 2184.105 belim milan (83802 preto/preto 21);65,63;12;0;0;0
01054622;7900350885377;bota molekinha 2184.105 belim milan (83802 preto/preto 22);65,63;12;0;0;0
01054623;7900350885384;bota molekinha 2184.105 belim milan (83802 preto/preto 23);65,63;12;0;0;0
01054624;7900350885391;bota molekinha 2184.105 belim milan (83802 preto/preto 24);65,63;12;0;0;0
01054625;7900350885407;bota molekinha 2184.105 belim milan (83802 preto/preto 25);65,63;12;0;0;0
01054720;7900350886329;bota molekinha 2126.534 milano (15745 preto bb 20);65,63;12;0;0;0
01054721;7900350886336;bota molekinha 2126.534 milano (15745 preto bb 21);65,63;12;0;0;0
01054722;7900350886343;bota molekinha 2126.534 milano (15745 preto bb 22);65,63;12;0;0;0
01054723;7900350886350;bota molekinha 2126.534 milano (15745 preto bb 23);65,63;12;0;0;0
01054724;7900350886367;bota molekinha 2126.534 milano (15745 preto bb 24);65,63;12;0;0;0
01054725;7900350886374;bota molekinha 2126.534 milano (15745 preto bb 25);65,63;12;0;0;0
01054826;7900350884059;bota molekinha 2164.142 ber/milano (15745 preto mil 26);85,14;12;0;0;0
01054827;7900350884066;bota molekinha 2164.142 ber/milano (15745 preto mil 27);85,14;12;0;0;0
01054828;7900350880976;bota molekinha 2164.142 ber/milano (15745 preto mil 28);85,14;12;0;0;0
01054829;7900350884073;bota molekinha 2164.142 ber/milano (15745 preto mil 29);85,14;12;0;0;0
01054830;7900350884080;bota molekinha 2164.142 ber/milano (15745 preto mil 30);85,14;12;0;0;0
01054831;7900350884097;bota molekinha 2164.142 ber/milano (15745 preto mil 31);85,14;12;0;0;0
01054832;7900350884103;bota molekinha 2164.142 ber/milano (15745 preto mil 32);85,14;12;0;0;0
01054833;7900350884110;bota molekinha 2164.142 ber/milano (15745 preto mil 33);85,14;12;0;0;0
01054834;7900350884127;bota molekinha 2164.142 ber/milano (15745 preto mil 34);85,14;12;0;0;0
01054933;7900377003150;tamanco azaleia 19383 maiara (bx920 marrom urso 33/34);54,16;12;0;0;0
01054935;7900377003167;tamanco azaleia 19383 maiara (bx920 marrom urso 35);54,16;12;0;0;0
01054936;7900377003174;tamanco azaleia 19383 maiara (bx920 marrom urso 36);54,16;12;0;0;0
01054937;7900377003181;tamanco azaleia 19383 maiara (bx920 marrom urso 37);54,16;12;0;0;0
01054938;7900377003198;tamanco azaleia 19383 maiara (bx920 marrom urso 38);54,16;12;0;0;0
01054939;7900377003204;tamanco azaleia 19383 maiara (bx920 marrom urso 39/40);54,16;12;0;0;0
01055033;7900377003211;tamanco azaleia 19383 maiara (bx922 off whit medio 33/34);54,16;12;0;0;0
01055035;7900377003228;tamanco azaleia 19383 maiara (bx922 off whit medio 35);54,16;12;0;0;0
01055036;7900377003235;tamanco azaleia 19383 maiara (bx922 off whit medio 36);54,16;12;0;0;0
01055037;7900377003242;tamanco azaleia 19383 maiara (bx922 off whit medio 37);54,16;12;0;0;0
01055038;7900377003259;tamanco azaleia 19383 maiara (bx922 off whit medio 38);54,16;12;0;0;0
01055039;7900377003266;tamanco azaleia 19383 maiara (bx922 off whit medio 39/40);54,16;12;0;0;0
01055134;7900245798560;tenis actvitta 4841.103 loc salem (16143 preto/preto/preto 34);78,43;12;0;0;0
01055135;7900245798577;tenis actvitta 4841.103 loc salem (16143 preto/preto/preto 35);78,43;12;0;0;0
01055136;7900245798584;tenis actvitta 4841.103 loc salem (16143 preto/preto/preto 36);78,43;12;0;0;0
01055137;7900245798607;tenis actvitta 4841.103 loc salem (16143 preto/preto/preto 37);78,43;12;0;0;0
01055138;7900245798621;tenis actvitta 4841.103 loc salem (16143 preto/preto/preto 38);78,43;12;0;0;0
01055139;7900245798638;tenis actvitta 4841.103 loc salem (16143 preto/preto/preto 39);78,43;12;0;0;0
01055140;;tenis actvitta 4841.103 loc salem (16143 preto/preto/preto 40);78,43;12;0;0;0
01055233;7900245319574;papete slide modare 7125.200 london (93503 creme/nude/ouro 33);49,06;12;0;0;0
01055234;7900245319581;papete slide modare 7125.200 london (93503 creme/nude/ouro 34);49,06;12;0;0;0
01055235;7900245319598;papete slide modare 7125.200 london (93503 creme/nude/ouro 35);49,06;12;0;0;0
01055236;7900245319604;papete slide modare 7125.200 london (93503 creme/nude/ouro 36);49,06;12;0;0;0
01055237;7900245319628;papete slide modare 7125.200 london (93503 creme/nude/ouro 37);49,06;12;0;0;0
01055238;7900245319642;papete slide modare 7125.200 london (93503 creme/nude/ouro 38);49,06;12;0;0;0
01055239;7900245319659;papete slide modare 7125.200 london (93503 creme/nude/ouro 39);49,06;12;0;0;0
01055240;7900245319666;papete slide modare 7125.200 london (93503 creme/nude/ouro 40);49,06;12;0;0;0
01055334;;sandalia papete feminino vizzano 6510.133 pelica (15745 preto/pel 34);69,46;12;0;0;0
01055335;7900407844425;sandalia papete feminino vizzano 6510.133 pelica (15745 preto/pel 35);69,46;12;0;0;0
01055336;7900407844432;sandalia papete feminino vizzano 6510.133 pelica (15745 preto/pel 36);69,46;12;0;0;0
01055337;7900407844456;sandalia papete feminino vizzano 6510.133 pelica (15745 preto/pel 37);69,46;12;0;0;0
01055338;7900407844470;sandalia papete feminino vizzano 6510.133 pelica (15745 preto/pel 38);69,46;12;0;0;0
01055339;7900407844487;sandalia papete feminino vizzano 6510.133 pelica (15745 preto/pel 39);69,46;12;0;0;0
01055340;7900407844494;sandalia papete feminino vizzano 6510.133 pelica (15745 preto/pel 40);69,46;12;0;0;0
01055434;7900407758883;sandalia papete feminino vizzano 6510.133 pelica (101321 chocolate pe 34);69,46;12;0;0;0
01055435;7900407758890;sandalia papete feminino vizzano 6510.133 pelica (101321 chocolate pe 35);69,46;12;0;0;0
01055436;7900407758906;sandalia papete feminino vizzano 6510.133 pelica (101321 chocolate pe 36);69,46;12;0;0;0
01055437;7900407758920;sandalia papete feminino vizzano 6510.133 pelica (101321 chocolate pe 37);69,46;12;0;0;0
01055438;7900407758944;sandalia papete feminino vizzano 6510.133 pelica (101321 chocolate pe 38);69,46;12;0;0;0
01055439;7900407758951;sandalia papete feminino vizzano 6510.133 pelica (101321 chocolate pe 39);69,46;12;0;0;0
01055440;7900407758968;sandalia papete feminino vizzano 6510.133 pelica (101321 chocolate pe 40);69,46;12;0;0;0
01055533;7900190316222;tamanco anabela modare 7151.115 leaz/ paris (95373 camel l 33);68,49;12;0;0;0
01055534;7900190316239;tamanco anabela modare 7151.115 leaz/ paris (95373 camel l 34);68,49;12;0;0;0
01055535;7900190316246;tamanco anabela modare 7151.115 leaz/ paris (95373 camel l 35);68,49;12;0;0;0
01055536;7900190316253;tamanco anabela modare 7151.115 leaz/ paris (95373 camel l 36);68,49;12;0;0;0
01055537;7900190316277;tamanco anabela modare 7151.115 leaz/ paris (95373 camel l 37);68,49;12;0;0;0
01055538;7900190316291;tamanco anabela modare 7151.115 leaz/ paris (95373 camel l 38);68,49;12;0;0;0
01055539;7900190316307;tamanco anabela modare 7151.115 leaz/ paris (95373 camel l 39);68,49;12;0;0;0
01055540;7900190316314;tamanco anabela modare 7151.115 leaz/ paris (95373 camel l 40);68,49;12;0;0;0
01055633;7909694159434;sandalia anabela modare 7151.102 canelado ii (016809 nude cn 33);68,49;12;0;0;0
01055634;7909694159441;sandalia anabela modare 7151.102 canelado ii (016809 nude cn 34);68,49;12;0;0;0
01055635;7909694159458;sandalia anabela modare 7151.102 canelado ii (016809 nude cn 35);68,49;12;0;0;0
01055636;7909694159465;sandalia anabela modare 7151.102 canelado ii (016809 nude cn 36);68,49;12;0;0;0
01055637;7909694159489;sandalia anabela modare 7151.102 canelado ii (016809 nude cn 37);68,49;12;0;0;0
01055638;7909694159502;sandalia anabela modare 7151.102 canelado ii (016809 nude cn 38);68,49;12;0;0;0
01055639;7909694159519;sandalia anabela modare 7151.102 canelado ii (016809 nude cn 39);68,49;12;0;0;0
01055640;7909694159526;sandalia anabela modare 7151.102 canelado ii (016809 nude cn 40);68,49;12;0;0;0
01055734;;tenis sport actvitta 4849.302 australia (110124 camel/branco off 34);118,18;12;0;0;0
01055735;7900407716999;tenis sport actvitta 4849.302 australia (110124 camel/branco off 35);118,18;12;0;0;0
01055736;7900407717002;tenis sport actvitta 4849.302 australia (110124 camel/branco off 36);118,18;12;0;0;0
01055737;7900407717026;tenis sport actvitta 4849.302 australia (110124 camel/branco off 37);118,18;12;0;0;0
01055738;7900407717040;tenis sport actvitta 4849.302 australia (110124 camel/branco off 38);118,18;12;0;0;0
01055739;7900407717057;tenis sport actvitta 4849.302 australia (110124 camel/branco off 39);118,18;12;0;0;0
01055740;7900407717064;tenis sport actvitta 4849.302 australia (110124 camel/branco off 40);118,18;12;0;0;0
01055837;7900377072187;chinelo dedo cartago 12632 denver (bz375 verde/bege 37/38);49,24;12;0;0;0
01055839;7900377072194;chinelo dedo cartago 12632 denver (bz375 verde/bege 39);49,24;12;0;0;0
01055840;7900377072200;chinelo dedo cartago 12632 denver (bz375 verde/bege 40);49,24;12;0;0;0
01055841;7900377072217;chinelo dedo cartago 12632 denver (bz375 verde/bege 41);49,24;12;0;0;0
01055842;7900377072224;chinelo dedo cartago 12632 denver (bz375 verde/bege 42);49,24;12;0;0;0
01055843;7900377072231;chinelo dedo cartago 12632 denver (bz375 verde/bege 43/44);49,24;12;0;0;0
01055845;;chinelo dedo cartago 12632 denver (bz375 verde/bege 45);49,24;12;0;0;0
01055937;7900377072309;chinelo dedo cartago 12632 denver (cb153 bege/marrom 37/38);49,24;12;0;0;0
01055939;7900377072316;chinelo dedo cartago 12632 denver (cb153 bege/marrom 39);49,24;12;0;0;0
01055940;7900377072323;chinelo dedo cartago 12632 denver (cb153 bege/marrom 40);49,24;12;0;0;0
01055941;7900377072330;chinelo dedo cartago 12632 denver (cb153 bege/marrom 41);49,24;12;0;0;0
01055942;7900377072347;chinelo dedo cartago 12632 denver (cb153 bege/marrom 42);49,24;12;0;0;0
01055943;7900377072354;chinelo dedo cartago 12632 denver (cb153 bege/marrom 43/44);49,24;12;0;0;0
01055945;;chinelo dedo cartago 12632 denver (cb153 bege/marrom 45);49,24;12;0;0;0
01056023;;chinelo infantil dedo ipanema 27012 fantasia i m (cb124 preto/preto 23/24);9,85;12;0;0;0
01056025;7900377161065;chinelo infantil dedo ipanema 27012 fantasia i m (cb124 preto/preto 25/26);9,85;12;0;0;0
01056027;7900377161072;chinelo infantil dedo ipanema 27012 fantasia i m (cb124 preto/preto 27/28);9,85;12;0;0;0
01056029;7900377161089;chinelo infantil dedo ipanema 27012 fantasia i m (cb124 preto/preto 29/30);9,85;12;0;0;0
01056031;7900377161096;chinelo infantil dedo ipanema 27012 fantasia i m (cb124 preto/preto 31/32);9,85;12;0;0;0
01056033;7900377161102;chinelo infantil dedo ipanema 27012 fantasia i m (cb124 preto/preto 33/34);9,85;12;0;0;0
01056035;7900377161119;chinelo infantil dedo ipanema 27012 fantasia i m (cb124 preto/preto 35);9,85;12;0;0;0
01056036;;chinelo infantil dedo ipanema 27012 fantasia i m (cb124 preto/preto 36);9,85;12;0;0;0
01056117;7909806786183;chinelo baby dedo ipanema 27046 brasil (al738 azul/branco 17/18);14,77;12;0;0;0
01056119;7909806786190;chinelo baby dedo ipanema 27046 brasil (al738 azul/branco 19);14,77;12;0;0;0
01056120;7909806786206;chinelo baby dedo ipanema 27046 brasil (al738 azul/branco 20/21);14,77;12;0;0;0
01056122;7909806786213;chinelo baby dedo ipanema 27046 brasil (al738 azul/branco 22);14,77;12;0;0;0
01056123;7909806786220;chinelo baby dedo ipanema 27046 brasil (al738 azul/branco 23/24);14,77;12;0;0;0
01056125;;chinelo baby dedo ipanema 27046 brasil (al738 azul/branco 25);14,77;12;0;0;0
01056217;7900377077786;chinelo baby dedo ipanema 27046 brasil f (cb200 rosa claro 17/18);14,77;12;0;0;0
01056219;7900377077793;chinelo baby dedo ipanema 27046 brasil f (cb200 rosa claro 19);14,77;12;0;0;0
01056220;7900377077809;chinelo baby dedo ipanema 27046 brasil f (cb200 rosa claro 20/21);14,77;12;0;0;0
01056222;7900377077816;chinelo baby dedo ipanema 27046 brasil f (cb200 rosa claro 22);14,77;12;0;0;0
01056223;7900377077823;chinelo baby dedo ipanema 27046 brasil f (cb200 rosa claro 23/24);14,77;12;0;0;0
01056225;;chinelo baby dedo ipanema 27046 brasil f (cb200 rosa claro 25);14,77;12;0;0;0
01056317;7900377170029;chinelo baby dedo ipanema 27247 sporty (cc568 azul/marrom 17/18);17,23;12;0;0;0
01056319;7900377170036;chinelo baby dedo ipanema 27247 sporty (cc568 azul/marrom 19);17,23;12;0;0;0
01056320;7900377170043;chinelo baby dedo ipanema 27247 sporty (cc568 azul/marrom 20/21);17,23;12;0;0;0
01056322;7900377170050;chinelo baby dedo ipanema 27247 sporty (cc568 azul/marrom 22);17,23;12;0;0;0
01056323;7900377170067;chinelo baby dedo ipanema 27247 sporty (cc568 azul/marrom 23/24);17,23;12;0;0;0
01056325;;chinelo baby dedo ipanema 27247 sporty (cc568 azul/marrom 25);17,23;12;0;0;0
01056433;7909937859503;sandalia rasteira feminino ipanema 83701 class con (bc837 preto/preto 33/34);24,61;12;0;0;0
01056435;7909937859510;sandalia rasteira feminino ipanema 83701 class con (bc837 preto/preto 35);24,61;12;0;0;0
01056436;7909937859527;sandalia rasteira feminino ipanema 83701 class con (bc837 preto/preto 36);24,61;12;0;0;0
01056437;7909937859534;sandalia rasteira feminino ipanema 83701 class con (bc837 preto/preto 37);24,61;12;0;0;0
01056438;7909937859541;sandalia rasteira feminino ipanema 83701 class con (bc837 preto/preto 38);24,61;12;0;0;0
01056439;7909937859558;sandalia rasteira feminino ipanema 83701 class con (bc837 preto/preto 39/40);24,61;12;0;0;0
01056441;7909937859565;sandalia rasteira feminino ipanema 83701 class con (bc837 preto/preto 41);24,61;12;0;0;0
01056533;7909937859572;sandalia rasteira feminino ipanema 83701 class con (bc838 bege/bege 33/34);24,61;12;0;0;0
01056535;7909937859589;sandalia rasteira feminino ipanema 83701 class con (bc838 bege/bege 35);24,61;12;0;0;0
01056536;7909937859596;sandalia rasteira feminino ipanema 83701 class con (bc838 bege/bege 36);24,61;12;0;0;0
01056537;7909937859602;sandalia rasteira feminino ipanema 83701 class con (bc838 bege/bege 37);24,61;12;0;0;0
01056538;7909937859619;sandalia rasteira feminino ipanema 83701 class con (bc838 bege/bege 38);24,61;12;0;0;0
01056539;7909937859626;sandalia rasteira feminino ipanema 83701 class con (bc838 bege/bege 39/40);24,61;12;0;0;0
01056541;7909937859633;sandalia rasteira feminino ipanema 83701 class con (bc838 bege/bege 41);24,61;12;0;0;0
01056633;7909937859855;sandalia rasteira feminino ipanema 83701 class con (be494 verde/verde 33/34);24,61;12;0;0;0
01056635;7909937859862;sandalia rasteira feminino ipanema 83701 class con (be494 verde/verde 35);24,61;12;0;0;0
01056636;7909937859879;sandalia rasteira feminino ipanema 83701 class con (be494 verde/verde 36);24,61;12;0;0;0
01056637;7909937859886;sandalia rasteira feminino ipanema 83701 class con (be494 verde/verde 37);24,61;12;0;0;0
01056638;7909937859893;sandalia rasteira feminino ipanema 83701 class con (be494 verde/verde 38);24,61;12;0;0;0
01056639;7909937859909;sandalia rasteira feminino ipanema 83701 class con (be494 verde/verde 39/40);24,61;12;0;0;0
01056641;7909937859916;sandalia rasteira feminino ipanema 83701 class con (be494 verde/verde 41);24,61;12;0;0;0
01056733;;chinelo square havaianas glitter contour (cont novo grafite 33/34);31,40;12;0;0;0
01056735;7909989803226;chinelo square havaianas glitter contour (cont novo grafite 35/36);31,40;12;0;0;0
01056737;7909989803233;chinelo square havaianas glitter contour (cont novo grafite 37/38);31,40;12;0;0;0
01056739;7909989803240;chinelo square havaianas glitter contour (cont novo grafite 39/40);31,40;12;0;0;0
01056741;;chinelo square havaianas glitter contour (cont novo grafite 41/42);31,40;12;0;0;0
01056833;;chinelo square havaianas jelly (jel azul lavanda 33/34);27,48;12;0;0;0
01056835;7909989796320;chinelo square havaianas jelly (jel azul lavanda 35/36);27,48;12;0;0;0
01056837;7909989796337;chinelo square havaianas jelly (jel azul lavanda 37/38);27,48;12;0;0;0
01056839;7909989796344;chinelo square havaianas jelly (jel azul lavanda 39/40);27,48;12;0;0;0
01056841;;chinelo square havaianas jelly (jel azul lavanda 41/42);27,48;12;0;0;0
01056933;7909989796368;chinelo square havaianas jelly (jel blossom 33/34);27,48;12;0;0;0
01056935;7909989796375;chinelo square havaianas jelly (jel blossom 35/36);27,48;12;0;0;0
01056937;7909989796382;chinelo square havaianas jelly (jel blossom 37/38);27,48;12;0;0;0
01056939;;chinelo square havaianas jelly (jel blossom 39/40);27,48;12;0;0;0
01056941;;chinelo square havaianas jelly (jel blossom 41/42);27,48;12;0;0;0
01057033;;chinelo square havaianas jelly (jel buttercream 33/34);27,48;12;0;0;0
01057035;7909989796429;chinelo square havaianas jelly (jel buttercream 35/36);27,48;12;0;0;0
01057037;7909989796436;chinelo square havaianas jelly (jel buttercream 37/38);27,48;12;0;0;0
01057039;7909989796443;chinelo square havaianas jelly (jel buttercream 39/40);27,48;12;0;0;0
01057041;;chinelo square havaianas jelly (jel buttercream 41/42);27,48;12;0;0;0
01057133;7909989905470;chinelo slim havaianas glitter edge (ed bege palha 33/34);31,40;12;0;0;0
01057135;7909989905487;chinelo slim havaianas glitter edge (ed bege palha 35/36);31,40;12;0;0;0
01057137;7909989905494;chinelo slim havaianas glitter edge (ed bege palha 37/38);31,40;12;0;0;0
01057139;7909989905500;chinelo slim havaianas glitter edge (ed bege palha 39/40);31,40;12;0;0;0
01057141;;chinelo slim havaianas glitter edge (ed bege palha 41/42);31,40;12;0;0;0
01057233;;chinelo slim havaianas glitter edge (ed cinza gelo 33/34);31,40;12;0;0;0
01057235;7909989905531;chinelo slim havaianas glitter edge (ed cinza gelo 35/36);31,40;12;0;0;0
01057237;7909989905548;chinelo slim havaianas glitter edge (ed cinza gelo 37/38);31,40;12;0;0;0
01057239;7909989905555;chinelo slim havaianas glitter edge (ed cinza gelo 39/40);31,40;12;0;0;0
01057241;;chinelo slim havaianas glitter edge (ed cinza gelo 41/42);31,40;12;0;0;0
01057333;;chinelo slim havaianas glitter edge (ed verde olive 33/34);31,40;12;0;0;0
01057335;7909989905586;chinelo slim havaianas glitter edge (ed verde olive 35/36);31,40;12;0;0;0
01057337;7909989905593;chinelo slim havaianas glitter edge (ed verde olive 37/38);31,40;12;0;0;0
01057339;7909989905609;chinelo slim havaianas glitter edge (ed verde olive 39/40);31,40;12;0;0;0
01057341;;chinelo slim havaianas glitter edge (ed verde olive 41/42);31,40;12;0;0;0
01057417;7909843417163;chinelo baby dedo havaianas brasil logo bm (blog amarelo/amarelo 17/18);25,99;12;0;0;0
01057419;7909843417170;chinelo baby dedo havaianas brasil logo bm (blog amarelo/amarelo 19);25,99;12;0;0;0
01057420;7909843417187;chinelo baby dedo havaianas brasil logo bm (blog amarelo/amarelo 20);25,99;12;0;0;0
01057421;7909843417194;chinelo baby dedo havaianas brasil logo bm (blog amarelo/amarelo 21);25,99;12;0;0;0
01057422;7909843417200;chinelo baby dedo havaianas brasil logo bm (blog amarelo/amarelo 22);25,99;12;0;0;0
01057423;7909843417217;chinelo baby dedo havaianas brasil logo bm (blog amarelo/amarelo 23/24);25,99;12;0;0;0
01057425;7909843417224;chinelo baby dedo havaianas brasil logo bm (blog amarelo/amarelo 25/26);25,99;12;0;0;0
01057517;7891224970346;chinelo baby dedo havaianas brasil logo bm (blg azul naval 17/18);25,99;12;0;0;0
01057519;7891224970353;chinelo baby dedo havaianas brasil logo bm (blg azul naval 19);25,99;12;0;0;0
01057520;7891224970360;chinelo baby dedo havaianas brasil logo bm (blg azul naval 20);25,99;12;0;0;0
01057521;7891224970377;chinelo baby dedo havaianas brasil logo bm (blg azul naval 21);25,99;12;0;0;0
01057522;7891224970384;chinelo baby dedo havaianas brasil logo bm (blg azul naval 22);25,99;12;0;0;0
01057523;7891224970391;chinelo baby dedo havaianas brasil logo bm (blg azul naval 23/24);25,99;12;0;0;0
01057525;7891224970407;chinelo baby dedo havaianas brasil logo bm (blg azul naval 25/26);25,99;12;0;0;0
01057617;7909989755914;chinelo baby dedo havaianas brasil logo bf (blg coral/rosa 17/18);20,99;12;0;0;0
01057619;7909989755921;chinelo baby dedo havaianas brasil logo bf (blg coral/rosa 19);20,99;12;0;0;0
01057620;7909989755938;chinelo baby dedo havaianas brasil logo bf (blg coral/rosa 20);20,99;12;0;0;0
01057621;7909989755945;chinelo baby dedo havaianas brasil logo bf (blg coral/rosa 21);20,99;12;0;0;0
01057622;7909989755952;chinelo baby dedo havaianas brasil logo bf (blg coral/rosa 22);20,99;12;0;0;0
01057623;;chinelo baby dedo havaianas brasil logo bf (blg coral/rosa 23/24);20,99;12;0;0;0
01057625;;chinelo baby dedo havaianas brasil logo bf (blg coral/rosa 25/26);20,99;12;0;0;0
01057717;7900407783137;babuche baby molekinha 2749.200 gasp/inj (83821 rosa/prata 17/18);34,33;12;0;0;0
01057719;7900407735181;babuche baby molekinha 2749.200 gasp/inj (83821 rosa/prata 19/20);34,33;12;0;0;0
01057721;7900407783144;babuche baby molekinha 2749.200 gasp/inj (83821 rosa/prata 21/22);34,33;12;0;0;0
01057723;7900407783151;babuche baby molekinha 2749.200 gasp/inj (83821 rosa/prata 23/24);34,33;12;0;0;0
01057725;7900407783168;babuche baby molekinha 2749.200 gasp/inj (83821 rosa/prata 25/26);34,33;12;0;0;0
01057817;7900407823062;babuche baby molekinha 2749.200 gasp/inj (34224 preto/prata 17/18);33,60;12;0;0;0
01057819;7900407823079;babuche baby molekinha 2749.200 gasp/inj (34224 preto/prata 19/20);33,60;12;0;0;0
01057821;7900407823086;babuche baby molekinha 2749.200 gasp/inj (34224 preto/prata 21/22);33,60;12;0;0;0
01057823;7900407823093;babuche baby molekinha 2749.200 gasp/inj (34224 preto/prata 23/24);33,60;12;0;0;0
01057825;7900407823109;babuche baby molekinha 2749.200 gasp/inj (34224 preto/prata 25/26);33,60;12;0;0;0
01057933;;tenis casual modare 7414.102 met/london (17165 branco/dourado lo 33);116,93;12;0;0;0
01057934;7900407759187;tenis casual modare 7414.102 met/london (17165 branco/dourado lo 34);116,93;12;0;0;0
01057935;7900407759194;tenis casual modare 7414.102 met/london (17165 branco/dourado lo 35);116,93;12;0;0;0
01057936;7900407759200;tenis casual modare 7414.102 met/london (17165 branco/dourado lo 36);116,93;12;0;0;0
01057937;7900407759224;tenis casual modare 7414.102 met/london (17165 branco/dourado lo 37);116,93;12;0;0;0
01057938;7900407759248;tenis casual modare 7414.102 met/london (17165 branco/dourado lo 38);116,93;12;0;0;0
01057939;7900407759255;tenis casual modare 7414.102 met/london (17165 branco/dourado lo 39);116,93;12;0;0;0
01057940;7900407759262;tenis casual modare 7414.102 met/london (17165 branco/dourado lo 40);116,93;12;0;0;0
01058033;;tenis casual modare 7414.101 sup/met/lon (35432 branco off/dourado 33);116,93;12;0;0;0
01058034;7900407832859;tenis casual modare 7414.101 sup/met/lon (35432 branco off/dourado 34);116,93;12;0;0;0
01058035;7900407832866;tenis casual modare 7414.101 sup/met/lon (35432 branco off/dourado 35);116,93;12;0;0;0
01058036;7900407832873;tenis casual modare 7414.101 sup/met/lon (35432 branco off/dourado 36);116,93;12;0;0;0
01058037;7900407832897;tenis casual modare 7414.101 sup/met/lon (35432 branco off/dourado 37);116,93;12;0;0;0
01058038;7900407832910;tenis casual modare 7414.101 sup/met/lon (35432 branco off/dourado 38);116,93;12;0;0;0
01058039;7900407832927;tenis casual modare 7414.101 sup/met/lon (35432 branco off/dourado 39);116,93;12;0;0;0
01058040;7900407832934;tenis casual modare 7414.101 sup/met/lon (35432 branco off/dourado 40);116,93;12;0;0;0
01058133;;chinelo dedo beira rio 8449.326 brasil cora (109885 amarelo/verde 33);20,28;12;0;0;0
01058134;7900407738458;chinelo dedo beira rio 8449.326 brasil cora (109885 amarelo/verde 34);20,28;12;0;0;0
01058135;7900407713356;chinelo dedo beira rio 8449.326 brasil cora (109885 amarelo/verde 35);20,28;12;0;0;0
01058136;7900407738465;chinelo dedo beira rio 8449.326 brasil cora (109885 amarelo/verde 36);20,28;12;0;0;0
01058137;7900407738489;chinelo dedo beira rio 8449.326 brasil cora (109885 amarelo/verde 37);20,28;12;0;0;0
01058138;7900407738502;chinelo dedo beira rio 8449.326 brasil cora (109885 amarelo/verde 38);20,28;12;0;0;0
01058139;7900407738519;chinelo dedo beira rio 8449.326 brasil cora (109885 amarelo/verde 39);20,28;12;0;0;0
01058140;7900407738526;chinelo dedo beira rio 8449.326 brasil cora (109885 amarelo/verde 40);20,28;12;0;0;0
01058233;;chinelo dedo beira rio 8449.326 brasil cora (78313 azul 33);20,28;12;0;0;0
01058234;7900407738274;chinelo dedo beira rio 8449.326 brasil cora (78313 azul 34);20,28;12;0;0;0
01058235;7900407713363;chinelo dedo beira rio 8449.326 brasil cora (78313 azul 35);20,28;12;0;0;0
01058236;7900407738281;chinelo dedo beira rio 8449.326 brasil cora (78313 azul 36);20,28;12;0;0;0
01058237;7900407738304;chinelo dedo beira rio 8449.326 brasil cora (78313 azul 37);20,28;12;0;0;0
01058238;7900407738328;chinelo dedo beira rio 8449.326 brasil cora (78313 azul 38);20,28;12;0;0;0
01058239;7900407738335;chinelo dedo beira rio 8449.326 brasil cora (78313 azul 39);20,28;12;0;0;0
01058240;7900407738342;chinelo dedo beira rio 8449.326 brasil cora (78313 azul 40);20,28;12;0;0;0
01058333;;sandalia salto bloco modare 7187.100 elas canela (100711 preto /camel/camel 33);78,29;12;0;0;0
01058334;7900350998435;sandalia salto bloco modare 7187.100 elas canela (100711 preto /camel/camel 34);78,29;12;0;0;0
01058335;7900350998442;sandalia salto bloco modare 7187.100 elas canela (100711 preto /camel/camel 35);78,29;12;0;0;0
01058336;7900350998459;sandalia salto bloco modare 7187.100 elas canela (100711 preto /camel/camel 36);78,29;12;0;0;0
01058337;7900350998473;sandalia salto bloco modare 7187.100 elas canela (100711 preto /camel/camel 37);78,29;12;0;0;0
01058338;7900350998497;sandalia salto bloco modare 7187.100 elas canela (100711 preto /camel/camel 38);78,29;12;0;0;0
01058339;7900350998503;sandalia salto bloco modare 7187.100 elas canela (100711 preto /camel/camel 39);78,29;12;0;0;0
01058340;7900350998510;sandalia salto bloco modare 7187.100 elas canela (100711 preto /camel/camel 40);78,29;12;0;0;0
01058433;;sandalia salto bloco modare 7187.100 elas canela (95373 camel el 33);78,29;12;0;0;0
01058434;7900407000685;sandalia salto bloco modare 7187.100 elas canela (95373 camel el 34);78,29;12;0;0;0
01058435;7900407000692;sandalia salto bloco modare 7187.100 elas canela (95373 camel el 35);78,29;12;0;0;0
01058436;7900407000708;sandalia salto bloco modare 7187.100 elas canela (95373 camel el 36);78,29;12;0;0;0
01058437;7900407000722;sandalia salto bloco modare 7187.100 elas canela (95373 camel el 37);78,29;12;0;0;0
01058438;7900407000746;sandalia salto bloco modare 7187.100 elas canela (95373 camel el 38);78,29;12;0;0;0
01058439;7900407000753;sandalia salto bloco modare 7187.100 elas canela (95373 camel el 39);78,29;12;0;0;0
01058440;7900407000760;sandalia salto bloco modare 7187.100 elas canela (95373 camel el 40);78,29;12;0;0;0
01058533;;papete slide moleca 5556.100 tira pr ca (92940 bege/cristal/bege 33);59,08;12;0;0;0
01058534;7900350727875;papete slide moleca 5556.100 tira pr ca (92940 bege/cristal/bege 34);59,08;12;0;0;0
01058535;7900350727882;papete slide moleca 5556.100 tira pr ca (92940 bege/cristal/bege 35);59,08;12;0;0;0
01058536;7900350727899;papete slide moleca 5556.100 tira pr ca (92940 bege/cristal/bege 36);59,08;12;0;0;0
01058537;7900350727912;papete slide moleca 5556.100 tira pr ca (92940 bege/cristal/bege 37);59,08;12;0;0;0
01058538;7900350727936;papete slide moleca 5556.100 tira pr ca (92940 bege/cristal/bege 38);59,08;12;0;0;0
01058539;7900350727943;papete slide moleca 5556.100 tira pr ca (92940 bege/cristal/bege 39);59,08;12;0;0;0
01058540;7900350727950;papete slide moleca 5556.100 tira pr ca (92940 bege/cristal/bege 40);59,08;12;0;0;0
01058633;;papete slide moleca 5556.100 t/pro/cac (87009 preto cristal 33);54,28;12;0;0;0
01058634;7900466213965;papete slide moleca 5556.100 t/pro/cac (87009 preto cristal 34);54,28;12;0;0;0
01058635;7900466213972;papete slide moleca 5556.100 t/pro/cac (87009 preto cristal 35);54,28;12;0;0;0
01058636;7900466213989;papete slide moleca 5556.100 t/pro/cac (87009 preto cristal 36);54,28;12;0;0;0
01058637;7900466214009;papete slide moleca 5556.100 t/pro/cac (87009 preto cristal 37);54,28;12;0;0;0
01058638;7900466214023;papete slide moleca 5556.100 t/pro/cac (87009 preto cristal 38);54,28;12;0;0;0
01058639;7900466214030;papete slide moleca 5556.100 t/pro/cac (87009 preto cristal 39);54,28;12;0;0;0
01058640;7900466214047;papete slide moleca 5556.100 t/pro/cac (87009 preto cristal 40);54,28;12;0;0;0
01058734;7900407609291;sandalia rasteira feminino vizzano 6463.113 garda (35312 branco off f 34);73,08;12;0;0;0
01058735;7900407609307;sandalia rasteira feminino vizzano 6463.113 garda (35312 branco off f 35);73,08;12;0;0;0
01058736;7900407609314;sandalia rasteira feminino vizzano 6463.113 garda (35312 branco off f 36);73,08;12;0;0;0
01058737;7900407609338;sandalia rasteira feminino vizzano 6463.113 garda (35312 branco off f 37);73,08;12;0;0;0
01058738;7900407609352;sandalia rasteira feminino vizzano 6463.113 garda (35312 branco off f 38);73,08;12;0;0;0
01058739;7900407609369;sandalia rasteira feminino vizzano 6463.113 garda (35312 branco off f 39);73,08;12;0;0;0
01058740;7900407609376;sandalia rasteira feminino vizzano 6463.113 garda (35312 branco off f 40);73,08;12;0;0;0
01058834;7900407492893;sandalia rasteira feminino vizzano 6463.113 garda (101439 cacau 34);73,08;12;0;0;0
01058835;7900407492909;sandalia rasteira feminino vizzano 6463.113 garda (101439 cacau 35);73,08;12;0;0;0
01058836;7900407492916;sandalia rasteira feminino vizzano 6463.113 garda (101439 cacau 36);73,08;12;0;0;0
01058837;7900407492930;sandalia rasteira feminino vizzano 6463.113 garda (101439 cacau 37);73,08;12;0;0;0
01058838;7900407492954;sandalia rasteira feminino vizzano 6463.113 garda (101439 cacau 38);73,08;12;0;0;0
01058839;7900407492961;sandalia rasteira feminino vizzano 6463.113 garda (101439 cacau 39);73,08;12;0;0;0
01058840;7900407492978;sandalia rasteira feminino vizzano 6463.113 garda (101439 cacau 40);73,08;12;0;0;0
01058934;7900407856725;sandalia rasteira feminino vizzano 6235.1729 pelic (101321 chcolate 34);63,68;12;0;0;0
01058935;7900407856732;sandalia rasteira feminino vizzano 6235.1729 pelic (101321 chcolate 35);63,68;12;0;0;0
01058936;7900407856749;sandalia rasteira feminino vizzano 6235.1729 pelic (101321 chcolate 36);63,68;12;0;0;0
01058937;7900407856763;sandalia rasteira feminino vizzano 6235.1729 pelic (101321 chcolate 37);63,68;12;0;0;0
01058938;7900407856787;sandalia rasteira feminino vizzano 6235.1729 pelic (101321 chcolate 38);63,68;12;0;0;0
01058939;7900407856794;sandalia rasteira feminino vizzano 6235.1729 pelic (101321 chcolate 39);63,68;12;0;0;0
01058940;7900407856800;sandalia rasteira feminino vizzano 6235.1729 pelic (101321 chcolate 40);63,68;12;0;0;0
01059034;7900407807598;sandalia rasteira feminino vizzano 6235.1729 pelic (35312 branco off l 34);63,68;12;0;0;0
01059035;7900407788125;sandalia rasteira feminino vizzano 6235.1729 pelic (35312 branco off l 35);63,68;12;0;0;0
01059036;7900407807604;sandalia rasteira feminino vizzano 6235.1729 pelic (35312 branco off l 36);63,68;12;0;0;0
01059037;7900407807628;sandalia rasteira feminino vizzano 6235.1729 pelic (35312 branco off l 37);63,68;12;0;0;0
01059038;7900407807642;sandalia rasteira feminino vizzano 6235.1729 pelic (35312 branco off l 38);63,68;12;0;0;0
01059039;7900407807659;sandalia rasteira feminino vizzano 6235.1729 pelic (35312 branco off l 39);63,68;12;0;0;0
01059040;7900407807666;sandalia rasteira feminino vizzano 6235.1729 pelic (35312 branco off l 40);63,68;12;0;0;0
01059133;;tenis casual feminino modare 7358.238 protection (15745 preto new 33);73,08;12;0;0;0
01059134;7900350590394;tenis casual feminino modare 7358.238 protection (15745 preto new 34);73,08;12;0;0;0
01059135;7900350590400;tenis casual feminino modare 7358.238 protection (15745 preto new 35);73,08;12;0;0;0
01059136;7900350590417;tenis casual feminino modare 7358.238 protection (15745 preto new 36);73,08;12;0;0;0
01059137;7900350590424;tenis casual feminino modare 7358.238 protection (15745 preto new 37);73,08;12;0;0;0
01059138;7900350590431;tenis casual feminino modare 7358.238 protection (15745 preto new 38);73,08;12;0;0;0
01059139;7900350590448;tenis casual feminino modare 7358.238 protection (15745 preto new 39);73,08;12;0;0;0
01059140;7900350590455;tenis casual feminino modare 7358.238 protection (15745 preto new 40);73,08;12;0;0;0
01059233;;tenis casual feminino modare 7358.238 protection (100196 avela a 33);73,08;12;0;0;0
01059234;7900350596884;tenis casual feminino modare 7358.238 protection (100196 avela a 34);73,08;12;0;0;0
01059235;7900350596891;tenis casual feminino modare 7358.238 protection (100196 avela a 35);73,08;12;0;0;0
01059236;7900350596907;tenis casual feminino modare 7358.238 protection (100196 avela a 36);73,08;12;0;0;0
01059237;7900350596914;tenis casual feminino modare 7358.238 protection (100196 avela a 37);73,08;12;0;0;0
01059238;7900350596921;tenis casual feminino modare 7358.238 protection (100196 avela a 38);73,08;12;0;0;0
01059239;7900350596938;tenis casual feminino modare 7358.238 protection (100196 avela a 39);73,08;12;0;0;0
01059240;7900350596945;tenis casual feminino modare 7358.238 protection (100196 avela a 40);73,08;12;0;0;0
01059517;;sandalia molekinho 2135.137 fl rust neo (105229 cinza/azul 17);29,61;12;0;0;0
01059518;;sandalia molekinho 2135.137 fl rust neo (105229 cinza/azul 18);29,61;12;0;0;0
01059519;7900294548888;sandalia molekinho 2135.137 fl rust neo (105229 cinza/azul 19);29,61;12;0;0;0
01059520;7900294548895;sandalia molekinho 2135.137 fl rust neo (105229 cinza/azul 20);29,61;12;0;0;0
01059521;7900294548901;sandalia molekinho 2135.137 fl rust neo (105229 cinza/azul 21);29,61;12;0;0;0
01059522;7900294548918;sandalia molekinho 2135.137 fl rust neo (105229 cinza/azul 22);29,61;12;0;0;0
01059523;7900294548925;sandalia molekinho 2135.137 fl rust neo (105229 cinza/azul 23);29,61;12;0;0;0
01059524;7900294548932;sandalia molekinho 2135.137 fl rust neo (105229 cinza/azul 24);29,61;12;0;0;0
01059525;7900294548949;sandalia molekinho 2135.137 fl rust neo (105229 cinza/azul 25);29,61;12;0;0;0
01059526;7900294548956;sandalia molekinho 2135.137 fl rust neo (105229 cinza/azul 26);29,61;12;0;0;0
01059627;7900407775392;sapatenis casual infantil molekinho 2801.122 milan (107746 taupe/preto 27);52,69;12;0;0;0
01059628;7900407775408;sapatenis casual infantil molekinho 2801.122 milan (107746 taupe/preto 28);52,69;12;0;0;0
01059629;7900407775415;sapatenis casual infantil molekinho 2801.122 milan (107746 taupe/preto 29);52,69;12;0;0;0
01059630;7900407775422;sapatenis casual infantil molekinho 2801.122 milan (107746 taupe/preto 30);52,69;12;0;0;0
01059631;7900407775439;sapatenis casual infantil molekinho 2801.122 milan (107746 taupe/preto 31);52,69;12;0;0;0
01059632;7900407775446;sapatenis casual infantil molekinho 2801.122 milan (107746 taupe/preto 32);52,69;12;0;0;0
01059633;7900407775453;sapatenis casual infantil molekinho 2801.122 milan (107746 taupe/preto 33);52,69;12;0;0;0
01059634;7900407775460;sapatenis casual infantil molekinho 2801.122 milan (107746 taupe/preto 34);52,69;12;0;0;0
01059635;7900407775477;sapatenis casual infantil molekinho 2801.122 milan (107746 taupe/preto 35);52,69;12;0;0;0
01059636;7900407775484;sapatenis casual infantil molekinho 2801.122 milan (107746 taupe/preto 36);52,69;12;0;0;0
01059727;7909617533358;sapatenis casual infantil molekinho 2801.122 milan (56470 preto/branco/pinhao 27);52,69;12;0;0;0
01059728;7909617533365;sapatenis casual infantil molekinho 2801.122 milan (56470 preto/branco/pinhao 28);52,69;12;0;0;0
01059729;7909617533372;sapatenis casual infantil molekinho 2801.122 milan (56470 preto/branco/pinhao 29);52,69;12;0;0;0
01059730;7909617533389;sapatenis casual infantil molekinho 2801.122 milan (56470 preto/branco/pinhao 30);52,69;12;0;0;0
01059731;7909617533396;sapatenis casual infantil molekinho 2801.122 milan (56470 preto/branco/pinhao 31);52,69;12;0;0;0
01059732;7909617533402;sapatenis casual infantil molekinho 2801.122 milan (56470 preto/branco/pinhao 32);52,69;12;0;0;0
01059733;7909617533419;sapatenis casual infantil molekinho 2801.122 milan (56470 preto/branco/pinhao 33);52,69;12;0;0;0
01059734;7909617533426;sapatenis casual infantil molekinho 2801.122 milan (56470 preto/branco/pinhao 34);52,69;12;0;0;0
01059735;7909617533433;sapatenis casual infantil molekinho 2801.122 milan (56470 preto/branco/pinhao 35);52,69;12;0;0;0
01059736;7909617533440;sapatenis casual infantil molekinho 2801.122 milan (56470 preto/branco/pinhao 36);52,69;12;0;0;0
01059833;;papete slide moleca 5500.125 new nancy (100196 avela n 33);78,29;12;0;0;0
01059834;7900466056883;papete slide moleca 5500.125 new nancy (100196 avela n 34);78,29;12;0;0;0
01059835;7900466056890;papete slide moleca 5500.125 new nancy (100196 avela n 35);78,29;12;0;0;0
01059836;7900466056906;papete slide moleca 5500.125 new nancy (100196 avela n 36);78,29;12;0;0;0
01059837;7900466056920;papete slide moleca 5500.125 new nancy (100196 avela n 37);78,29;12;0;0;0
01059838;7900466056944;papete slide moleca 5500.125 new nancy (100196 avela n 38);78,29;12;0;0;0
01059839;7900466056951;papete slide moleca 5500.125 new nancy (100196 avela n 39);78,29;12;0;0;0
01059840;7900466056968;papete slide moleca 5500.125 new nancy (100196 avela n 40);78,29;12;0;0;0
01059933;;papete slide moleca 5500.125 new nancy (35312 branco off a 33);78,29;12;0;0;0
01059934;7900466140476;papete slide moleca 5500.125 new nancy (35312 branco off a 34);78,29;12;0;0;0
01059935;7900466140483;papete slide moleca 5500.125 new nancy (35312 branco off a 35);78,29;12;0;0;0
01059936;7900466140490;papete slide moleca 5500.125 new nancy (35312 branco off a 36);78,29;12;0;0;0
01059937;7900466140513;papete slide moleca 5500.125 new nancy (35312 branco off a 37);78,29;12;0;0;0
01059938;7900466140537;papete slide moleca 5500.125 new nancy (35312 branco off a 38);78,29;12;0;0;0
01059939;7900466140544;papete slide moleca 5500.125 new nancy (35312 branco off a 39);78,29;12;0;0;0
01059940;7900466140551;papete slide moleca 5500.125 new nancy (35312 branco off a 40);78,29;12;0;0;0
01060133;;rasteira slide moleca 5558.110 flex/manta (109556 avela/cristal 33);44,47;12;0;0;0
01060134;7900407616664;rasteira slide moleca 5558.110 flex/manta (109556 avela/cristal 34);44,47;12;0;0;0
01060135;7900407616671;rasteira slide moleca 5558.110 flex/manta (109556 avela/cristal 35);44,47;12;0;0;0
01060136;7900407616688;rasteira slide moleca 5558.110 flex/manta (109556 avela/cristal 36);44,47;12;0;0;0
01060137;7900407616701;rasteira slide moleca 5558.110 flex/manta (109556 avela/cristal 37);44,47;12;0;0;0
01060138;7900407616725;rasteira slide moleca 5558.110 flex/manta (109556 avela/cristal 38);44,47;12;0;0;0
01060139;7900407616732;rasteira slide moleca 5558.110 flex/manta (109556 avela/cristal 39);44,47;12;0;0;0
01060140;7900407616749;rasteira slide moleca 5558.110 flex/manta (109556 avela/cristal 40);44,47;12;0;0;0
01060233;7900377004157;papete slide zaxy 19359 mood (by043 off white claro 33/34);44,31;12;0;0;0
01060235;7900377004164;papete slide zaxy 19359 mood (by043 off white claro 35);44,31;12;0;0;0
01060236;7900377004171;papete slide zaxy 19359 mood (by043 off white claro 36);44,31;12;0;0;0
01060237;7900377004188;papete slide zaxy 19359 mood (by043 off white claro 37);44,31;12;0;0;0
01060238;7900377004195;papete slide zaxy 19359 mood (by043 off white claro 38);44,31;12;0;0;0
01060239;7900377004201;papete slide zaxy 19359 mood (by043 off white claro 39/40);44,31;12;0;0;0
01060333;7900377004270;papete slide zaxy 19359 mood (by047 preto 33/34);44,31;12;0;0;0
01060335;7900377004287;papete slide zaxy 19359 mood (by047 preto 35);44,31;12;0;0;0
01060336;7900377004294;papete slide zaxy 19359 mood (by047 preto 36);44,31;12;0;0;0
01060337;7900377004300;papete slide zaxy 19359 mood (by047 preto 37);44,31;12;0;0;0
01060338;7900377004317;papete slide zaxy 19359 mood (by047 preto 38);44,31;12;0;0;0
01060339;7900377004324;papete slide zaxy 19359 mood (by047 preto 39/40);44,31;12;0;0;0
01060426;7900204737609;chinelo infantil dedo cartago 11858 alabama ki (bu280 preto/castor 26/27);24,61;12;0;0;0
01060428;7900204737616;chinelo infantil dedo cartago 11858 alabama ki (bu280 preto/castor 28);24,61;12;0;0;0
01060429;7900204737623;chinelo infantil dedo cartago 11858 alabama ki (bu280 preto/castor 29);24,61;12;0;0;0
01060430;7900204737630;chinelo infantil dedo cartago 11858 alabama ki (bu280 preto/castor 30);24,61;12;0;0;0
01060431;7900204737647;chinelo infantil dedo cartago 11858 alabama ki (bu280 preto/castor 31);24,61;12;0;0;0
01060432;7900204737654;chinelo infantil dedo cartago 11858 alabama ki (bu280 preto/castor 32/33);24,61;12;0;0;0
01060434;7900204737661;chinelo infantil dedo cartago 11858 alabama ki (bu280 preto/castor 34);24,61;12;0;0;0
01060435;7900204737678;chinelo infantil dedo cartago 11858 alabama ki (bu280 preto/castor 35/36);24,61;12;0;0;0
01060533;7900350339580;sapatilha modare 7016.461 napa floater nature (100196 avela a1 33);61,16;12;0;0;0
01060534;7900350339597;sapatilha modare 7016.461 napa floater nature (100196 avela a1 34);61,16;12;0;0;0
01060535;7900350339603;sapatilha modare 7016.461 napa floater nature (100196 avela a1 35);61,16;12;0;0;0
01060536;7900350339610;sapatilha modare 7016.461 napa floater nature (100196 avela a1 36);61,16;12;0;0;0
01060537;7900350339634;sapatilha modare 7016.461 napa floater nature (100196 avela a1 37);61,16;12;0;0;0
01060538;7900350339658;sapatilha modare 7016.461 napa floater nature (100196 avela a1 38);61,16;12;0;0;0
01060539;7900350339665;sapatilha modare 7016.461 napa floater nature (100196 avela a1 39);61,16;12;0;0;0
01060540;7900350339672;sapatilha modare 7016.461 napa floater nature (100196 avela a1 40);61,16;12;0;0;0
01060633;;tamanco anabela moleca 5579.101 eva (15745 preto a1 33);49,06;12;0;0;0
01060634;7900407801411;tamanco anabela moleca 5579.101 eva (15745 preto a1 34);49,06;12;0;0;0
01060635;7900407801428;tamanco anabela moleca 5579.101 eva (15745 preto a1 35);49,06;12;0;0;0
01060636;7900407801435;tamanco anabela moleca 5579.101 eva (15745 preto a1 36);49,06;12;0;0;0
01060637;7900407801459;tamanco anabela moleca 5579.101 eva (15745 preto a1 37);49,06;12;0;0;0
01060638;7900407801473;tamanco anabela moleca 5579.101 eva (15745 preto a1 38);49,06;12;0;0;0
01060639;7900407801480;tamanco anabela moleca 5579.101 eva (15745 preto a1 39);49,06;12;0;0;0
01060640;7900407801497;tamanco anabela moleca 5579.101 eva (15745 preto a1 40);49,06;12;0;0;0
01060733;;tamanco anabela moleca 5579.101 eva (35312 branco off a1 33);49,06;12;0;0;0
01060734;7900407762880;tamanco anabela moleca 5579.101 eva (35312 branco off a1 34);49,06;12;0;0;0
01060735;7900407762897;tamanco anabela moleca 5579.101 eva (35312 branco off a1 35);49,06;12;0;0;0
01060736;7900407762903;tamanco anabela moleca 5579.101 eva (35312 branco off a1 36);49,06;12;0;0;0
01060737;7900407762927;tamanco anabela moleca 5579.101 eva (35312 branco off a1 37);49,06;12;0;0;0
01060738;7900407762941;tamanco anabela moleca 5579.101 eva (35312 branco off a1 38);49,06;12;0;0;0
01060739;7900407762958;tamanco anabela moleca 5579.101 eva (35312 branco off a1 39);49,06;12;0;0;0
01060740;7900407762965;tamanco anabela moleca 5579.101 eva (35312 branco off a1 40);49,06;12;0;0;0
01060833;;tamanco anabela slide moleca 5577.100 eva (101321 chocolate a 33);49,06;12;0;0;0
01060834;7900407617838;tamanco anabela slide moleca 5577.100 eva (101321 chocolate a 34);49,06;12;0;0;0
01060835;7900407617845;tamanco anabela slide moleca 5577.100 eva (101321 chocolate a 35);49,06;12;0;0;0
01060836;7900407617852;tamanco anabela slide moleca 5577.100 eva (101321 chocolate a 36);49,06;12;0;0;0
01060837;7900407617876;tamanco anabela slide moleca 5577.100 eva (101321 chocolate a 37);49,06;12;0;0;0
01060838;7900407617890;tamanco anabela slide moleca 5577.100 eva (101321 chocolate a 38);49,06;12;0;0;0
01060839;7900407617906;tamanco anabela slide moleca 5577.100 eva (101321 chocolate a 39);49,06;12;0;0;0
01060840;7900407617913;tamanco anabela slide moleca 5577.100 eva (101321 chocolate a 40);49,06;12;0;0;0
01060933;;tamanco anabela slide moleca 5577.100 eva (15745 preto a2 33);49,06;12;0;0;0
01060934;7900407617937;tamanco anabela slide moleca 5577.100 eva (15745 preto a2 34);49,06;12;0;0;0
01060935;7900407617944;tamanco anabela slide moleca 5577.100 eva (15745 preto a2 35);49,06;12;0;0;0
01060936;7900407617951;tamanco anabela slide moleca 5577.100 eva (15745 preto a2 36);49,06;12;0;0;0
01060937;7900407617975;tamanco anabela slide moleca 5577.100 eva (15745 preto a2 37);49,06;12;0;0;0
01060938;7900407617999;tamanco anabela slide moleca 5577.100 eva (15745 preto a2 38);49,06;12;0;0;0
01060939;7900407618002;tamanco anabela slide moleca 5577.100 eva (15745 preto a2 39);49,06;12;0;0;0
01060940;7900407618019;tamanco anabela slide moleca 5577.100 eva (15745 preto a2 40);49,06;12;0;0;0
01061033;7909766285597;sapatilha modare 7016.461 napa floater nature (15745 preto a3 33);61,16;12;0;0;0
01061034;7909766285603;sapatilha modare 7016.461 napa floater nature (15745 preto a3 34);61,16;12;0;0;0
01061035;7909766285610;sapatilha modare 7016.461 napa floater nature (15745 preto a3 35);61,16;12;0;0;0
01061036;7909766285627;sapatilha modare 7016.461 napa floater nature (15745 preto a3 36);61,16;12;0;0;0
01061037;7909766285641;sapatilha modare 7016.461 napa floater nature (15745 preto a3 37);61,16;12;0;0;0
01061038;7909766285665;sapatilha modare 7016.461 napa floater nature (15745 preto a3 38);61,16;12;0;0;0
01061039;7909766285672;sapatilha modare 7016.461 napa floater nature (15745 preto a3 39);61,16;12;0;0;0
01061040;7909766285689;sapatilha modare 7016.461 napa floater nature (15745 preto a3 40);61,16;12;0;0;0
01061133;;sapatilha modare 7016.461 napa floater nature (83517 creme a 33);63,68;12;0;0;0
01061134;7909823936899;sapatilha modare 7016.461 napa floater nature (83517 creme a 34);63,68;12;0;0;0
01061135;7909823936905;sapatilha modare 7016.461 napa floater nature (83517 creme a 35);63,68;12;0;0;0
01061136;7909823936912;sapatilha modare 7016.461 napa floater nature (83517 creme a 36);63,68;12;0;0;0
01061137;7909823936936;sapatilha modare 7016.461 napa floater nature (83517 creme a 37);63,68;12;0;0;0
01061138;7909823936950;sapatilha modare 7016.461 napa floater nature (83517 creme a 38);63,68;12;0;0;0
01061139;7909823936967;sapatilha modare 7016.461 napa floater nature (83517 creme a 39);63,68;12;0;0;0
01061140;7909823936974;sapatilha modare 7016.461 napa floater nature (83517 creme a 40);63,68;12;0;0;0
01061233;7898540854800;chinelo boaonda 1319.1000 lily (018 caramelo/caramelo 33/34);42,01;12;0;0;0
01061235;7898540854817;chinelo boaonda 1319.1000 lily (018 caramelo/caramelo 35/36);42,01;12;0;0;0
01061237;7898540854824;chinelo boaonda 1319.1000 lily (018 caramelo/caramelo 37/38);42,01;12;0;0;0
01061239;7898540854831;chinelo boaonda 1319.1000 lily (018 caramelo/caramelo 39/40);42,01;12;0;0;0
01061333;;tenis casual modare 7416.202 lond (110623 branco off/bege/pe 33);97,72;12;0;0;0
01061334;7900466065144;tenis casual modare 7416.202 lond (110623 branco off/bege/pe 34);97,72;12;0;0;0
01061335;7900466065151;tenis casual modare 7416.202 lond (110623 branco off/bege/pe 35);97,72;12;0;0;0
01061336;7900466065168;tenis casual modare 7416.202 lond (110623 branco off/bege/pe 36);97,72;12;0;0;0
01061337;7900466065182;tenis casual modare 7416.202 lond (110623 branco off/bege/pe 37);97,72;12;0;0;0
01061338;7900466065205;tenis casual modare 7416.202 lond (110623 branco off/bege/pe 38);97,72;12;0;0;0
01061339;7900466065212;tenis casual modare 7416.202 lond (110623 branco off/bege/pe 39);97,72;12;0;0;0
01061340;7900466065229;tenis casual modare 7416.202 lond (110623 branco off/bege/pe 40);97,72;12;0;0;0
01061433;;tenis casual modare 7416.100 suprema (16072 branco a 33);90,98;12;0;0;0
01061434;7900466064949;tenis casual modare 7416.100 suprema (16072 branco a 34);90,98;12;0;0;0
01061435;7900466064956;tenis casual modare 7416.100 suprema (16072 branco a 35);90,98;12;0;0;0
01061436;7900466064963;tenis casual modare 7416.100 suprema (16072 branco a 36);90,98;12;0;0;0
01061437;7900466064987;tenis casual modare 7416.100 suprema (16072 branco a 37);90,98;12;0;0;0
01061438;7900466065007;tenis casual modare 7416.100 suprema (16072 branco a 38);90,98;12;0;0;0
01061439;7900466065014;tenis casual modare 7416.100 suprema (16072 branco a 39);90,98;12;0;0;0
01061440;7900466065021;tenis casual modare 7416.100 suprema (16072 branco a 40);90,98;12;0;0;0
01061533;;tenis sport actvitta 4849.306 kansas aust (109777 camel/nude 33);121,07;12;0;0;0
01061534;7900407572564;tenis sport actvitta 4849.306 kansas aust (109777 camel/nude 34);121,07;12;0;0;0
01061535;7900407572571;tenis sport actvitta 4849.306 kansas aust (109777 camel/nude 35);121,07;12;0;0;0
01061536;7900407572588;tenis sport actvitta 4849.306 kansas aust (109777 camel/nude 36);121,07;12;0;0;0
01061537;7900407572601;tenis sport actvitta 4849.306 kansas aust (109777 camel/nude 37);121,07;12;0;0;0
01061538;7900407572625;tenis sport actvitta  4849.306 kansas aust (109777 camel/nude 38);121,07;12;0;0;0
01061539;7900407572632;tenis sport actvitta 4849.306 kansas aust (109777 camel/nude 39);121,07;12;0;0;0
01061540;7900407572649;tenis sport actvitta 4849.306 kansas aust (109777 camel/nude 40);121,07;12;0;0;0
01061633;7900466121093;sandalia papete feminino modare 7125.262 nature el (52531 nude a 33);63,68;12;0;0;0
01061634;7900466121109;sandalia papete feminino modare 7125.262 nature el (52531 nude a 34);63,68;12;0;0;0
01061635;7900466121116;sandalia papete feminino modare 7125.262 nature el (52531 nude a 35);63,68;12;0;0;0
01061636;7900466121123;sandalia papete feminino modare 7125.262 nature el (52531 nude a 36);63,68;12;0;0;0
01061637;7900466121147;sandalia papete feminino modare 7125.262 nature el (52531 nude a 37);63,68;12;0;0;0
01061638;7900466121161;sandalia papete feminino modare 7125.262 nature el (52531 nude a 38);63,68;12;0;0;0
01061639;7900466121178;sandalia papete feminino modare 7125.262 nature el (52531 nude a 39);63,68;12;0;0;0
01061640;7900466121185;sandalia papete feminino modare 7125.262 nature el (52531 nude a 40);63,68;12;0;0;0
01061826;7900466127279;sandalia papete tratorada molekinha 2344.154 turim (35312 branco off a2 26);49,70;12;0;0;0
01061827;7900466127286;sandalia papete tratorada molekinha 2344.154 turim (35312 branco off a2 27);49,70;12;0;0;0
01061828;7900466127293;sandalia papete tratorada molekinha 2344.154 turim (35312 branco off a2 28);49,70;12;0;0;0
01061829;7900466127309;sandalia papete tratorada molekinha 2344.154 turim (35312 branco off a2 29);49,70;12;0;0;0
01061830;7900466127316;sandalia papete tratorada molekinha 2344.154 turim (35312 branco off a2 30);49,70;12;0;0;0
01061831;7900466127323;sandalia papete tratorada molekinha 2344.154 turim (35312 branco off a2 31);49,70;12;0;0;0
01061832;7900466127330;sandalia papete tratorada molekinha 2344.154 turim (35312 branco off a2 32);49,70;12;0;0;0
01061833;7900466127347;sandalia papete tratorada molekinha 2344.154 turim (35312 branco off a2 33);49,70;12;0;0;0
01061834;7900466127354;sandalia papete tratorada molekinha 2344.154 turim (35312 branco off a2 34);49,70;12;0;0;0
01061835;7900466127361;sandalia papete tratorada molekinha 2344.154 turim (35312 branco off a2 35);49,70;12;0;0;0
01061836;;sandalia papete tratorada molekinha 2344.154 turim (35312 branco off a2 36);49,70;12;0;0;0
01062037;7909989806609;chinelo dedo havaianas marvel ii (marv marinho 37/38);25,51;12;0;0;0
01062039;7909989806616;chinelo dedo havaianas marvel ii (marv marinho 39/40);25,51;12;0;0;0
01062041;7909989806623;chinelo dedo havaianas marvel ii (marv marinho 41/42);25,51;12;0;0;0
01062043;;chinelo dedo havaianas marvel ii (marv marinho 43/44);25,51;12;0;0;0
01062045;;chinelo dedo havaianas marvel ii (marv marinho 45/46);25,51;12;0;0;0
01062126;7900407036295;sandalia plataforma molekinha 2375.101 sagu stras (94979 preto/black/preto 26);54,98;12;0;0;0
01062127;7900407036301;sandalia plataforma molekinha 2375.101 sagu stras (94979 preto/black/preto 27);54,98;12;0;0;0
01062128;7900407036318;sandalia plataforma molekinha 2375.101 sagu stras (94979 preto/black/preto 28);54,98;12;0;0;0
01062129;7900407036325;sandalia plataforma molekinha 2375.101 sagu stras (94979 preto/black/preto 29);54,98;12;0;0;0
01062130;7900407036332;sandalia plataforma molekinha 2375.101 sagu stras (94979 preto/black/preto 30);54,98;12;0;0;0
01062131;7900407036349;sandalia plataforma molekinha 2375.101 sagu stras (94979 preto/black/preto 31);54,98;12;0;0;0
01062132;7900407036356;sandalia plataforma molekinha 2375.101 sagu stras (94979 preto/black/preto 32);54,98;12;0;0;0
01062133;7900407036363;sandalia plataforma molekinha 2375.101 sagu stras (94979 preto/black/preto 33);54,98;12;0;0;0
01062134;7900407036370;sandalia plataforma molekinha 2375.101 sagu stras (94979 preto/black/preto 34);54,98;12;0;0;0
01062135;;sandalia plataforma molekinha 2375.101 sagu stras (94979 preto/black/preto 35);54,98;12;0;0;0
01062136;;sandalia plataforma molekinha 2375.101 sagu stras (94979 preto/black/preto 36);54,98;12;0;0;0
01062226;7900407834228;sandalia rasteira molekinha 2342.120 bri italia (66 dourado a 26);54,98;12;0;0;0
01062227;7900407834235;sandalia rasteira molekinha 2342.120 bri italia (66 dourado a 27);54,98;12;0;0;0
01062228;7900407834242;sandalia rasteira molekinha 2342.120 bri italia (66 dourado a 28);54,98;12;0;0;0
01062229;7900407834259;sandalia rasteira molekinha 2342.120 bri italia (66 dourado a 29);54,98;12;0;0;0
01062230;7900407834266;sandalia rasteira molekinha 2342.120 bri italia (66 dourado a 30);54,98;12;0;0;0
01062231;7900407834273;sandalia rasteira molekinha 2342.120 bri italia (66 dourado a 31);54,98;12;0;0;0
01062232;7900407834280;sandalia rasteira molekinha 2342.120 bri italia (66 dourado a 32);54,98;12;0;0;0
01062233;7900407834297;sandalia rasteira molekinha 2342.120 bri italia (66 dourado a 33);54,98;12;0;0;0
01062234;7900407834303;sandalia rasteira molekinha 2342.120 bri italia (66 dourado a 34);54,98;12;0;0;0
01062235;7900407834310;sandalia rasteira molekinha 2342.120 bri italia (66 dourado a 35);54,98;12;0;0;0
01062236;7900407834327;sandalia rasteira molekinha 2342.120 bri italia (66 dourado a 36);54,98;12;0;0;0
01062328;7900407735020;sandalia salto bloco molekinha 2347.135 florenca (107933 preto/branco/cr 28);64,51;12;0;0;0
01062329;7900407743544;sandalia salto bloco molekinha 2347.135 florenca (107933 preto/branco/cr 29);64,51;12;0;0;0
01062330;7900407743551;sandalia salto bloco molekinha 2347.135 florenca (107933 preto/branco/cr 30);64,51;12;0;0;0
01062331;7900407743568;sandalia salto bloco molekinha 2347.135 florenca (107933 preto/branco/cr 31);64,51;12;0;0;0
01062332;7900407743575;sandalia salto bloco molekinha 2347.135 florenca (107933 preto/branco/cr 32);64,51;12;0;0;0
01062333;7900407743582;sandalia salto bloco molekinha 2347.135 florenca (107933 preto/branco/cr 33);64,51;12;0;0;0
01062334;7900407743599;sandalia salto bloco molekinha 2347.135 florenca (107933 preto/branco/cr 34);64,51;12;0;0;0
01062335;7900407743605;sandalia salto bloco molekinha 2347.135 florenca (107933 preto/branco/cr 35);64,51;12;0;0;0
01062434;;babuche plataforma yvate 2502 liso (iva bege 34);37,90;12;0;0;0
01062435;;babuche plataforma yvate 2502 liso (iva bege 35);37,90;12;0;0;0
01062436;;babuche plataforma yvate 2502 liso (iva bege 36);37,90;12;0;0;0
01062437;;babuche plataforma yvate 2502 liso (iva bege 37);37,90;12;0;0;0
01062438;;babuche plataforma yvate 2502 liso (iva bege 38);37,90;12;0;0;0
01062439;;babuche plataforma yvate 2502 liso (iva bege 39);37,90;12;0;0;0
01062534;;babuche plataforma yvate 2502 liso (iva preto 34);37,90;12;0;0;0
01062535;;babuche plataforma yvate 2502 liso (iva preto 35);37,90;12;0;0;0
01062536;;babuche plataforma yvate 2502 liso (iva preto 36);37,90;12;0;0;0
01062537;;babuche plataforma yvate 2502 liso (iva preto 37);37,90;12;0;0;0
01062538;;babuche plataforma yvate 2502 liso (iva preto 38);37,90;12;0;0;0
01062539;;babuche plataforma yvate 2502 liso (iva preto 39);37,90;12;0;0;0
01062634;;babuche eva yvate 1816 faixa f (fai bege 34);29,50;12;0;0;0
01062635;;babuche eva yvate 1816 faixa f (fai bege 35);29,50;12;0;0;0
01062636;;babuche eva yvate 1816 faixa f (fai bege 36);29,50;12;0;0;0
01062637;;babuche eva yvate 1816 faixa f (fai bege 37);29,50;12;0;0;0
01062638;;babuche eva yvate 1816 faixa f (fai bege 38);29,50;12;0;0;0
01062639;;babuche eva yvate 1816 faixa f (fai bege 39);29,50;12;0;0;0
01062734;;babuche eva yvate 1816 faixa m (fai preto 34);29,50;12;0;0;0
01062735;;babuche eva yvate 1816 faixa m (fai preto 35);29,50;12;0;0;0
01062736;;babuche eva yvate 1816 faixa m (fai preto 36);29,50;12;0;0;0
01062737;;babuche eva yvate 1816 faixa m (fai preto 37);29,50;12;0;0;0
01062738;;babuche eva yvate 1816 faixa m (fai preto 38);29,50;12;0;0;0
01062739;;babuche eva yvate 1816 faixa m (fai preto 39);29,50;12;0;0;0
01062740;;babuche eva yvate 1816 faixa m (fai preto 40);29,50;12;0;0;0
01062741;;babuche eva yvate 1816 faixa m (fai preto 41);29,50;12;0;0;0
01062742;;babuche eva yvate 1816 faixa m (fai preto 42);29,50;12;0;0;0
01062743;;babuche eva yvate 1816 faixa m (fai preto 43);29,50;12;0;0;0
01062833;7900377095582;chinelo slide nuvem zaxy 19419 air (cb546 preto 33/34);44,31;12;0;0;0
01062835;7900377095599;chinelo slide nuvem zaxy 19419 air (cb546 preto 35);44,31;12;0;0;0
01062836;7900377095605;chinelo slide nuvem zaxy 19419 air (cb546 preto 36);44,31;12;0;0;0
01062837;7900377095612;chinelo slide nuvem zaxy 19419 air (cb546 preto 37);44,31;12;0;0;0
01062838;7900377095629;chinelo slide nuvem zaxy 19419 air (cb546 preto 38);44,31;12;0;0;0
01062839;7900377095636;chinelo slide nuvem zaxy 19419 air (cb546 preto 39/40);44,31;12;0;0;0
01062933;7900377095643;chinelo slide nuvem zaxy 19419 air (cb547 off white medio 33/34);44,31;12;0;0;0
01062935;7900377095650;chinelo slide nuvem zaxy 19419 air (cb547 off white medio 35);44,31;12;0;0;0
01062936;7900377095667;chinelo slide nuvem zaxy 19419 air (cb547 off white medio 36);44,31;12;0;0;0
01062937;7900377095674;chinelo slide nuvem zaxy 19419 air (cb547 off white medio 37);44,31;12;0;0;0
01062938;7900377095681;chinelo slide nuvem zaxy 19419 air (cb547 off white medio 38);44,31;12;0;0;0
01062939;7900377095698;chinelo slide nuvem zaxy 19419 air (cb547 off white medio 39/40);44,31;12;0;0;0
01063033;7900377095704;chinelo slide nuvem zaxy 19419 air (cb548 marrom urso 33/34);44,31;12;0;0;0
01063035;7900377095711;chinelo slide nuvem zaxy 19419 air (cb548 marrom urso 35);44,31;12;0;0;0
01063036;7900377095728;chinelo slide nuvem zaxy 19419 air (cb548 marrom urso 36);44,31;12;0;0;0
01063037;7900377095735;chinelo slide nuvem zaxy 19419 air (cb548 marrom urso 37);44,31;12;0;0;0
01063038;7900377095742;chinelo slide nuvem zaxy 19419 air (cb548 marrom urso 38);44,31;12;0;0;0
01063039;7900377095759;chinelo slide nuvem zaxy 19419 air (cb548 marrom urso 39/40);44,31;12;0;0;0
01063126;7900407744114;sandalia papete tratorada molekinha 2361.219 flore (109977 rose/ouro/rosado 26);52,01;12;0;0;0
01063127;7900407744121;sandalia papete tratorada molekinha 2361.219 flore (109977 rose/ouro/rosado 27);52,01;12;0;0;0
01063128;7900407735044;sandalia papete tratorada molekinha 2361.219 flore (109977 rose/ouro/rosado 28);52,01;12;0;0;0
01063129;7900407744138;sandalia papete tratorada molekinha 2361.219 flore (109977 rose/ouro/rosado 29);52,01;12;0;0;0
01063130;7900407744145;sandalia papete tratorada molekinha 2361.219 flore (109977 rose/ouro/rosado 30);52,01;12;0;0;0
01063131;7900407744152;sandalia papete tratorada molekinha 2361.219 flore (109977 rose/ouro/rosado 31);52,01;12;0;0;0
01063132;7900407744169;sandalia papete tratorada molekinha 2361.219 flore (109977 rose/ouro/rosado 32);52,01;12;0;0;0
01063133;7900407744176;sandalia papete tratorada molekinha 2361.219 flore (109977 rose/ouro/rosado 33);52,01;12;0;0;0
01063134;7900407744183;sandalia papete tratorada molekinha 2361.219 flore (109977 rose/ouro/rosado 34);52,01;12;0;0;0
01063135;7900407744190;sandalia papete tratorada molekinha 2361.219 flore (109977 rose/ouro/rosado 35);52,01;12;0;0;0
01063136;;sandalia papete tratorada molekinha 2361.219 flore (109977 rose/ouro/rosado 36);52,01;12;0;0;0
01063233;;papete slide moleca 5490.132 suprema (101321 chocolate a1 33);49,06;12;0;0;0
01063234;7900466114484;papete slide moleca 5490.132 suprema (101321 chocolate a1 34);49,06;12;0;0;0
01063235;7900466114491;papete slide moleca 5490.132 suprema (101321 chocolate a1 35);49,06;12;0;0;0
01063236;7900466114507;papete slide moleca 5490.132 suprema (101321 chocolate a1 36);49,06;12;0;0;0
01063237;7900466114521;papete slide moleca 5490.132 suprema (101321 chocolate a1 37);49,06;12;0;0;0
01063238;7900466114545;papete slide moleca 5490.132 suprema (101321 chocolate a1 38);49,06;12;0;0;0
01063239;7900466114552;papete slide moleca 5490.132 suprema (101321 chocolate a1 39);49,06;12;0;0;0
01063240;7900466114569;papete slide moleca 5490.132 suprema (101321 chocolate a1 40);49,06;12;0;0;0
01063333;;papete slide moleca 5490.132 suprema (15745 preto a4 33);49,06;12;0;0;0
01063334;7900466114682;papete slide moleca 5490.132 suprema (15745 preto a4 34);49,06;12;0;0;0
01063335;7900466114699;papete slide moleca 5490.132 suprema (15745 preto a4 35);49,06;12;0;0;0
01063336;7900466114705;papete slide moleca 5490.132 suprema (15745 preto a4 36);49,06;12;0;0;0
01063337;7900466114729;papete slide moleca 5490.132 suprema (15745 preto a4 37);49,06;12;0;0;0
01063338;7900466114743;papete slide moleca 5490.132 suprema (15745 preto a4 38);49,06;12;0;0;0
01063339;7900466114750;papete slide moleca 5490.132 suprema (15745 preto a4 39);49,06;12;0;0;0
01063340;7900466114767;papete slide moleca 5490.132 suprema (15745 preto a4 40);49,06;12;0;0;0
01063433;;sandalia papete feminino moleca 5490.131 napa turi (109531 golden/nude 33);68,49;12;0;0;0
01063434;7900407632442;sandalia papete feminino moleca 5490.131 napa turi (109531 golden/nude 34);68,49;12;0;0;0
01063435;7900407632459;sandalia papete feminino moleca 5490.131 napa turi (109531 golden/nude 35);68,49;12;0;0;0
01063436;7900407632466;sandalia papete feminino moleca 5490.131 napa turi (109531 golden/nude 36);68,49;12;0;0;0
01063437;7900407632480;sandalia papete feminino moleca 5490.131 napa turi (109531 golden/nude 37);68,49;12;0;0;0
01063438;7900407632503;sandalia papete feminino moleca 5490.131 napa turi (109531 golden/nude 38);68,49;12;0;0;0
01063439;7900407632510;sandalia papete feminino moleca 5490.131 napa turi (109531 golden/nude 39);68,49;12;0;0;0
01063440;7900407632527;sandalia papete feminino moleca 5490.131 napa turi (109531 golden/nude 40);68,49;12;0;0;0
01063533;;sandalia papete feminino moleca 5490.131 napa trui (91292 black dia/preto 33);68,49;12;0;0;0
01063534;7900407616060;sandalia papete feminino moleca 5490.131 napa trui (91292 black dia/preto 34);68,49;12;0;0;0
01063535;7900407616077;sandalia papete feminino moleca 5490.131 napa trui (91292 black dia/preto 35);68,49;12;0;0;0
01063536;7900407616084;sandalia papete feminino moleca 5490.131 napa trui (91292 black dia/preto 36);68,49;12;0;0;0
01063537;7900407616107;sandalia papete feminino moleca 5490.131 napa trui (91292 black dia/preto 37);68,49;12;0;0;0
01063538;7900407616121;sandalia papete feminino moleca 5490.131 napa trui (91292 black dia/preto 38);68,49;12;0;0;0
01063539;7900407616138;sandalia papete feminino moleca 5490.131 napa trui (91292 black dia/preto 39);68,49;12;0;0;0
01063540;7900407616145;sandalia papete feminino moleca 5490.131 napa trui (91292 black dia/preto 40);68,49;12;0;0;0
01063634;7900294219504;papete slide modare 7208.101 micr perf suprem (35312 branco off a3 34);61,02;12;0;0;0
01063635;7900294219511;papete slide modare 7208.101 micr perf suprem (35312 branco off a3 35);61,02;12;0;0;0
01063636;7900294219528;papete slide modare 7208.101 micr perf suprem (35312 branco off a3 36);61,02;12;0;0;0
01063723;7909989928943;chinelo infantil dedo havaianas kids flores i (3138 azul maceio 23/24);20,79;12;0;0;0
01063725;7909989928950;chinelo infantil dedo havaianas kids flores i (3138 azul maceio 25/26);20,79;12;0;0;0
01063727;7909989928967;chinelo infantil dedo havaianas kids flores i (3138 azul maceio 27/28);20,79;12;0;0;0
01063729;7909989928974;chinelo infantil dedo havaianas kids flores i (3138 azul maceio 29/30);20,79;12;0;0;0
01063731;7909989928981;chinelo infantil dedo havaianas kids flores i (3138 azul maceio 31/32);20,79;12;0;0;0
01063733;7909989928998;chinelo infantil dedo havaianas kids flores i (3138 azul maceio 33/34);20,79;12;0;0;0
01063735;7909989929001;chinelo infantil dedo havaianas kids flores i (3138 azul maceio 35/36);20,79;12;0;0;0
01063835;;chinelo dedo havaianas power 2.0 ii (3140 verde sao francisco 35/36);47,11;12;0;0;0
01063837;7909989911389;chinelo dedo havaianas power 2.0 ii (3140 verde sao francisco 37/38);47,11;12;0;0;0
01063839;7909989911396;chinelo dedo havaianas power 2.0 ii (3140 verde sao francisco 39/40);47,11;12;0;0;0
01063841;7909989911402;chinelo dedo havaianas power 2.0 ii (3140 verde sao francisco 41/42);47,11;12;0;0;0
01063843;7909989911419;chinelo dedo havaianas power 2.0 ii (3140 verde sao francisco 43/44);47,11;12;0;0;0
01063845;7909989911426;chinelo dedo havaianas power 2.0 ii (3140 verde sao francisco 45/46);47,11;12;0;0;0
01063847;;chinelo dedo havaianas power 2.0 ii (3140 verde sao francisco 47/48);47,11;12;0;0;0
01063935;;chinelo dedo havaianas power 2.0 ii (3180 vermelho frevo 35/36);47,11;12;0;0;0
01063937;7909989911433;chinelo dedo havaianas power 2.0 ii (3180 vermelho frevo 37/38);47,11;12;0;0;0
01063939;7909989911440;chinelo dedo havaianas power 2.0 ii (3180 vermelho frevo 39/40);47,11;12;0;0;0
01063941;7909989911457;chinelo dedo havaianas power 2.0 ii (3180 vermelho frevo 41/42);47,11;12;0;0;0
01063943;7909989911464;chinelo dedo havaianas power 2.0 ii (3180 vermelho frevo 43/44);47,11;12;0;0;0
01063945;7909989911471;chinelo dedo havaianas power 2.0 ii (3180 vermelho frevo 45/46);47,11;12;0;0;0
01063947;;chinelo dedo havaianas power 2.0 ii (3180 vermelho frevo 47/48);47,11;12;0;0;0
01064023;7909989923559;chinelo infantil dedo havaianas kids disney (348 vermelho/preto 23/24);23,54;12;0;0;0
01064025;7909989923566;chinelo infantil dedo havaianas kids disney (348 vermelho/preto 25/26);23,54;12;0;0;0
01064027;7909989923573;chinelo infantil dedo havaianas kids disney (348 vermelho/preto 27/28);23,54;12;0;0;0
01064029;7909989923580;chinelo infantil dedo havaianas kids disney (348 vermelho/preto 29/30);23,54;12;0;0;0
01064031;7909989923597;chinelo infantil dedo havaianas kids disney (348 vermelho/preto 31/32);23,54;12;0;0;0
01064033;7909989923603;chinelo infantil dedo havaianas kids disney (348 vermelho/preto 33/34);23,54;12;0;0;0
01064035;7909989923610;chinelo infantil dedo havaianas kids disney (348 vermelho/preto 35/36);23,54;12;0;0;0
01064123;7909989923627;chinelo infantil dedo havaianas kids disney f (1440 vermelho hibisco 23/24);23,54;12;0;0;0
01064125;7909989923634;chinelo infantil dedo havaianas kids disney f (1440 vermelho hibisco 25/26);23,54;12;0;0;0
01064127;7909989923641;chinelo infantil dedo havaianas kids disney f (1440 vermelho hibisco 27/28);23,54;12;0;0;0
01064129;7909989923658;chinelo infantil dedo havaianas kids disney f (1440 vermelho hibisco 29/30);23,54;12;0;0;0
01064131;7909989923665;chinelo infantil dedo havaianas kids disney f (1440 vermelho hibisco 31/32);23,54;12;0;0;0
01064133;7909989923672;chinelo infantil dedo havaianas kids disney f (1440 vermelho hibisco 33/34);23,54;12;0;0;0
01064135;7909989923689;chinelo infantil dedo havaianas kids disney f (1440 vermelho hibisco 35/36);23,54;12;0;0;0
01064223;7909989923696;chinelo infantil dedo havaianas kids disney (3504 azul brilhante 23/24);23,54;12;0;0;0
01064225;7909989923702;chinelo infantil dedo havaianas kids disney (3504 azul brilhante 25/26);23,54;12;0;0;0
01064227;7909989923719;chinelo infantil dedo havaianas kids disney (3504 azul brilhante 27/28);23,54;12;0;0;0
01064229;7909989923726;chinelo infantil dedo havaianas kids disney (3504 azul brilhante 29/30);23,54;12;0;0;0
01064231;7909989923733;chinelo infantil dedo havaianas kids disney (3504 azul brilhante 31/32);23,54;12;0;0;0
01064233;7909989923740;chinelo infantil dedo havaianas kids disney (3504 azul brilhante 33/34);23,54;12;0;0;0
01064235;7909989923757;chinelo infantil dedo havaianas kids disney (3504 azul brilhante 35/36);23,54;12;0;0;0
01064333;7900466109480;tamanco plataforma feminino modare 7227.101 suprem (15745 preto napa a4 33);69,27;12;0;0;0
01064334;7900466109497;tamanco plataforma feminino modare 7227.101 suprem (15745 preto napa a4 34);69,27;12;0;0;0
01064335;7900466109503;tamanco plataforma feminino modare 7227.101 suprem (15745 preto napa a4 35);69,27;12;0;0;0
01064336;7900466109510;tamanco plataforma feminino modare 7227.101 suprem (15745 preto napa a4 36);69,27;12;0;0;0
01064337;7900466109534;tamanco plataforma feminino modare 7227.101 suprem (15745 preto napa a4 37);69,27;12;0;0;0
01064338;7900466109558;tamanco plataforma feminino modare 7227.101 suprem (15745 preto napa a4 38);69,27;12;0;0;0
01064339;7900466109565;tamanco plataforma feminino modare 7227.101 suprem (15745 preto napa a4 39);69,27;12;0;0;0
01064340;7900466109572;tamanco plataforma feminino modare 7227.101 suprem (15745 preto napa a4 40);69,27;12;0;0;0
01064433;7900466078557;tamanco plataforma feminino modare 7227.101 suprem (1000196 avela 33);69,29;12;0;0;0
01064434;7900466078564;tamanco plataforma feminino modare 7227.101 suprem (1000196 avela 34);69,29;12;0;0;0
01064435;7900466078571;tamanco plataforma feminino modare 7227.101 suprem (1000196 avela 35);69,29;12;0;0;0
01064436;7900466078588;tamanco plataforma feminino modare 7227.101 suprem (1000196 avela 36);69,29;12;0;0;0
01064437;7900466078601;tamanco plataforma feminino modare 7227.101 suprem (1000196 avela 37);69,29;12;0;0;0
01064438;7900466078625;tamanco plataforma feminino modare 7227.101 suprem (1000196 avela 38);69,29;12;0;0;0
01064439;7900466078632;tamanco plataforma feminino modare 7227.101 suprem (1000196 avela 39);69,29;12;0;0;0
01064440;7900466078649;tamanco plataforma feminino modare 7227.101 suprem (1000196 avela 40);69,29;12;0;0;0
01064533;7900466118215;tamanco plataforma slide feminino modare 7227.102 (100196 avela a2 33);69,29;12;0;0;0
01064534;7900466118222;tamanco plataforma slide feminino modare 7227.102 (100196 avela a2 34);69,29;12;0;0;0
01064535;7900466118239;tamanco plataforma slide feminino modare 7227.102 (100196 avela a2 35);69,29;12;0;0;0
01064536;7900466118246;tamanco plataforma slide feminino modare 7227.102 (100196 avela a2 36);69,29;12;0;0;0
01064537;7900466118260;tamanco plataforma slide feminino modare 7227.102 (100196 avela a2 37);69,29;12;0;0;0
01064538;7900466118284;tamanco plataforma slide feminino modare 7227.102 (100196 avela a2 38);69,29;12;0;0;0
01064539;7900466118291;tamanco plataforma slide feminino modare 7227.102 (100196 avela a2 39);69,29;12;0;0;0
01064540;7900466118307;tamanco plataforma slide feminino modare 7227.102 (100196 avela a2 40);69,29;12;0;0;0
01064633;7900466078656;tamanco plataforma slide feminino modare 7227.102 (15745 preto a5 33);69,29;12;0;0;0
01064634;7900466078663;tamanco plataforma slide feminino modare 7227.102 (15745 preto a5 34);69,29;12;0;0;0
01064635;7900466078670;tamanco plataforma slide feminino modare 7227.102 (15745 preto a5 35);69,29;12;0;0;0
01064636;7900466078687;tamanco plataforma slide feminino modare 7227.102 (15745 preto a5 36);69,29;12;0;0;0
01064637;7900466078700;tamanco plataforma slide feminino modare 7227.102 (15745 preto a5 37);69,29;12;0;0;0
01064638;7900466078724;tamanco plataforma slide feminino modare 7227.102 (15745 preto a5 38);69,29;12;0;0;0
01064639;7900466078731;tamanco plataforma slide feminino modare 7227.102 (15745 preto a5 39);69,29;12;0;0;0
01064640;7900466078748;tamanco plataforma slide feminino modare 7227.102 (15745 preto a5 40);69,29;12;0;0;0
01064726;7900407447923;sandalia papete infantil molekinha 2357.119 turim (108441 preto/grafite 26);54,98;12;0;0;0
01064727;7900407447930;sandalia papete infantil molekinha 2357.119 turim (108441 preto/grafite 27);54,98;12;0;0;0
01064728;7900407447947;sandalia papete infantil molekinha 2357.119 turim (108441 preto/grafite 28);54,98;12;0;0;0
01064729;7900407447954;sandalia papete infantil molekinha 2357.119 turim (108441 preto/grafite 29);54,98;12;0;0;0
01064730;7900407447961;sandalia papete infantil molekinha 2357.119 turim (108441 preto/grafite 30);54,98;12;0;0;0
01064731;7900407447978;sandalia papete infantil molekinha 2357.119 turim (108441 preto/grafite 31);54,98;12;0;0;0
01064732;7900407447985;sandalia papete infantil molekinha 2357.119 turim (108441 preto/grafite 32);54,98;12;0;0;0
01064733;7900407447992;sandalia papete infantil molekinha 2357.119 turim (108441 preto/grafite 33);54,98;12;0;0;0
01064734;7900407448005;sandalia papete infantil molekinha 2357.119 turim (108441 preto/grafite 34);54,98;12;0;0;0
01064735;;sandalia papete infantil molekinha 2357.119 turim (108441 preto/grafite 35);54,98;12;0;0;0
01064736;;sandalia papete infantil molekinha 2357.119 turim (108441 preto/grafite 36);54,98;12;0;0;0
01064826;7900407772278;tenis sport infantil molekinha 2580.100 velvet (110324 preto/graf/rosa ba 26);74,02;12;0;0;0
01064827;7900407772285;tenis sport infantil molekinha 2580.100 velvet (110324 preto/graf/rosa ba 27);74,02;12;0;0;0
01064828;7900407772292;tenis sport infantil molekinha 2580.100 velvet (110324 preto/graf/rosa ba 28);74,02;12;0;0;0
01064829;7900407772308;tenis sport infantil molekinha 2580.100 velvet (110324 preto/graf/rosa ba 29);74,02;12;0;0;0
01064830;7900407772315;tenis sport infantil molekinha 2580.100 velvet (110324 preto/graf/rosa ba 30);74,02;12;0;0;0
01064831;7900407772322;tenis sport infantil molekinha 2580.100 velvet (110324 preto/graf/rosa ba 31);74,02;12;0;0;0
01064832;7900407772339;tenis sport infantil molekinha 2580.100 velvet (110324 preto/graf/rosa ba 32);74,02;12;0;0;0
01064833;7900407772346;tenis sport infantil molekinha 2580.100 velvet (110324 preto/graf/rosa ba 33);74,02;12;0;0;0
01064834;7900407772353;tenis sport infantil molekinha 2580.100 velvet (110324 preto/graf/rosa ba 34);74,02;12;0;0;0
01064835;;tenis sport infantil molekinha 2580.100 velvet (110324 preto/graf/rosa ba 35);74,02;12;0;0;0
01064836;;tenis sport infantil molekinha 2580.100 velvet (110324 preto/graf/rosa ba 36);74,02;12;0;0;0
01064923;7909989941096;chinelo kids slim havaianas princess i (3173 laranja seringuela 23/24);28,79;12;0;0;0
01064925;7909989941102;chinelo kids slim havaianas princess i (3173 laranja seringuela 25/26);28,79;12;0;0;0
01064927;7909989941119;chinelo kids slim havaianas princess i (3173 laranja seringuela 27/28);28,79;12;0;0;0
01064929;7909989941126;chinelo kids slim havaianas princess i (3173 laranja seringuela 29/30);28,79;12;0;0;0
01064931;7909989941133;chinelo kids slim havaianas princess i (3173 laranja seringuela 31/32);28,79;12;0;0;0
01064933;7909989941140;chinelo kids slim havaianas princess i (3173 laranja seringuela 33/34);28,79;12;0;0;0
01064935;7909989941157;chinelo kids slim havaianas princess i (3173 laranja seringuela 35/36);28,79;12;0;0;0
01065023;7909989941232;chinelo kids slim havaianas princess i (8442 roxo/roxo 23/24);28,79;12;0;0;0
01065025;7909989941249;chinelo kids slim havaianas princess i (8442 roxo/roxo 25/26);28,79;12;0;0;0
01065027;7909989941256;chinelo kids slim havaianas princess i (8442 roxo/roxo 27/28);28,79;12;0;0;0
01065029;7909989941263;chinelo kids slim havaianas princess i (8442 roxo/roxo 29/30);28,79;12;0;0;0
01065031;7909989941270;chinelo kids slim havaianas princess i (8442 roxo/roxo 31/32);28,79;12;0;0;0
01065033;7909989941287;chinelo kids slim havaianas princess i (8442 roxo/roxo 33/34);28,79;12;0;0;0
01065035;7909989941294;chinelo kids slim havaianas princess i (8442 roxo/roxo 35/36);28,79;12;0;0;0
01065123;7890732177520;chinelo infantil dedo havaianas athletic k (0555 marinho k 23/24);18,32;12;0;0;0
01065125;7890732177537;chinelo infantil dedo havaianas athletic k (0555 marinho k 25/26);18,32;12;0;0;0
01065127;7890732177544;chinelo infantil dedo havaianas athletic k (0555 marinho k 27/28);18,32;12;0;0;0
01065129;7890732177551;chinelo infantil dedo havaianas athletic k (0555 marinho k 29/30);18,32;12;0;0;0
01065131;7890732177568;chinelo infantil dedo havaianas athletic k (0555 marinho k 31/32);18,32;12;0;0;0
01065133;7890732177575;chinelo infantil dedo havaianas athletic k (0555 marinho k 33/34);18,32;12;0;0;0
01065135;7890732177582;chinelo infantil dedo havaianas athletic k (0555 marinho k 35/36);18,32;12;0;0;0
01065223;7909989986158;chinelo infantil dedo havaianas athletic k (2703 verde patria k 23/24);18,32;12;0;0;0
01065225;7909989986165;chinelo infantil dedo havaianas athletic k (2703 verde patria k 25/26);18,32;12;0;0;0
01065227;7909989986172;chinelo infantil dedo havaianas athletic k (2703 verde patria k 27/28);18,32;12;0;0;0
01065229;7909989986189;chinelo infantil dedo havaianas athletic k (2703 verde patria k 29/30);18,32;12;0;0;0
01065231;7909989986196;chinelo infantil dedo havaianas athletic k (2703 verde patria k 31/32);18,32;12;0;0;0
01065233;7909989986202;chinelo infantil dedo havaianas athletic k (2703 verde patria k 33/34);18,32;12;0;0;0
01065235;7909989986219;chinelo infantil dedo havaianas athletic k (2703 verde patria k 35/36);18,32;12;0;0;0
01065333;;chinelo feminino slim havaianas nautical i (3276 marinho/rose gold me 33/34);31,40;12;0;0;0
01065335;7909989867273;chinelo feminino slim havaianas nautical i (3276 marinho/rose gold me 35/36);31,40;12;0;0;0
01065337;7909989869802;chinelo feminino slim havaianas nautical i (3276 marinho/rose gold me 37/38);31,40;12;0;0;0
01065339;7909989869857;chinelo feminino slim havaianas nautical i (3276 marinho/rose gold me 39/40);31,40;12;0;0;0
01065341;7909989869864;chinelo feminino slim havaianas nautical i (3276 marinho/rose gold me 41/42);31,40;12;0;0;0
01065433;;chinelo feminino slim havaianas top fashion i (9256 buttercream 33/34);34,02;12;0;0;0
01065435;7909989904220;chinelo feminino slim havaianas top fashion i (9256 buttercream 35/36);34,02;12;0;0;0
01065437;7909989904237;chinelo feminino slim havaianas top fashion i (9256 buttercream 37/38);34,02;12;0;0;0
01065439;7909989904244;chinelo feminino slim havaianas top fashion i (9256 buttercream 39/40);34,02;12;0;0;0
01065441;7909989904251;chinelo feminino slim havaianas top fashion i (9256 buttercream 41/42);34,02;12;0;0;0
01065533;;chinelo dedo unissex havaianas simpisons iii (5559 amarelo caja 33/34);36,64;12;0;0;0
01065535;7909989992739;chinelo dedo unissex havaianas simpisons iii (5559 amarelo caja 35/36);36,64;12;0;0;0
01065537;7909989992746;chinelo dedo unissex havaianas simpisons iii (5559 amarelo caja 37/38);36,64;12;0;0;0
01065539;7909989992753;chinelo dedo unissex havaianas simpisons iii (5559 amarelo caja 39/40);36,64;12;0;0;0
01065541;7909989992760;chinelo dedo unissex havaianas simpisons iii (5559 amarelo caja 41/42);36,64;12;0;0;0
01065543;7909989992777;chinelo dedo unissex havaianas simpisons iii (5559 amarelo caja 43/44);36,64;12;0;0;0
01065545;;chinelo dedo unissex havaianas simpisons iii (5559 amarelo caja 45/46);36,64;12;0;0;0
01065547;;chinelo dedo unissex havaianas simpisons iii (5559 amarelo caja 47/48);36,64;12;0;0;0
01065623;7909989994337;chinelo infantil dedo havaianas minecraft i (3498 cinza gelo 23/24);24,84;12;0;0;0
01065625;7909989994344;chinelo infantil dedo havaianas minecraft i (3498 cinza gelo 25/26);24,84;12;0;0;0
01065627;7909989994351;chinelo infantil dedo havaianas minecraft i (3498 cinza gelo 27/28);24,84;12;0;0;0
01065629;7909989994368;chinelo infantil dedo havaianas minecraft i (3498 cinza gelo 29/30);24,84;12;0;0;0
01065631;7909989994375;chinelo infantil dedo havaianas minecraft i (3498 cinza gelo 31/32);24,84;12;0;0;0
01065633;;chinelo infantil dedo havaianas minecraft i (3498 cinza gelo 33/34);24,84;12;0;0;0
01065635;;chinelo infantil dedo havaianas minecraft i (3498 cinza gelo 35/36);24,84;12;0;0;0
01065723;7909989994405;chinelo infantil dedo havaianas minecraft i (3504 azul brilhante m 23/24);24,84;12;0;0;0
01065725;7909989994412;chinelo infantil dedo havaianas minecraft i (3504 azul brilhante m 25/26);24,84;12;0;0;0
01065727;7909989994429;chinelo infantil dedo havaianas minecraft i (3504 azul brilhante m 27/28);24,84;12;0;0;0
01065729;7909989994436;chinelo infantil dedo havaianas minecraft i (3504 azul brilhante m 29/30);24,84;12;0;0;0
01065731;7909989994443;chinelo infantil dedo havaianas minecraft i (3504 azul brilhante m 31/32);24,84;12;0;0;0
01065733;;chinelo infantil dedo havaianas minecraft i (3504 azul brilhante m 33/34);24,84;12;0;0;0
01065735;;chinelo infantil dedo havaianas minecraft i (3504 azul brilhante m 35/36);24,84;12;0;0;0
01065833;;chinelo masculino dedo havaianas top naruto i (0121 bege palha 33/34);39,25;12;0;0;0
01065835;7909989995945;chinelo masculino dedo havaianas top naruto i (0121 bege palha 35/36);39,25;12;0;0;0
01065837;7909989995952;chinelo masculino dedo havaianas top naruto i (0121 bege palha 37/38);39,25;12;0;0;0
01065839;7909989995969;chinelo masculino dedo havaianas top naruto i (0121 bege palha 39/40);39,25;12;0;0;0
01065841;7909989995976;chinelo masculino dedo havaianas top naruto i (0121 bege palha 41/42);39,25;12;0;0;0
01065843;;chinelo masculino dedo havaianas top naruto i (0121 bege palha 43/44);39,25;12;0;0;0
01065845;;chinelo masculino dedo havaianas top naruto i (0121 bege palha 45/46);39,25;12;0;0;0
01065847;;chinelo masculino dedo havaianas top naruto i (0121 bege palha 47/48);39,25;12;0;0;0
01065933;;chinelo masculino dedo havaianas top warner classi (6516 bege/bege 33/34);36,63;12;0;0;0
01065935;7909989980279;chinelo masculino dedo havaianas top warner classi (6516 bege/bege 35/36);36,63;12;0;0;0
01065937;7909989980286;chinelo masculino dedo havaianas top warner classi (6516 bege/bege 37/38);36,63;12;0;0;0
01065939;7909989980293;chinelo masculino dedo havaianas top warner classi (6516 bege/bege 39/40);36,63;12;0;0;0
01065941;7909989980309;chinelo masculino dedo havaianas top warner classi (6516 bege/bege 41/42);36,63;12;0;0;0
01065943;7909989980316;chinelo masculino dedo havaianas top warner classi (6516 bege/bege 43/44);36,63;12;0;0;0
01065945;;chinelo masculino dedo havaianas top warner classi (6516 bege/bege 45/46);36,63;12;0;0;0
01065947;;chinelo masculino dedo havaianas top warner classi (6516 bege/bege 47/48);36,63;12;0;0;0
01066033;;chinelo feminino slim havaianas classy essence (121 bege palha 33/34);28,79;12;0;0;0
01066035;7909989878217;chinelo feminino slim havaianas classy essence (121 bege palha 35/36);28,79;12;0;0;0
01066037;7909989878224;chinelo feminino slim havaianas classy essence (121 bege palha 37/38);28,79;12;0;0;0
01066039;7909989878231;chinelo feminino slim havaianas classy essence (121 bege palha 39/40);28,79;12;0;0;0
01066041;7909989878248;chinelo feminino slim havaianas classy essence (121 bege palha 41/42);28,79;12;0;0;0
01066135;7900350608723;papete slide modare 7208.101 micr perf suprem (100196 avela ipe 35);61,02;12;0;0;0
01066136;7900350608730;papete slide modare 7208.101 micr perf suprem (100196 avela ipe 36);61,02;12;0;0;0
01066137;7900350608754;papete slide modare 7208.101 micr perf suprem (100196 avela ipe 37);61,02;12;0;0;0
01066138;7900350608778;papete slide modare 7208.101 micr perf suprem (100196 avela ipe 38);61,02;12;0;0;0
01066233;;papete slide modare 7208.101 nobuck (83517 creme a1 33);61,54;12;0;0;0
01066234;7900245505090;papete slide modare 7208.101 nobuck (83517 creme a1 34);61,54;12;0;0;0
01066235;7900245505106;papete slide modare 7208.101 nobuck (83517 creme a1 35);61,54;12;0;0;0
01066236;7900245505113;papete slide modare 7208.101 nobuck (83517 creme a1 36);61,54;12;0;0;0
01066237;7900245505137;papete slide modare 7208.101 nobuck (83517 creme a1 37);61,54;12;0;0;0
01066238;7900245505151;papete slide modare 7208.101 nobuck (83517 creme a1 38);61,54;12;0;0;0
01066239;7900245505168;papete slide modare 7208.101 nobuck (83517 creme a1 39);61,54;12;0;0;0
01066240;7900245505175;papete slide modare 7208.101 nobuck (83517 creme a1 40);61,54;12;0;0;0
01066333;;sandalia papete feminino modare 7200.113 london (106596 caramelo 33);84,17;12;0;0;0
01066334;7900466269252;sandalia papete feminino modare 7200.113 london (106596 caramelo 34);84,17;12;0;0;0
01066335;7900466269269;sandalia papete feminino modare 7200.113 london (106596 caramelo 35);84,17;12;0;0;0
01066336;7900466269276;sandalia papete feminino modare 7200.113 london (106596 caramelo 36);84,17;12;0;0;0
01066337;7900466269290;sandalia papete feminino modare 7200.113 london (106596 caramelo 37);84,17;12;0;0;0
01066338;7900466269313;sandalia papete feminino modare 7200.113 london (106596 caramelo 38);84,17;12;0;0;0
01066339;7900466269320;sandalia papete feminino modare 7200.113 london (106596 caramelo 39);84,17;12;0;0;0
01066340;7900466269337;sandalia papete feminino modare 7200.113 london (106596 caramelo 40);84,17;12;0;0;0
01066433;;sandalia papete feminino modare 7200.113 london (15745 preto a6 33);84,17;12;0;0;0
01066434;7900466382814;sandalia papete feminino modare 7200.113 london (15745 preto a6 34);84,17;12;0;0;0
01066435;7900466382821;sandalia papete feminino modare 7200.113 london (15745 preto a6 35);84,17;12;0;0;0
01066436;7900466382838;sandalia papete feminino modare 7200.113 london (15745 preto a6 36);84,17;12;0;0;0
01066437;7900466382852;sandalia papete feminino modare 7200.113 london (15745 preto a6 37);84,17;12;0;0;0
01066438;7900466382876;sandalia papete feminino modare 7200.113 london (15745 preto a6 38);84,17;12;0;0;0
01066439;7900466382883;sandalia papete feminino modare 7200.113 london (15745 preto a6 39);84,17;12;0;0;0
01066440;7900466382890;sandalia papete feminino modare 7200.113 london (15745 preto a6 40);84,17;12;0;0;0
01066533;;sandalia papete feminino modare 7151.115 np float (106874 avela/moca a 33);69,37;12;0;0;0
01066534;7900350878638;sandalia papete feminino modare 7151.115 np float (106874 avela/moca a 34);69,37;12;0;0;0
01066535;7900350878645;sandalia papete feminino modare 7151.115 np float (106874 avela/moca a 35);69,37;12;0;0;0
01066536;7900350878652;sandalia papete feminino modare 7151.115 np float (106874 avela/moca a 36);69,37;12;0;0;0
01066537;7900350878676;sandalia papete feminino modare 7151.115 np float (106874 avela/moca a 37);69,37;12;0;0;0
01066538;7900350878690;sandalia papete feminino modare 7151.115 np float (106874 avela/moca a 38);69,37;12;0;0;0
01066539;7900350878706;sandalia papete feminino modare 7151.115 np float (106874 avela/moca a 39);69,37;12;0;0;0
01066540;;sandalia papete feminino modare 7151.115 np float (106874 avela/moca a 40);69,37;12;0;0;0
01066633;;sandalia papete feminino modare 7151.115 np float (15758 preto/preto a 33);69,37;12;0;0;0
01066634;;sandalia papete feminino modare 7151.115 np float (15758 preto/preto a 34);69,37;12;0;0;0
01066635;7900466065366;sandalia papete feminino modare 7151.115 np float (15758 preto/preto a 35);69,37;12;0;0;0
01066636;7900466065373;sandalia papete feminino modare 7151.115 np float (15758 preto/preto a 36);69,37;12;0;0;0
01066637;7900466065397;sandalia papete feminino modare 7151.115 np float (15758 preto/preto a 37);69,37;12;0;0;0
01066638;7900466065410;sandalia papete feminino modare 7151.115 np float (15758 preto/preto a 38);69,37;12;0;0;0
01066639;7900466065427;sandalia papete feminino modare 7151.115 np float (15758 preto/preto a 39);69,37;12;0;0;0
01066640;;sandalia papete feminino modare 7151.115 np float (15758 preto/preto a 40);69,37;12;0;0;0
01066733;;chinelo customizado havaianas top liso+3 piercing (cust rose gold 33/34);30,58;12;0;0;0
01066735;;chinelo customizado havaianas top liso+3 piercing (cust rose gold 35/36);30,58;12;0;0;0
01066737;;chinelo customizado havaianas top liso+3 piercing (cust rose gold 37/38);30,58;12;0;0;0
01066739;;chinelo customizado havaianas top liso+3 piercing (cust rose gold 39/40);30,58;12;0;0;0
01066741;;chinelo customizado havaianas top liso+3 piercing (cust rose gold 41/42);30,58;12;0;0;0
01066833;;chinelo customizado havaianas top liso+3 piercing (0001 branco pierce 33/34);30,58;12;0;0;0
01066835;;chinelo customizado havaianas top liso+3 piercing (0001 branco pierce 35/36);30,58;12;0;0;0
01066837;;chinelo customizado havaianas top liso+3 piercing (0001 branco pierce 37/38);30,58;12;0;0;0
01066839;;chinelo customizado havaianas top liso+3 piercing (0001 branco pierce 39/40);30,58;12;0;0;0
01066841;;chinelo customizado havaianas top liso+3 piercing (0001 branco pierce 41/42);30,58;12;0;0;0
01066843;;chinelo customizado havaianas top liso+3 piercing (0001 branco pierce 43/44);30,58;12;0;0;0
01066845;;chinelo customizado havaianas top liso+3 piercing (0001 branco pierce 45/46);30,58;12;0;0;0
01066933;;chinelo customizado havaianas top liso+3 piercing (36457  amarelo pierc 33/34);30,58;12;0;0;0
01066935;;chinelo customizado havaianas top liso+3 piercing (36457  amarelo pierc 35/36);30,58;12;0;0;0
01066937;;chinelo customizado havaianas top liso+3 piercing (36457  amarelo pierc 37/38);30,58;12;0;0;0
01066939;;chinelo customizado havaianas top liso+3 piercing (36457  amarelo pierc 39/40);30,58;12;0;0;0
01066941;;chinelo customizado havaianas top liso+3 piercing (36457  amarelo pierc 41/42);30,58;12;0;0;0
01066943;;chinelo customizado havaianas top liso+3 piercing (36457  amarelo pierc 43/44);30,58;12;0;0;0
01067033;;chinelo customizado havaianas top liso+3 piercing (2711 azul naval pierc 33/34);30,58;12;0;0;0
01067035;;chinelo customizado havaianas top liso+3 piercing (2711 azul naval pierc 35/36);30,58;12;0;0;0
01067037;;chinelo customizado havaianas top liso+3 piercing (2711 azul naval pierc 37/38);30,58;12;0;0;0
01067039;;chinelo customizado havaianas top liso+3 piercing (2711 azul naval pierc 39/40);30,58;12;0;0;0
01067041;;chinelo customizado havaianas top liso+3 piercing (2711 azul naval pierc 41/42);30,58;12;0;0;0
01067043;;chinelo customizado havaianas top liso+3 piercing (2711 azul naval pierc 43/44);30,58;12;0;0;0
01067045;;chinelo customizado havaianas top liso+3 piercing (2711 azul naval pierc 45/46);30,58;12;0;0;0
01067133;;chinelo customizado havaianas top liso+3 piercing (0727 cafe pierc 33/34);30,58;12;0;0;0
01067135;;chinelo customizado havaianas top liso+3 piercing (0727 cafe pierc 35/36);30,58;12;0;0;0
01067137;;chinelo customizado havaianas top liso+3 piercing (0727 cafe pierc 37/38);30,58;12;0;0;0
01067139;;chinelo customizado havaianas top liso+3 piercing (0727 cafe pierc 39/40);30,58;12;0;0;0
01067141;;chinelo customizado havaianas top liso+3 piercing (0727 cafe pierc 41/42);30,58;12;0;0;0
01067233;;chinelo customizado havaianas top liso+3 piercing (9999 preto pierc 33/34);30,58;12;0;0;0
01067235;;chinelo customizado havaianas top liso+3 piercing (9999 preto pierc 35/36);30,58;12;0;0;0
01067237;;chinelo customizado havaianas top liso+3 piercing (9999 preto pierc 37/38);30,58;12;0;0;0
01067239;;chinelo customizado havaianas top liso+3 piercing (9999 preto pierc 39/40);30,58;12;0;0;0
01067241;;chinelo customizado havaianas top liso+3 piercing (9999 preto pierc 41/42);30,58;12;0;0;0
01067243;;chinelo customizado havaianas top liso+3 piercing (9999 preto pierc 43/44);30,58;12;0;0;0
01067245;;chinelo customizado havaianas top liso+3 piercing (9999 preto pierc 45/46);30,58;12;0;0;0
01067333;7901114745227;chinelo dedo havaianas brasil (1288 amarelo pop marinho 33/34);30,17;12;0;0;0
01067335;7901114745234;chinelo dedo havaianas brasil (1288 amarelo pop marinho 35/36);30,17;12;0;0;0
01067337;7901114745241;chinelo dedo havaianas brasil (1288 amarelo pop marinho 37/38);30,17;12;0;0;0
01067339;7901114745258;chinelo dedo havaianas brasil (1288 amarelo pop marinho 39/40);30,17;12;0;0;0
01067341;7901114745265;chinelo dedo havaianas brasil (1288 amarelo pop marinho 41/42);30,17;12;0;0;0
01067343;7901114745272;chinelo dedo havaianas brasil (1288 amarelo pop marinho 43/44);30,17;12;0;0;0
01067345;7901114745289;chinelo dedo havaianas brasil (1288 amarelo pop marinho 45/46);30,17;12;0;0;0
01067347;;chinelo dedo havaianas brasil (1288 amarelo pop marinho 47/48);30,17;12;0;0;0
01067433;7900466287683;tamanco slide modare 7142.147 liora (108811 dourado 33);69,37;12;0;0;0
01067434;7900466287690;tamanco slide modare 7142.147 liora (108811 dourado 34);69,37;12;0;0;0
01067435;7900466287706;tamanco slide modare 7142.147 liora (108811 dourado 35);69,37;12;0;0;0
01067436;7900466287713;tamanco slide modare 7142.147 liora (108811 dourado 36);69,37;12;0;0;0
01067437;7900466287737;tamanco slide modare 7142.147 liora (108811 dourado 37);69,37;12;0;0;0
01067438;7900466287751;tamanco slide modare 7142.147 liora (108811 dourado 38);69,37;12;0;0;0
01067439;7900466287768;tamanco slide modare 7142.147 liora (108811 dourado 39);69,37;12;0;0;0
01067440;7900466287775;tamanco slide modare 7142.147 liora (108811 dourado 40);69,37;12;0;0;0
01067533;7900466383002;tamanco slide modare 7142.147 liora (110151 avela grafite 33);69,37;12;0;0;0
01067534;7900466383019;tamanco slide modare 7142.147 liora (110151 avela grafite 34);69,37;12;0;0;0
01067535;7900466383026;tamanco slide modare 7142.147 liora (110151 avela grafite 35);69,37;12;0;0;0
01067536;7900466383033;tamanco slide modare 7142.147 liora (110151 avela grafite 36);69,37;12;0;0;0
01067537;7900466383057;tamanco slide modare 7142.147 liora (110151 avela grafite 37);69,37;12;0;0;0
01067538;7900466383071;tamanco slide modare 7142.147 liora (110151 avela grafite 38);69,37;12;0;0;0
01067539;7900466383088;tamanco slide modare 7142.147 liora (110151 avela grafite 39);69,37;12;0;0;0
01067540;7900466383095;tamanco slide modare 7142.147 liora (110151 avela grafite 40);69,37;12;0;0;0
01067623;;babuche molekinha 2591.316 eva (84109 creme/dourado 23/24);59,85;12;0;0;0
01067625;7900466048178;babuche molekinha 2591.316 eva (84109 creme/dourado 25/26);59,85;12;0;0;0
01067627;7900466048185;babuche molekinha 2591.316 eva (84109 creme/dourado 27/28);59,85;12;0;0;0
01067629;7900466048192;babuche molekinha 2591.316 eva (84109 creme/dourado 29/30);59,85;12;0;0;0
01067631;7900466048208;babuche molekinha 2591.316 eva (84109 creme/dourado 31/32);59,85;12;0;0;0
01067633;7900466048215;babuche molekinha 2591.316 eva (84109 creme/dourado 33/34);59,85;12;0;0;0
01067635;7900466048222;babuche molekinha 2591.316 eva (84109 creme/dourado 35/36);59,85;12;0;0;0
01067723;;babuche molekinha 2591.116 eva (2591.116 preto eva 23/24);49,70;12;0;0;0
01067725;7900466046532;babuche molekinha 2591.116 eva (2591.116 preto eva 25/26);49,70;12;0;0;0
01067727;7900466046549;babuche molekinha 2591.116 eva (2591.116 preto eva 27/28);49,70;12;0;0;0
01067729;7900466046556;babuche molekinha 2591.116 eva (2591.116 preto eva 29/30);49,70;12;0;0;0
01067731;7900466046563;babuche molekinha 2591.116 eva (2591.116 preto eva 31/32);49,70;12;0;0;0
01067733;7900466046570;babuche molekinha 2591.116 eva (2591.116 preto eva 33/34);49,70;12;0;0;0
01067735;7900466046587;babuche molekinha 2591.116 eva (2591.116 preto eva 35/36);49,70;12;0;0;0
01067817;7900407783175;babuche molekinha 2749.300 multicolor (88795 creme/multicolor 17/18);45,04;12;0;0;0
01067819;7900407735198;babuche molekinha 2749.300 multicolor (88795 creme/multicolor 19/20);45,04;12;0;0;0
01067821;7900407783182;babuche molekinha 2749.300 multicolor (88795 creme/multicolor 21/22);45,04;12;0;0;0
01067823;7900407783199;babuche molekinha 2749.300 multicolor (88795 creme/multicolor 23/24);45,04;12;0;0;0
01067825;;babuche molekinha 2749.300 multicolor (88795 creme/multicolor 25/26);45,04;12;0;0;0
01067917;;babuche molekinha 2749.101 eva (78276 rosa a1 17/18);45,04;12;0;0;0
01067919;7900407824571;babuche molekinha 2749.101 eva (78276 rosa a1 19/20);45,04;12;0;0;0
01067921;7900407824588;babuche molekinha 2749.101 eva (78276 rosa a1 21/22);45,04;12;0;0;0
01067923;7900407824595;babuche molekinha 2749.101 eva (78276 rosa a1 23/24);45,04;12;0;0;0
01067925;;babuche molekinha 2749.101 eva (78276 rosa a1 25/26);45,04;12;0;0;0
01068017;;babuche molekinha 2749.101 eva (83517 creme a2 985 17/18);45,04;12;0;0;0
01068019;7900407829316;babuche molekinha 2749.101 eva (83517 creme a2 985 19/20);45,04;12;0;0;0
01068021;7900407829323;babuche molekinha 2749.101 eva (83517 creme a2 985 21/22);45,04;12;0;0;0
01068023;7900407829330;babuche molekinha 2749.101 eva (83517 creme a2 985 23/24);45,04;12;0;0;0
01068025;;babuche molekinha 2749.101 eva (83517 creme a2 985 25/26);45,04;12;0;0;0
01068137;7900377183456;chinelo dedo nuvem rider 12646 flex (cc384 azul/branco 37/38);51,45;12;0;0;0
01068139;7900377183463;chinelo dedo nuvem rider 12646 flex (cc384 azul/branco 39);51,45;12;0;0;0
01068140;7900377183470;chinelo dedo nuvem rider 12646 flex (cc384 azul/branco 40);51,45;12;0;0;0
01068141;7900377183487;chinelo dedo nuvem rider 12646 flex (cc384 azul/branco 41);51,45;12;0;0;0
01068142;7900377183494;chinelo dedo nuvem rider 12646 flex (cc384 azul/branco 42);51,45;12;0;0;0
01068143;7900377183500;chinelo dedo nuvem rider 12646 flex (cc384 azul/branco 43/44);51,45;12;0;0;0
01068145;;chinelo dedo nuvem rider 12646 flex (cc384 azul/branco 45);51,45;12;0;0;0
01068237;7900377183517;chinelo dedo nuvem rider 12646 flex (cc386 preto/cinza 37/38);51,45;12;0;0;0
01068239;7900377183524;chinelo dedo nuvem rider 12646 flex (cc386 preto/cinza 39);51,45;12;0;0;0
01068240;7900377183531;chinelo dedo nuvem rider 12646 flex (cc386 preto/cinza 40);51,45;12;0;0;0
01068241;7900377183548;chinelo dedo nuvem rider 12646 flex (cc386 preto/cinza 41);51,45;12;0;0;0
01068242;7900377183555;chinelo dedo nuvem rider 12646 flex (cc386 preto/cinza 42);51,45;12;0;0;0
01068243;7900377183562;chinelo dedo nuvem rider 12646 flex (cc386 preto/cinza 43/44);51,45;12;0;0;0
01068245;;chinelo dedo nuvem rider 12646 flex (cc386 preto/cinza 45);51,45;12;0;0;0
01068327;7900407505081;sapatenis kids casual molekinho 2861.121 rustico n (ziper branco off/marinho 27);73,08;12;0;0;0
01068328;7900407505098;sapatenis kids casual molekinho 2861.121 rustico n (ziper branco off/marinho 28);73,08;12;0;0;0
01068329;7900407505104;sapatenis kids casual molekinho 2861.121 rustico n (ziper branco off/marinho 29);73,08;12;0;0;0
01068330;7900407505111;sapatenis kids casual molekinho 2861.121 rustico n (ziper branco off/marinho 30);73,08;12;0;0;0
01068331;7900407505128;sapatenis kids casual molekinho 2861.121 rustico n (ziper branco off/marinho 31);73,08;12;0;0;0
01068332;7900407505135;sapatenis kids casual molekinho 2861.121 rustico n (ziper branco off/marinho 32);73,08;12;0;0;0
01068333;7900407505142;sapatenis kids casual molekinho 2861.121 rustico n (ziper branco off/marinho 33);73,08;12;0;0;0
01068334;7900407505159;sapatenis kids casual molekinho 2861.121 rustico n (ziper branco off/marinho 34);73,08;12;0;0;0
01068335;7900407505166;sapatenis kids casual molekinho 2861.121 rustico n (ziper branco off/marinho 35);73,08;12;0;0;0
01068336;7900407505173;sapatenis kids casual molekinho 2861.121 rustico n (ziper branco off/marinho 36);73,08;12;0;0;0
01068427;7900466074689;sapatenis kids casual molekinho 2861.122 soft conf (43122 branco/marinho 27);73,08;12;0;0;0
01068428;7900466074696;sapatenis kids casual molekinho 2861.122 soft conf (43122 branco/marinho 28);73,08;12;0;0;0
01068429;7900466074702;sapatenis kids casual molekinho 2861.122 soft conf (43122 branco/marinho 29);73,08;12;0;0;0
01068430;7900466074719;sapatenis kids casual molekinho 2861.122 soft conf (43122 branco/marinho 30);73,08;12;0;0;0
01068431;7900466074726;sapatenis kids casual molekinho 2861.122 soft conf (43122 branco/marinho 31);73,08;12;0;0;0
01068432;7900466074733;sapatenis kids casual molekinho 2861.122 soft conf (43122 branco/marinho 32);73,08;12;0;0;0
01068433;7900466074740;sapatenis kids casual molekinho 2861.122 soft conf (43122 branco/marinho 33);73,08;12;0;0;0
01068434;7900466074757;sapatenis kids casual molekinho 2861.122 soft conf (43122 branco/marinho 34);73,08;12;0;0;0
01068435;7900466074764;sapatenis kids casual molekinho 2861.122 soft conf (43122 branco/marinho 35);73,08;12;0;0;0
01068436;7900466074771;sapatenis kids casual molekinho 2861.122 soft conf (43122 branco/marinho 36);73,08;12;0;0;0
01068527;7900466119182;sapatenis kids casual molekinho 2861.122 soft conf (16072 branco a1 27);73,08;12;0;0;0
01068528;7900466119199;sapatenis kids casual molekinho 2861.122 soft conf (16072 branco a1 28);73,08;12;0;0;0
01068529;7900466119205;sapatenis kids casual molekinho 2861.122 soft conf (16072 branco a1 29);73,08;12;0;0;0
01068530;7900466119212;sapatenis kids casual molekinho 2861.122 soft conf (16072 branco a1 30);73,08;12;0;0;0
01068531;7900466119229;sapatenis kids casual molekinho 2861.122 soft conf (16072 branco a1 31);73,08;12;0;0;0
01068532;7900466119236;sapatenis kids casual molekinho 2861.122 soft conf (16072 branco a1 32);73,08;12;0;0;0
01068533;7900466119243;sapatenis kids casual molekinho 2861.122 soft conf (16072 branco a1 33);73,08;12;0;0;0
01068534;7900466119250;sapatenis kids casual molekinho 2861.122 soft conf (16072 branco a1 34);73,08;12;0;0;0
01068535;7900466119267;sapatenis kids casual molekinho 2861.122 soft conf (16072 branco a1 35);73,08;12;0;0;0
01068536;7900466119274;sapatenis kids casual molekinho 2861.122 soft conf (16072 branco a1 36);73,08;12;0;0;0
01068633;;chinelo customizado havaianas top liso+3 pierc ce (preto pierc cerveja 33/34);30,58;12;0;0;0
01068635;;chinelo customizado havaianas top liso+3 pierc ce (preto pierc cerveja 35/36);30,58;12;0;0;0
01068637;;chinelo customizado havaianas top liso+3 pierc ce (preto pierc cerveja 37/38);30,58;12;0;0;0
01068639;;chinelo customizado havaianas top liso+3 pierc ce (preto pierc cerveja 39/40);30,58;12;0;0;0
01068641;;chinelo customizado havaianas top liso+3 pierc ce (preto pierc cerveja 41/42);30,58;12;0;0;0
01068643;;chinelo customizado havaianas top liso+3 pierc ce (preto pierc cerveja 43/44);30,58;12;0;0;0
01068645;;chinelo customizado havaianas top liso+3 pierc ce (preto pierc cerveja 45/46);30,58;12;0;0;0
01068726;7900466504162;sapatilha molekinha 2083.1149 italia (66 dourado a1 26);54,28;12;0;0;0
01068727;7900466504179;sapatilha molekinha 2083.1149 italia (66 dourado a1 27);54,28;12;0;0;0
01068728;7900466504186;sapatilha molekinha 2083.1149 italia (66 dourado a1 28);54,28;12;0;0;0
01068729;7900466504193;sapatilha molekinha 2083.1149 italia (66 dourado a1 29);54,28;12;0;0;0
01068730;7900466504209;sapatilha molekinha 2083.1149 italia (66 dourado a1 30);54,28;12;0;0;0
01068731;7900466504216;sapatilha molekinha 2083.1149 italia (66 dourado a1 31);54,28;12;0;0;0
01068732;7900466504223;sapatilha molekinha 2083.1149 italia (66 dourado a1 32);54,28;12;0;0;0
01068733;7900466504230;sapatilha molekinha 2083.1149 italia (66 dourado a1 33);54,28;12;0;0;0
01068734;7900466504247;sapatilha molekinha 2083.1149 italia (66 dourado a1 34);54,28;12;0;0;0
01068735;;sapatilha molekinha 2083.1149 italia (66 dourado a1 35);54,28;12;0;0;0
01068736;;sapatilha molekinha 2083.1149 italia (66 dourado a1 36);54,28;12;0;0;0
01068826;7900407404308;sapatilha molekinha 2083.1148 premium (15745 preto a7 26);59,08;12;0;0;0
01068827;7900407404315;sapatilha molekinha 2083.1148 premium (15745 preto a7 27);59,08;12;0;0;0
01068828;7900407404322;sapatilha molekinha 2083.1148 premium (15745 preto a7 28);59,08;12;0;0;0
01068829;7900407404339;sapatilha molekinha 2083.1148 premium (15745 preto a7 29);59,08;12;0;0;0
01068830;7900407404346;sapatilha molekinha 2083.1148 premium (15745 preto a7 30);59,08;12;0;0;0
01068831;7900407404353;sapatilha molekinha 2083.1148 premium (15745 preto a7 31);59,08;12;0;0;0
01068832;7900407404360;sapatilha molekinha 2083.1148 premium (15745 preto a7 32);59,08;12;0;0;0
01068833;7900407404377;sapatilha molekinha 2083.1148 premium (15745 preto a7 33);59,08;12;0;0;0
01068834;7900407404384;sapatilha molekinha 2083.1148 premium (15745 preto a7 34);59,08;12;0;0;0
01068835;;sapatilha molekinha 2083.1148 premium (15745 preto a7 35);59,08;12;0;0;0
01068836;;sapatilha molekinha 2083.1148 premium (15745 preto a7 36);59,08;12;0;0;0
01068923;;babuche molekinho 2874.208 eva (110341 preto/amarelo/pret 23/24);54,28;12;0;0;0
01068925;;babuche molekinho 2874.208 eva (110341 preto/amarelo/pret 25/26);54,28;12;0;0;0
01068927;7900407775897;babuche molekinho 2874.208 eva (110341 preto/amarelo/pret 27/28);54,28;12;0;0;0
01068929;7900407775903;babuche molekinho 2874.208 eva (110341 preto/amarelo/pret 29/30);54,28;12;0;0;0
01068931;7900407775910;babuche molekinho 2874.208 eva (110341 preto/amarelo/pret 31/32);54,28;12;0;0;0
01068933;7900407775927;babuche molekinho 2874.208 eva (110341 preto/amarelo/pret 33/34);54,28;12;0;0;0
01068935;7900407775934;babuche molekinho 2874.208 eva (110341 preto/amarelo/pret 35/36);54,28;12;0;0;0
01069027;7900466350271;tenis infantil casual molekinho 2847.119 michigan (111778 cafe/areia 27);78,29;12;0;0;0
01069028;7900466350288;tenis infantil casual molekinho 2847.119 michigan (111778 cafe/areia 28);78,29;12;0;0;0
01069029;7900466350295;tenis infantil casual molekinho 2847.119 michigan (111778 cafe/areia 29);78,29;12;0;0;0
01069030;7900466350301;tenis infantil casual molekinho 2847.119 michigan (111778 cafe/areia 30);78,29;12;0;0;0
01069031;7900466350318;tenis infantil casual molekinho 2847.119 michigan (111778 cafe/areia 31);78,29;12;0;0;0
01069032;7900466350325;tenis infantil casual molekinho 2847.119 michigan (111778 cafe/areia 32);78,29;12;0;0;0
01069033;7900466350332;tenis infantil casual molekinho 2847.119 michigan (111778 cafe/areia 33);78,29;12;0;0;0
01069034;7900466350349;tenis infantil casual molekinho 2847.119 michigan (111778 cafe/areia 34);78,29;12;0;0;0
01069035;7900466350356;tenis infantil casual molekinho 2847.119 michigan (111778 cafe/areia 35);78,29;12;0;0;0
01069036;7900466350363;tenis infantil casual molekinho 2847.119 michigan (111778 cafe/areia 36);78,29;12;0;0;0
01069127;7900466306292;tenis infantil casual molekinho 2847.119 michigan (111777 marinho/cinza/cara 27);78,29;12;0;0;0
01069128;7900466306308;tenis infantil casual molekinho 2847.119 michigan (111777 marinho/cinza/cara 28);78,29;12;0;0;0
01069129;7900466306315;tenis infantil casual molekinho 2847.119 michigan (111777 marinho/cinza/cara 29);78,29;12;0;0;0
01069130;7900466306322;tenis infantil casual molekinho 2847.119 michigan (111777 marinho/cinza/cara 30);78,29;12;0;0;0
01069131;7900466306339;tenis infantil casual molekinho 2847.119 michigan (111777 marinho/cinza/cara 31);78,29;12;0;0;0
01069132;7900466306346;tenis infantil casual molekinho 2847.119 michigan (111777 marinho/cinza/cara 32);78,29;12;0;0;0
01069133;7900466306353;tenis infantil casual molekinho 2847.119 michigan (111777 marinho/cinza/cara 33);78,29;12;0;0;0
01069134;7900466306360;tenis infantil casual molekinho 2847.119 michigan (111777 marinho/cinza/cara 34);78,29;12;0;0;0
01069135;7900466306377;tenis infantil casual molekinho 2847.119 michigan (111777 marinho/cinza/cara 35);78,29;12;0;0;0
01069136;7900466306384;tenis infantil casual molekinho 2847.119 michigan (111777 marinho/cinza/cara 36);78,29;12;0;0;0
01069233;;papete slide modare 7208.113 suprema (100196 avela fiv 33);69,37;12;0;0;0
01069234;7900466382616;papete slide modare 7208.113 suprema (100196 avela fiv 34);69,37;12;0;0;0
01069235;7900466382623;papete slide modare 7208.113 suprema (100196 avela fiv 35);69,37;12;0;0;0
01069236;7900466382630;papete slide modare 7208.113 suprema (100196 avela fiv 36);69,37;12;0;0;0
01069237;7900466382654;papete slide modare 7208.113 suprema (100196 avela fiv 37);69,37;12;0;0;0
01069238;7900466382678;papete slide modare 7208.113 suprema (100196 avela fiv 38);69,37;12;0;0;0
01069239;7900466382685;papete slide modare 7208.113 suprema (100196 avela fiv 39);69,37;12;0;0;0
01069240;7900466382692;papete slide modare 7208.113 suprema (100196 avela fiv 40);69,37;12;0;0;0
01069333;;papete slide modare 7208.113 suprema (15745 preto fiv 33);69,37;12;0;0;0
01069334;7900466382517;papete slide modare 7208.113 suprema (15745 preto fiv 34);69,37;12;0;0;0
01069335;7900466382524;papete slide modare 7208.113 suprema (15745 preto fiv 35);69,37;12;0;0;0
01069336;7900466382531;papete slide modare 7208.113 suprema (15745 preto fiv 36);69,37;12;0;0;0
01069337;7900466382555;papete slide modare 7208.113 suprema (15745 preto fiv 37);69,37;12;0;0;0
01069338;7900466382579;papete slide modare 7208.113 suprema (15745 preto fiv 38);69,37;12;0;0;0
01069339;7900466382586;papete slide modare 7208.113 suprema (15745 preto fiv 39);69,37;12;0;0;0
01069340;7900466382593;papete slide modare 7208.113 suprema (15745 preto fiv 40);69,37;12;0;0;0
01069434;7900466296555;rasteira slide vizzano 6553.101 croco (111833 mostarda/ouro clar 34);49,70;12;0;0;0
01069435;7900466296562;rasteira slide vizzano 6553.101 croco (111833 mostarda/ouro clar 35);49,70;12;0;0;0
01069436;7900466296579;rasteira slide vizzano 6553.101 croco (111833 mostarda/ouro clar 36);49,70;12;0;0;0
01069437;7900466296593;rasteira slide vizzano 6553.101 croco (111833 mostarda/ouro clar 37);49,70;12;0;0;0
01069438;7900466296616;rasteira slide vizzano 6553.101 croco (111833 mostarda/ouro clar 38);49,70;12;0;0;0
01069439;7900466296623;rasteira slide vizzano 6553.101 croco (111833 mostarda/ouro clar 39);49,70;12;0;0;0
01069440;7900466296630;rasteira slide vizzano 6553.101 croco (111833 mostarda/ouro clar 40);49,70;12;0;0;0
01069534;7900466428475;rasteira slide vizzano 6553.101 croco (111834 preto/ouro claro 34);49,70;12;0;0;0
01069535;7900466428482;rasteira slide vizzano 6553.101 croco (111834 preto/ouro claro 35);49,70;12;0;0;0
01069536;7900466428499;rasteira slide vizzano 6553.101 croco (111834 preto/ouro claro 36);49,70;12;0;0;0
01069537;7900466428512;rasteira slide vizzano 6553.101 croco (111834 preto/ouro claro 37);49,70;12;0;0;0
01069538;7900466428536;rasteira slide vizzano 6553.101 croco (111834 preto/ouro claro 38);49,70;12;0;0;0
01069539;7900466428543;rasteira slide vizzano 6553.101 croco (111834 preto/ouro claro 39);49,70;12;0;0;0
01069540;7900466428550;rasteira slide vizzano 6553.101 croco (111834 preto/ouro claro 40);49,70;12;0;0;0
01069634;;papete slide vizzano 6510.135 nova york (103627 bege/golden/camel 34);80,81;12;0;0;0
01069635;7900466360966;papete slide vizzano 6510.135 nova york (103627 bege/golden/camel 35);80,81;12;0;0;0
01069636;7900466360973;papete slide vizzano 6510.135 nova york (103627 bege/golden/camel 36);80,81;12;0;0;0
01069637;7900466360997;papete slide vizzano 6510.135 nova york (103627 bege/golden/camel 37);80,81;12;0;0;0
01069638;7900466361017;papete slide vizzano 6510.135 nova york (103627 bege/golden/camel 38);80,81;12;0;0;0
01069639;7900466361024;papete slide vizzano 6510.135 nova york (103627 bege/golden/camel 39);80,81;12;0;0;0
01069640;7900466361031;papete slide vizzano 6510.135 nova york (103627 bege/golden/camel 40);80,81;12;0;0;0
01069734;;papete slide vizzano 6510.102 pelica i (101321 chocolate a2 34);76,15;12;0;0;0
01069735;7900466334684;papete slide vizzano 6510.102 pelica i (101321 chocolate a2 35);76,15;12;0;0;0
01069736;7900466392899;papete slide vizzano 6510.102 pelica i (101321 chocolate a2 36);76,15;12;0;0;0
01069737;7900466392912;papete slide vizzano 6510.102 pelica i (101321 chocolate a2 37);76,15;12;0;0;0
01069738;7900466392936;papete slide vizzano 6510.102 pelica i (101321 chocolate a2 38);76,15;12;0;0;0
01069739;7900466392943;papete slide vizzano 6510.102 pelica i (101321 chocolate a2 39);76,15;12;0;0;0
01069740;7900466392950;papete slide vizzano 6510.102 pelica i (101321 chocolate a2 40);76,15;12;0;0;0
01069834;7900466142203;papete slide beira rio 8488.145 t/pronta (110702 preto/cristal/pret 34);67,92;12;0;0;0
01069835;7900466142210;papete slide beira rio 8488.145 t/pronta (110702 preto/cristal/pret 35);67,92;12;0;0;0
01069836;7900466142227;papete slide beira rio 8488.145 t/pronta (110702 preto/cristal/pret 36);67,92;12;0;0;0
01069837;7900466142241;papete slide beira rio 8488.145 t/pronta (110702 preto/cristal/pret 37);67,92;12;0;0;0
01069838;7900466142265;papete slide beira rio 8488.145 t/pronta (110702 preto/cristal/pret 38);67,92;12;0;0;0
01069839;7900466142272;papete slide beira rio 8488.145 t/pronta (110702 preto/cristal/pret 39);67,92;12;0;0;0
01069840;7900466142289;papete slide beira rio 8488.145 t/pronta (110702 preto/cristal/pret 40);67,92;12;0;0;0
01069841;7900466142296;papete slide beira rio 8488.145 t/pronta (110702 preto/cristal/pret 41);67,92;12;0;0;0
01069842;7900466142302;papete slide beira rio 8488.145 t/pronta (110702 preto/cristal/pret 42);67,92;12;0;0;0
01069934;7900466142678;papete slide beira rio 8488.143 strech (110540 chocolate/bege 34);58,60;12;0;0;0
01069935;7900466142685;papete slide beira rio 8488.143 strech (110540 chocolate/bege 35);58,60;12;0;0;0
01069936;7900466142692;papete slide beira rio 8488.143 strech (110540 chocolate/bege 36);58,60;12;0;0;0
01069937;7900466142715;papete slide beira rio 8488.143 strech (110540 chocolate/bege 37);58,60;12;0;0;0
01069938;7900466142739;papete slide beira rio 8488.143 strech (110540 chocolate/bege 38);58,60;12;0;0;0
01069939;7900466142746;papete slide beira rio 8488.143 strech (110540 chocolate/bege 39);58,60;12;0;0;0
01069940;7900466142753;papete slide beira rio 8488.143 strech (110540 chocolate/bege 40);58,60;12;0;0;0
01069941;7900466142760;papete slide beira rio 8488.143 strech (110540 chocolate/bege 41);58,60;12;0;0;0
01069942;7900466142777;papete slide beira rio 8488.143 strech (110540 chocolate/bege 42);58,60;12;0;0;0
01070034;7900466070513;papete slide beira rio 8488.143 strech (103694 bege/bege 34);58,60;12;0;0;0
01070035;7900466070520;papete slide beira rio 8488.143 strech (103694 bege/bege 35);58,60;12;0;0;0
01070036;7900466070537;papete slide beira rio 8488.143 strech (103694 bege/bege 36);58,60;12;0;0;0
01070037;7900466070551;papete slide beira rio 8488.143 strech (103694 bege/bege 37);58,60;12;0;0;0
01070038;7900466070575;papete slide beira rio 8488.143 strech (103694 bege/bege 38);58,60;12;0;0;0
01070039;7900466070582;papete slide beira rio 8488.143 strech (103694 bege/bege 39);58,60;12;0;0;0
01070040;7900466070599;papete slide beira rio 8488.143 strech (103694 bege/bege 40);58,60;12;0;0;0
01070041;7900466070605;papete slide beira rio 8488.143 strech (103694 bege/bege 41);58,60;12;0;0;0
01070042;7900466070612;papete slide beira rio 8488.143 strech (103694 bege/bege 42);58,60;12;0;0;0
01070134;7900466070643;sandalia papete feminino beira rio 8488.144 xangai (103698 preto/preto 34);67,92;12;0;0;0
01070135;7900466070650;sandalia papete feminino beira rio 8488.144 xangai (103698 preto/preto 35);67,92;12;0;0;0
01070136;7900466070667;sandalia papete feminino beira rio 8488.144 xangai (103698 preto/preto 36);67,92;12;0;0;0
01070137;7900466070681;sandalia papete feminino beira rio 8488.144 xangai (103698 preto/preto 37);67,92;12;0;0;0
01070138;7900466070704;sandalia papete feminino beira rio 8488.144 xangai (103698 preto/preto 38);67,92;12;0;0;0
01070139;7900466070711;sandalia papete feminino beira rio 8488.144 xangai (103698 preto/preto 39);67,92;12;0;0;0
01070140;7900466070728;sandalia papete feminino beira rio 8488.144 xangai (103698 preto/preto 40);67,92;12;0;0;0
01070141;7900466070735;sandalia papete feminino beira rio 8488.144 xangai (103698 preto/preto 41);67,92;12;0;0;0
01070142;7900466070742;sandalia papete feminino beira rio 8488.144 xangai (103698 preto/preto 42);67,92;12;0;0;0
01070234;7900466230108;sandalia papete feminino beira rio 8488.144 xangai (104341 camel/bege/bege 34);67,92;12;0;0;0
01070235;7900466230115;sandalia papete feminino beira rio 8488.144 xangai (104341 camel/bege/bege 35);67,92;12;0;0;0
01070236;7900466230122;sandalia papete feminino beira rio 8488.144 xangai (104341 camel/bege/bege 36);67,92;12;0;0;0
01070237;7900466230146;sandalia papete feminino beira rio 8488.144 xangai (104341 camel/bege/bege 37);67,92;12;0;0;0
01070238;7900466230160;sandalia papete feminino beira rio 8488.144 xangai (104341 camel/bege/bege 38);67,92;12;0;0;0
01070239;7900466230177;sandalia papete feminino beira rio 8488.144 xangai (104341 camel/bege/bege 39);67,92;12;0;0;0
01070240;7900466230184;sandalia papete feminino beira rio 8488.144 xangai (104341 camel/bege/bege 40);67,92;12;0;0;0
01070241;7900466230191;sandalia papete feminino beira rio 8488.144 xangai (104341 camel/bege/bege 41);67,92;12;0;0;0
01070242;7900466230207;sandalia papete feminino beira rio 8488.144 xangai (104341 camel/bege/bege 42);67,92;12;0;0;0
01070333;7900466448831;papete slide modare 7230.103 trento (101439 cacau a 33);79,31;12;0;0;0
01070334;7900466448848;papete slide modare 7230.103 trento (101439 cacau a 34);79,31;12;0;0;0
01070335;7900466448855;papete slide modare 7230.103 trento (101439 cacau a 35);79,31;12;0;0;0
01070336;7900466448862;papete slide modare 7230.103 trento (101439 cacau a 36);79,31;12;0;0;0
01070337;7900466448886;papete slide modare 7230.103 trento (101439 cacau a 37);79,31;12;0;0;0
01070338;7900466448909;papete slide modare 7230.103 trento (101439 cacau a 38);79,31;12;0;0;0
01070339;7900466448916;papete slide modare 7230.103 trento (101439 cacau a 39);79,31;12;0;0;0
01070340;7900466448923;papete slide modare 7230.103 trento (101439 cacau a 40);79,31;12;0;0;0
01070433;7900466347851;papete slide modare 7230.103 trento (107613 terracota 33);79,31;12;0;0;0
01070434;7900466347868;papete slide modare 7230.103 trento (107613 terracota 34);79,31;12;0;0;0
01070435;7900466347875;papete slide modare 7230.103 trento (107613 terracota 35);79,31;12;0;0;0
01070436;7900466347882;papete slide modare 7230.103 trento (107613 terracota 36);79,31;12;0;0;0
01070437;7900466347905;papete slide modare 7230.103 trento (107613 terracota 37);79,31;12;0;0;0
01070438;7900466347929;papete slide modare 7230.103 trento (107613 terracota 38);79,31;12;0;0;0
01070439;7900466347936;papete slide modare 7230.103 trento (107613 terracota 39);79,31;12;0;0;0
01070440;7900466347943;papete slide modare 7230.103 trento (107613 terracota 40);79,31;12;0;0;0
01070533;;sandalia papete feminino modare 7229.103 trento (101439 cacau a1 33);69,37;12;0;0;0
01070534;7900466298627;sandalia papete feminino modare 7229.103 trento (101439 cacau a1 34);69,37;12;0;0;0
01070535;7900466298634;sandalia papete feminino modare 7229.103 trento (101439 cacau a1 35);69,37;12;0;0;0
01070536;7900466298641;sandalia papete feminino modare 7229.103 trento (101439 cacau a1 36);69,37;12;0;0;0
01070537;7900466298665;sandalia papete feminino modare 7229.103 trento (101439 cacau a1 37);69,37;12;0;0;0
01070538;7900466298689;sandalia papete feminino modare 7229.103 trento (101439 cacau a1 38);69,37;12;0;0;0
01070539;7900466298696;sandalia papete feminino modare 7229.103 trento (101439 cacau a1 39);69,37;12;0;0;0
01070540;7900466298702;sandalia papete feminino modare 7229.103 trento (101439 cacau a1 40);69,37;12;0;0;0
01070633;;sandalia papete feminino modare 7229.103 trento (15745 pretro t 33);69,37;12;0;0;0
01070634;7900466450117;sandalia papete feminino modare 7229.103 trento (15745 pretro t 34);69,37;12;0;0;0
01070635;7900466450124;sandalia papete feminino modare 7229.103 trento (15745 pretro t 35);69,37;12;0;0;0
01070636;7900466450131;sandalia papete feminino modare 7229.103 trento (15745 pretro t 36);69,37;12;0;0;0
01070637;7900466450155;sandalia papete feminino modare 7229.103 trento (15745 pretro t 37);69,37;12;0;0;0
01070638;7900466450179;sandalia papete feminino modare 7229.103 trento (15745 pretro t 38);69,37;12;0;0;0
01070639;7900466450186;sandalia papete feminino modare 7229.103 trento (15745 pretro t 39);69,37;12;0;0;0
01070640;7900466450193;sandalia papete feminino modare 7229.103 trento (15745 pretro t 40);69,37;12;0;0;0
01070723;7909989929018;chinelo infantil dedo havaianas kids flores i (3190 manga rosa 23/24);18,32;12;0;0;0
01070725;7909989929025;chinelo infantil dedo havaianas kids flores i (3190 manga rosa 25/26);18,32;12;0;0;0
01070727;7909989929483;chinelo infantil dedo havaianas kids flores i (3190 manga rosa 27/28);18,32;12;0;0;0
01070729;7909989929490;chinelo infantil dedo havaianas kids flores i (3190 manga rosa 29/30);18,32;12;0;0;0
01070731;7909989929506;chinelo infantil dedo havaianas kids flores i (3190 manga rosa 31/32);18,32;12;0;0;0
01070733;7909989929513;chinelo infantil dedo havaianas kids flores i (3190 manga rosa 33/34);18,32;12;0;0;0
01070735;7909989929520;chinelo infantil dedo havaianas kids flores i (3190 manga rosa 35/36);18,32;12;0;0;0
01070833;7909989969540;chinelo dedo feminino havaianas top disney i (8342 bege/rosa 33/34);26,17;12;0;0;0
01070835;7909989969557;chinelo dedo feminino havaianas top disney i (8342 bege/rosa 35/36);26,17;12;0;0;0
01070837;7909989969564;chinelo dedo feminino havaianas top disney i (8342 bege/rosa 37/38);26,17;12;0;0;0
01070839;7909989969571;chinelo dedo feminino havaianas top disney i (8342 bege/rosa 39/40);26,17;12;0;0;0
01070841;7909989969588;chinelo dedo feminino havaianas top disney i (8342 bege/rosa 41/42);26,17;12;0;0;0
01070935;;chinelo dedo havaianas power 2.0 ii (6803 preto vermelho/verme 35/36);48,92;12;0;0;0
01070937;7909989911488;chinelo dedo havaianas power 2.0 ii (6803 preto vermelho/verme 37/38);48,92;12;0;0;0
01070939;7909989911495;chinelo dedo havaianas power 2.0 ii (6803 preto vermelho/verme 39/40);48,92;12;0;0;0
01070941;7909989911501;chinelo dedo havaianas power 2.0 ii (6803 preto vermelho/verme 41/42);48,92;12;0;0;0
01070943;7909989911518;chinelo dedo havaianas power 2.0 ii (6803 preto vermelho/verme 43/44);48,92;12;0;0;0
01070945;7909989911525;chinelo dedo havaianas power 2.0 ii (6803 preto vermelho/verme 45/46);48,92;12;0;0;0
01070947;;chinelo dedo havaianas power 2.0 ii (6803 preto vermelho/verme 47/48);48,92;12;0;0;0
01071033;;chinelo dedo feminino havaianas slim point i (4252 cafe/fogo 33/34);41,87;12;0;0;0
01071035;7909989904879;chinelo dedo feminino havaianas slim point i (4252 cafe/fogo 35/36);41,87;12;0;0;0
01071037;7909989904886;chinelo dedo feminino havaianas slim point i (4252 cafe/fogo 37/38);41,87;12;0;0;0
01071039;7909989904893;chinelo dedo feminino havaianas slim point i (4252 cafe/fogo 39/40);41,87;12;0;0;0
01071041;7909989904909;chinelo dedo feminino havaianas slim point i (4252 cafe/fogo 41/42);41,87;12;0;0;0
01071135;;chinelo dedo masculino havaianas aloha i (1275 verde olive/verde ol 35/36);26,17;12;0;0;0
01071137;7901114700288;chinelo dedo masculino havaianas aloha i (1275 verde olive/verde ol 37/38);26,17;12;0;0;0
01071139;7901114700295;chinelo dedo masculino havaianas aloha i (1275 verde olive/verde ol 39/40);26,17;12;0;0;0
01071141;7901114700301;chinelo dedo masculino havaianas aloha i (1275 verde olive/verde ol 41/42);26,17;12;0;0;0
01071143;7901114700318;chinelo dedo masculino havaianas aloha i (1275 verde olive/verde ol 43/44);26,17;12;0;0;0
01071145;7901114700325;chinelo dedo masculino havaianas aloha i (1275 verde olive/verde ol 45/46);26,17;12;0;0;0
01071147;;chinelo dedo masculino havaianas aloha i (1275 verde olive/verde ol 47/48);26,17;12;0;0;0
01071235;;chinelo dedo masculino havaianas top athletic fc (5671 cinza aco/preto/bran 35/36);20,94;12;0;0;0
01071237;7909989864746;chinelo dedo masculino havaianas top athletic fc (5671 cinza aco/preto/bran 37/38);20,94;12;0;0;0
01071239;7909989864753;chinelo dedo masculino havaianas top athletic fc (5671 cinza aco/preto/bran 39/40);20,94;12;0;0;0
01071241;7909989864760;chinelo dedo masculino havaianas top athletic fc (5671 cinza aco/preto/bran 41/42);20,94;12;0;0;0
01071243;7909989864777;chinelo dedo masculino havaianas top athletic fc (5671 cinza aco/preto/bran 43/44);20,94;12;0;0;0
01071245;7909989864784;chinelo dedo masculino havaianas top athletic fc (5671 cinza aco/preto/bran 45/46);20,94;12;0;0;0
01071247;;chinelo dedo masculino havaianas top athletic fc (5671 cinza aco/preto/bran 47/48);20,94;12;0;0;0
01071333;7909843116516;chinelo dedo feminino havaianas slim glitter ii (1069 preto/preto g 33/34);36,72;12;0;0;0
01071335;7909843116523;chinelo dedo feminino havaianas slim glitter ii (1069 preto/preto g 35/36);36,72;12;0;0;0
01071337;7909843116530;chinelo dedo feminino havaianas slim glitter ii (1069 preto/preto g 37/38);36,72;12;0;0;0
01071339;7909843116547;chinelo dedo feminino havaianas slim glitter ii (1069 preto/preto g 39/40);36,72;12;0;0;0
01071341;7909843116554;chinelo dedo feminino havaianas slim glitter ii (1069 preto/preto g 41/42);36,72;12;0;0;0
01071433;7909989987971;chinelo dedo masculino havaianas top disney classi (90 preto 33/34);36,63;12;0;0;0
01071435;7909989987988;chinelo dedo masculino havaianas top disney classi (90 preto 35/36);36,63;12;0;0;0
01071437;7909989987995;chinelo dedo masculino havaianas top disney classi (90 preto 37/38);36,63;12;0;0;0
01071439;7909989988008;chinelo dedo masculino havaianas top disney classi (90 preto 39/40);36,63;12;0;0;0
01071441;;chinelo dedo masculino havaianas top disney classi (90 preto 41/42);36,63;12;0;0;0
01071443;;chinelo dedo masculino havaianas top disney classi (90 preto 43/44);36,63;12;0;0;0
01071445;;chinelo dedo masculino havaianas top disney classi (90 preto 45/46);36,63;12;0;0;0
01071533;7901114733897;chinelo dedo havaianas top senses (3154 verde mandacaru 33/34);20,94;12;0;0;0
01071535;7901114733903;chinelo dedo havaianas top senses (3154 verde mandacaru 35/36);20,94;12;0;0;0
01071537;7901114733910;chinelo dedo havaianas top senses (3154 verde mandacaru 37/38);20,94;12;0;0;0
01071539;7901114733927;chinelo dedo havaianas top senses (3154 verde mandacaru 39/40);20,94;12;0;0;0
01071541;7901114733934;chinelo dedo havaianas top senses (3154 verde mandacaru 41/42);20,94;12;0;0;0
01071633;;chinelo dedo feminino havaianas square palette glo (76 rosa ballet 33/34);36,63;12;0;0;0
01071635;7909989880203;chinelo dedo feminino havaianas square palette glo (76 rosa ballet 35/36);36,63;12;0;0;0
01071637;7909989880210;chinelo dedo feminino havaianas square palette glo (76 rosa ballet 37/38);36,63;12;0;0;0
01071639;7909989880227;chinelo dedo feminino havaianas square palette glo (76 rosa ballet 39/40);36,63;12;0;0;0
01071641;7909989880234;chinelo dedo feminino havaianas square palette glo (76 rosa ballet 41/42);36,63;12;0;0;0
01071733;;chinelo dedo feminino havaianas square palette glo (154 areia 33/34);36,63;12;0;0;0
01071735;7909989880258;chinelo dedo feminino havaianas square palette glo (154 areia 35/36);36,63;12;0;0;0
01071737;7909989880265;chinelo dedo feminino havaianas square palette glo (154 areia 37/38);36,63;12;0;0;0
01071739;7909989880272;chinelo dedo feminino havaianas square palette glo (154 areia 39/40);36,63;12;0;0;0
01071741;7909989880289;chinelo dedo feminino havaianas square palette glo (154 areia 41/42);36,63;12;0;0;0
01071837;7900466297361;chinelo slide masculino actvitta 4951.100 eva (15745 preto sl 37);52,01;12;0;0;0
01071838;7900466297378;chinelo slide masculino actvitta 4951.100 eva (15745 preto sl 38);52,01;12;0;0;0
01071839;7900466297385;chinelo slide masculino actvitta 4951.100 eva (15745 preto sl 39);52,01;12;0;0;0
01071840;7900466297392;chinelo slide masculino actvitta 4951.100 eva (15745 preto sl 40);52,01;12;0;0;0
01071841;7900466297408;chinelo slide masculino actvitta 4951.100 eva (15745 preto sl 41);52,01;12;0;0;0
01071842;7900466297415;chinelo slide masculino actvitta 4951.100 eva (15745 preto sl 42);52,01;12;0;0;0
01071843;7900466297422;chinelo slide masculino actvitta 4951.100 eva (15745 preto sl 43);52,01;12;0;0;0
01071844;7900466297439;chinelo slide masculino actvitta 4951.100 eva (15745 preto sl 44);52,01;12;0;0;0
01071845;;chinelo slide masculino actvitta 4951.100 eva (15745 preto sl 45);52,01;12;0;0;0
01071937;7900466297606;chinelo slide masculino actvitta 4951.100 eva (108112 cinza 37);52,01;12;0;0;0
01071938;7900466297613;chinelo slide masculino actvitta 4951.100 eva (108112 cinza 38);52,01;12;0;0;0
01071939;7900466297620;chinelo slide masculino actvitta 4951.100 eva (108112 cinza 39);52,01;12;0;0;0
01071940;7900466297637;chinelo slide masculino actvitta 4951.100 eva (108112 cinza 40);52,01;12;0;0;0
01071941;7900466297644;chinelo slide masculino actvitta 4951.100 eva (108112 cinza 41);52,01;12;0;0;0
01071942;7900466297651;chinelo slide masculino actvitta 4951.100 eva (108112 cinza 42);52,01;12;0;0;0
01071943;7900466297668;chinelo slide masculino actvitta 4951.100 eva (108112 cinza 43);52,01;12;0;0;0
01071944;7900466297675;chinelo slide masculino actvitta 4951.100 eva (108112 cinza 44);52,01;12;0;0;0
01071945;;chinelo slide masculino actvitta 4951.100 eva (108112 cinza 45);52,01;12;0;0;0
01072033;7900466297262;chinelo slide feminino actvitta 4862.100 eva (110395 blush/rosa 33);47,01;12;0;0;0
01072034;7900466297279;chinelo slide feminino actvitta 4862.100 eva (110395 blush/rosa 34);47,01;12;0;0;0
01072035;7900466297286;chinelo slide feminino actvitta 4862.100 eva (110395 blush/rosa 35);47,01;12;0;0;0
01072036;7900466297293;chinelo slide feminino actvitta 4862.100 eva (110395 blush/rosa 36);47,01;12;0;0;0
01072037;7900466297316;chinelo slide feminino actvitta 4862.100 eva (110395 blush/rosa 37);47,01;12;0;0;0
01072038;7900466297330;chinelo slide feminino actvitta 4862.100 eva (110395 blush/rosa 38);47,01;12;0;0;0
01072039;7900466297347;chinelo slide feminino actvitta 4862.100 eva (110395 blush/rosa 39);47,01;12;0;0;0
01072040;7900466297354;chinelo slide feminino actvitta 4862.100 eva (110395 blush/rosa 40);47,01;12;0;0;0
01072133;7900466296968;chinelo slide feminino actvitta 4862.100 eva (15745 preto sll 33);47,01;12;0;0;0
01072134;7900466296975;chinelo slide feminino actvitta 4862.100 eva (15745 preto sll 34);47,01;12;0;0;0
01072135;7900466296982;chinelo slide feminino actvitta 4862.100 eva (15745 preto sll 35);47,01;12;0;0;0
01072136;7900466296999;chinelo slide feminino actvitta 4862.100 eva (15745 preto sll 36);47,01;12;0;0;0
01072137;7900466297019;chinelo slide feminino actvitta 4862.100 eva (15745 preto sll 37);47,01;12;0;0;0
01072138;7900466297033;chinelo slide feminino actvitta 4862.100 eva (15745 preto sll 38);47,01;12;0;0;0
01072139;7900466297040;chinelo slide feminino actvitta 4862.100 eva (15745 preto sll 39);47,01;12;0;0;0
01072140;7900466297057;chinelo slide feminino actvitta 4862.100 eva (15745 preto sll 40);47,01;12;0;0;0
01072233;7900466297163;chinelo slide feminino actvitta 4862.100 eva (62016 verde agua 33);47,01;12;0;0;0
01072234;7900466297170;chinelo slide feminino actvitta 4862.100 eva (62016 verde agua 34);47,01;12;0;0;0
01072235;7900466297187;chinelo slide feminino actvitta 4862.100 eva (62016 verde agua 35);47,01;12;0;0;0
01072236;7900466297194;chinelo slide feminino actvitta 4862.100 eva (62016 verde agua 36);47,01;12;0;0;0
01072237;7900466297217;chinelo slide feminino actvitta 4862.100 eva (62016 verde agua 37);47,01;12;0;0;0
01072238;7900466297231;chinelo slide feminino actvitta 4862.100 eva (62016 verde agua 38);47,01;12;0;0;0
01072239;7900466297248;chinelo slide feminino actvitta 4862.100 eva (62016 verde agua 39);47,01;12;0;0;0
01072240;7900466297255;chinelo slide feminino actvitta 4862.100 eva (62016 verde agua 40);47,01;12;0;0;0
01072326;;tenis kids molekinha 25005.203 piton saar (44610 branco off/dourado 26);78,29;12;0;0;0
01072327;;tenis kids molekinha 25005.203 piton saar (44610 branco off/dourado 27);78,29;12;0;0;0
01072328;7900407512287;tenis kids molekinha 25005.203 piton saar (44610 branco off/dourado 28);78,29;12;0;0;0
01072329;7900407541898;tenis kids molekinha 25005.203 piton saar (44610 branco off/dourado 29);78,29;12;0;0;0
01072330;7900407541904;tenis kids molekinha 25005.203 piton saar (44610 branco off/dourado 30);78,29;12;0;0;0
01072331;7900407541911;tenis kids molekinha 25005.203 piton saar (44610 branco off/dourado 31);78,29;12;0;0;0
01072332;7900407541928;tenis kids molekinha 25005.203 piton saar (44610 branco off/dourado 32);78,29;12;0;0;0
01072333;7900407541935;tenis kids molekinha 25005.203 piton saar (44610 branco off/dourado 33);78,29;12;0;0;0
01072334;7900407541942;tenis kids molekinha 25005.203 piton saar (44610 branco off/dourado 34);78,29;12;0;0;0
01072335;7900407541959;tenis kids molekinha 25005.203 piton saar (44610 branco off/dourado 35);78,29;12;0;0;0
01072336;7900407541966;tenis kids molekinha 25005.203 piton saar (44610 branco off/dourado 36);78,29;12;0;0;0
01072417;;tenis led molekinho 2632.217 veloz (111762 vermelho/preto 17);83,09;12;0;0;0
01072418;;tenis led molekinho 2632.217 veloz (111762 vermelho/preto 18);83,09;12;0;0;0
01072419;;tenis led molekinho 2632.217 veloz (111762 vermelho/preto 19);83,09;12;0;0;0
01072420;7900466303680;tenis led molekinho 2632.217 veloz (111762 vermelho/preto 20);83,09;12;0;0;0
01072421;7900466303697;tenis led molekinho 2632.217 veloz (111762 vermelho/preto 21);83,09;12;0;0;0
01072422;7900466303703;tenis led molekinho 2632.217 veloz (111762 vermelho/preto 22);83,09;12;0;0;0
01072423;7900466303710;tenis led molekinho 2632.217 veloz (111762 vermelho/preto 23);83,09;12;0;0;0
01072424;7900466303727;tenis led molekinho 2632.217 veloz (111762 vermelho/preto 24);83,09;12;0;0;0
01072425;7900466303734;tenis led molekinho 2632.217 veloz (111762 vermelho/preto 25);83,09;12;0;0;0
01072426;7900466303741;tenis led molekinho 2632.217 veloz (111762 vermelho/preto 26);83,09;12;0;0;0
01072517;;tenis led molekinho 2632.217 veloz (82551 preto/cinza 17);83,09;12;0;0;0
01072518;;tenis led molekinho 2632.217 veloz (82551 preto/cinza 18);83,09;12;0;0;0
01072519;;tenis led molekinho 2632.217 veloz (82551 preto/cinza 19);83,09;12;0;0;0
01072520;7900466493497;tenis led molekinho 2632.217 veloz (82551 preto/cinza 20);83,09;12;0;0;0
01072521;7900466493503;tenis led molekinho 2632.217 veloz (82551 preto/cinza 21);83,09;12;0;0;0
01072522;7900466493510;tenis led molekinho 2632.217 veloz (82551 preto/cinza 22);83,09;12;0;0;0
01072523;7900466493527;tenis led molekinho 2632.217 veloz (82551 preto/cinza 23);83,09;12;0;0;0
01072524;7900466493534;tenis led molekinho 2632.217 veloz (82551 preto/cinza 24);83,09;12;0;0;0
01072525;7900466493541;tenis led molekinho 2632.217 veloz (82551 preto/cinza 25);83,09;12;0;0;0
01072526;7900466493558;tenis led molekinho 2632.217 veloz (82551 preto/cinza 26);83,09;12;0;0;0
01072617;;tenis casual molekinho 2631.122 porto luis (17689 preto/branco a 17);59,08;12;0;0;0
01072618;;tenis casual molekinho 2631.122 porto luis (17689 preto/branco a 18);59,08;12;0;0;0
01072619;7900466283739;tenis casual molekinho 2631.122 porto luis (17689 preto/branco a 19);59,08;12;0;0;0
01072620;7900466283746;tenis casual molekinho 2631.122 porto luis (17689 preto/branco a 20);59,08;12;0;0;0
01072621;7900466283753;tenis casual molekinho 2631.122 porto luis (17689 preto/branco a 21);59,08;12;0;0;0
01072622;7900466283760;tenis casual molekinho 2631.122 porto luis (17689 preto/branco a 22);59,08;12;0;0;0
01072623;7900466283777;tenis casual molekinho 2631.122 porto luis (17689 preto/branco a 23);59,08;12;0;0;0
01072624;7900466283784;tenis casual molekinho 2631.122 porto luis (17689 preto/branco a 24);59,08;12;0;0;0
01072625;7900466283791;tenis casual molekinho 2631.122 porto luis (17689 preto/branco a 25);59,08;12;0;0;0
01072626;7900466283807;tenis casual molekinho 2631.122 porto luis (17689 preto/branco a 26);59,08;12;0;0;0
01072717;;tenis casual molekinho 2631.223 milan (96412 branfo off/camel 17);63,68;12;0;0;0
01072718;;tenis casual molekinho 2631.223 milan (96412 branfo off/camel 18);63,68;12;0;0;0
01072719;7900466458526;tenis casual molekinho 2631.223 milan (96412 branfo off/camel 19);63,68;12;0;0;0
01072720;7900466458533;tenis casual molekinho 2631.223 milan (96412 branfo off/camel 20);63,68;12;0;0;0
01072721;7900466458540;tenis casual molekinho 2631.223 milan (96412 branfo off/camel 21);63,68;12;0;0;0
01072722;7900466458557;tenis casual molekinho 2631.223 milan (96412 branfo off/camel 22);63,68;12;0;0;0
01072723;7900466458564;tenis casual molekinho 2631.223 milan (96412 branfo off/camel 23);63,68;12;0;0;0
01072724;7900466458571;tenis casual molekinho 2631.223 milan (96412 branfo off/camel 24);63,68;12;0;0;0
01072725;7900466458588;tenis casual molekinho 2631.223 milan (96412 branfo off/camel 25);63,68;12;0;0;0
01072726;7900466458595;tenis casual molekinho 2631.223 milan (96412 branfo off/camel 26);63,68;12;0;0;0
01072833;;papete slide eva modare 7232.101 t pronta (15745 preto a8 33);54,98;12;0;0;0
01072834;7900466397979;papete slide eva modare 7232.101 t pronta (15745 preto a8 34);54,98;12;0;0;0
01072835;7900466397986;papete slide eva modare 7232.101 t pronta (15745 preto a8 35);54,98;12;0;0;0
01072836;7900466397993;papete slide eva modare 7232.101 t pronta (15745 preto a8 36);54,98;12;0;0;0
01072837;7900466398013;papete slide eva modare 7232.101 t pronta (15745 preto a8 37);54,98;12;0;0;0
01072838;7900466398037;papete slide eva modare 7232.101 t pronta (15745 preto a8 38);54,98;12;0;0;0
01072839;7900466398044;papete slide eva modare 7232.101 t pronta (15745 preto a8 39);54,98;12;0;0;0
01072840;7900466398051;papete slide eva modare 7232.101 t pronta (15745 preto a8 40);54,98;12;0;0;0
01072933;;papete slide eva modare 7232.101 t pronta (101321 chocolate a3 33);54,98;12;0;0;0
01072934;7900466397870;papete slide eva modare 7232.101 t pronta (101321 chocolate a3 34);54,98;12;0;0;0
01072935;7900466397887;papete slide eva modare 7232.101 t pronta (101321 chocolate a3 35);54,98;12;0;0;0
01072936;7900466397894;papete slide eva modare 7232.101 t pronta (101321 chocolate a3 36);54,98;12;0;0;0
01072937;7900466397917;papete slide eva modare 7232.101 t pronta (101321 chocolate a3 37);54,98;12;0;0;0
01072938;7900466397931;papete slide eva modare 7232.101 t pronta (101321 chocolate a3 38);54,98;12;0;0;0
01072939;7900466397948;papete slide eva modare 7232.101 t pronta (101321 chocolate a3 39);54,98;12;0;0;0
01072940;7900466397955;papete slide eva modare 7232.101 t pronta (101321 chocolate a3 40);54,98;12;0;0;0
01073033;;papete dedo vizzano 6584.101 pelica (15745 preto a9 33);70,94;12;0;0;0
01073034;7900466367811;papete dedo vizzano 6584.101 pelica (15745 preto a9 34);70,94;12;0;0;0
01073035;7900466367828;papete dedo vizzano 6584.101 pelica (15745 preto a9 35);70,94;12;0;0;0
01073036;7900466367835;papete dedo vizzano 6584.101 pelica (15745 preto a9 36);70,94;12;0;0;0
01073037;7900466367859;papete dedo vizzano 6584.101 pelica (15745 preto a9 37);70,94;12;0;0;0
01073038;7900466367873;papete dedo vizzano 6584.101 pelica (15745 preto a9 38);70,94;12;0;0;0
01073039;7900466367880;papete dedo vizzano 6584.101 pelica (15745 preto a9 39);70,94;12;0;0;0
01073040;7900466367897;papete dedo vizzano 6584.101 pelica (15745 preto a9 40);70,94;12;0;0;0
01073133;;papete dedo vizzano 6584.101 pelica (101321 chocolate a4 33);70,94;12;0;0;0
01073134;7900466379128;papete dedo vizzano 6584.101 pelica (101321 chocolate a4 34);70,94;12;0;0;0
01073135;7900466379135;papete dedo vizzano 6584.101 pelica (101321 chocolate a4 35);70,94;12;0;0;0
01073136;7900466379142;papete dedo vizzano 6584.101 pelica (101321 chocolate a4 36);70,94;12;0;0;0
01073137;7900466379166;papete dedo vizzano 6584.101 pelica (101321 chocolate a4 37);70,94;12;0;0;0
01073138;7900466379180;papete dedo vizzano 6584.101 pelica (101321 chocolate a4 38);70,94;12;0;0;0
01073139;7900466379197;papete dedo vizzano 6584.101 pelica (101321 chocolate a4 39);70,94;12;0;0;0
01073140;7900466379203;papete dedo vizzano 6584.101 pelica (101321 chocolate a4 40);70,94;12;0;0;0
01073233;;papete dedo vizzano 6584.101 pelica (95373 camel a 33);70,94;12;0;0;0
01073234;7900466367910;papete dedo vizzano 6584.101 pelica (95373 camel a 34);70,94;12;0;0;0
01073235;7900466367927;papete dedo vizzano 6584.101 pelica (95373 camel a 35);70,94;12;0;0;0
01073236;7900466367934;papete dedo vizzano 6584.101 pelica (95373 camel a 36);70,94;12;0;0;0
01073237;7900466367958;papete dedo vizzano 6584.101 pelica (95373 camel a 37);70,94;12;0;0;0
01073238;7900466367972;papete dedo vizzano 6584.101 pelica (95373 camel a 38);70,94;12;0;0;0
01073239;7900466367989;papete dedo vizzano 6584.101 pelica (95373 camel a 39);70,94;12;0;0;0
01073240;7900466367996;papete dedo vizzano 6584.101 pelica (95373 camel a 40);70,94;12;0;0;0
01073333;;chinelo dedo feminino havaianas slim ptes i (539 dourado/preto/branco 33/34);28,79;12;0;0;0
01073335;7909989953556;chinelo dedo feminino havaianas slim ptes i (539 dourado/preto/branco 35/36);28,79;12;0;0;0
01073337;7909989953563;chinelo dedo feminino havaianas slim ptes i (539 dourado/preto/branco 37/38);28,79;12;0;0;0
01073339;7909989953570;chinelo dedo feminino havaianas slim ptes i (539 dourado/preto/branco 39/40);28,79;12;0;0;0
01073341;7909989953587;chinelo dedo feminino havaianas slim ptes i (539 dourado/preto/branco 41/42);28,79;12;0;0;0
01073433;7909989954775;chinelo dedo feminino havaianas square velvet (1121 canyon clay 33/34);39,25;12;0;0;0
01073435;7909989954782;chinelo dedo feminino havaianas square velvet (1121 canyon clay 35/36);39,25;12;0;0;0
01073437;7909989954799;chinelo dedo feminino havaianas square velvet (1121 canyon clay 37/38);39,25;12;0;0;0
01073439;7909989954805;chinelo dedo feminino havaianas square velvet (1121 canyon clay 39/40);39,25;12;0;0;0
01073441;7909989954812;chinelo dedo feminino havaianas square velvet (1121 canyon clay 41/42);39,25;12;0;0;0
01073533;7901114733682;chinelo dedo havaianas top senses (174 areia/areia 33/34);20,94;12;0;0;0
01073535;7901114733699;chinelo dedo havaianas top senses (174 areia/areia 35/36);20,94;12;0;0;0
01073537;7901114733705;chinelo dedo havaianas top senses (174 areia/areia 37/38);20,94;12;0;0;0
01073539;7901114733712;chinelo dedo havaianas top senses (174 areia/areia 39/40);20,94;12;0;0;0
01073541;7901114733729;chinelo dedo havaianas top senses (174 areia/areia 41/42);20,94;12;0;0;0
01073635;;chinelo dedo masculino havaianas city basic i (6841 rose gold/cafe 35/36);28,79;12;0;0;0
01073637;7909989965535;chinelo dedo masculino havaianas city basic i (6841 rose gold/cafe 37/38);28,79;12;0;0;0
01073639;7909989965542;chinelo dedo masculino havaianas city basic i (6841 rose gold/cafe 39/40);28,79;12;0;0;0
01073641;7909989965559;chinelo dedo masculino havaianas city basic i (6841 rose gold/cafe 41/42);28,79;12;0;0;0
01073643;7909989965566;chinelo dedo masculino havaianas city basic i (6841 rose gold/cafe 43/44);28,79;12;0;0;0
01073645;7909989965573;chinelo dedo masculino havaianas city basic i (6841 rose gold/cafe 45/46);28,79;12;0;0;0
01073647;;chinelo dedo masculino havaianas city basic i (6841 rose gold/cafe 47/48);28,79;12;0;0;0
01073737;7909410740120;sandalia couro masculino pegada 133206 anilina (pinhao s 37);110,24;12;0;0;0
01073738;7909410745910;sandalia couro masculino pegada 133206 anilina (pinhao s 38);110,24;12;0;0;0
01073739;7909410753717;sandalia couro masculino pegada 133206 anilina (pinhao s 39);110,24;12;0;0;0
01073740;7909410753724;sandalia couro masculino pegada 133206 anilina (pinhao s 40);110,24;12;0;0;0
01073741;7909410753731;sandalia couro masculino pegada 133206 anilina (pinhao s 41);110,24;12;0;0;0
01073742;7909410753748;sandalia couro masculino pegada 133206 anilina (pinhao s 42);110,24;12;0;0;0
01073743;;sandalia couro masculino pegada 133206 anilina (pinhao s 43);110,24;12;0;0;0
01073744;;sandalia couro masculino pegada 133206 anilina (pinhao s 44);110,24;12;0;0;0
01073745;;sandalia couro masculino pegada 133206 anilina (pinhao s 45);110,24;12;0;0;0
01073834;7900466079165;sandalia rasteira feminino vizzano 6371.1169 milan (110767 cinza/black/preto 34);65,78;12;0;0;0
01073835;7900466079172;sandalia rasteira feminino vizzano 6371.1169 milan (110767 cinza/black/preto 35);65,78;12;0;0;0
01073836;7900466079189;sandalia rasteira feminino vizzano 6371.1169 milan (110767 cinza/black/preto 36);65,78;12;0;0;0
01073837;7900466079202;sandalia rasteira feminino vizzano 6371.1169 milan (110767 cinza/black/preto 37);65,78;12;0;0;0
01073838;7900466079226;sandalia rasteira feminino vizzano 6371.1169 milan (110767 cinza/black/preto 38);65,78;12;0;0;0
01073839;7900466079233;sandalia rasteira feminino vizzano 6371.1169 milan (110767 cinza/black/preto 39);65,78;12;0;0;0
01073840;7900466079240;sandalia rasteira feminino vizzano 6371.1169 milan (110767 cinza/black/preto 40);65,78;12;0;0;0
01073917;;tenis baby meinia casual molekinha 2750.101 nobuck (35312 branco off a4 17);49,06;12;0;0;0
01073918;7900466544083;tenis baby meinia casual molekinha 2750.101 nobuck (35312 branco off a4 18);49,06;12;0;0;0
01073919;7900466544090;tenis baby meinia casual molekinha 2750.101 nobuck (35312 branco off a4 19);49,06;12;0;0;0
01073920;7900466544106;tenis baby meinia casual molekinha 2750.101 nobuck (35312 branco off a4 20);49,06;12;0;0;0
01073921;7900466544113;tenis baby meinia casual molekinha 2750.101 nobuck (35312 branco off a4 21);49,06;12;0;0;0
01073922;7900466544120;tenis baby meinia casual molekinha 2750.101 nobuck (35312 branco off a4 22);49,06;12;0;0;0
01073923;7900466544137;tenis baby meinia casual molekinha 2750.101 nobuck (35312 branco off a4 23);49,06;12;0;0;0
01073924;7900466544144;tenis baby meinia casual molekinha 2750.101 nobuck (35312 branco off a4 24);49,06;12;0;0;0
01073925;7900466544151;tenis baby meinia casual molekinha 2750.101 nobuck (35312 branco off a4 25);49,06;12;0;0;0
01073926;;tenis baby meinia casual molekinha 2750.101 nobuck (35312 branco off a4 26);49,06;12;0;0;0
01074017;;tenis baby menina casual molekinha 2750.101 nobuck (78276 rosa a2 17);49,06;12;0;0;0
01074018;7900466337418;tenis baby menina casual molekinha 2750.101 nobuck (78276 rosa a2 18);49,06;12;0;0;0
01074019;7900466337425;tenis baby menina casual molekinha 2750.101 nobuck (78276 rosa a2 19);49,06;12;0;0;0
01074020;7900466337432;tenis baby menina casual molekinha 2750.101 nobuck (78276 rosa a2 20);49,06;12;0;0;0
01074021;7900466337449;tenis baby menina casual molekinha 2750.101 nobuck (78276 rosa a2 21);49,06;12;0;0;0
01074022;7900466337456;tenis baby menina casual molekinha 2750.101 nobuck (78276 rosa a2 22);49,06;12;0;0;0
01074023;7900466337463;tenis baby menina casual molekinha 2750.101 nobuck (78276 rosa a2 23);49,06;12;0;0;0
01074024;7900466337470;tenis baby menina casual molekinha 2750.101 nobuck (78276 rosa a2 24);49,06;12;0;0;0
01074025;7900466337487;tenis baby menina casual molekinha 2750.101 nobuck (78276 rosa a2 25);49,06;12;0;0;0
01074026;;tenis baby menina casual molekinha 2750.101 nobuck (78276 rosa a2 26);49,06;12;0;0;0
01074117;;sapatilha baby menina molekinha 2106.1098 italia (66 dourado a2 17);49,06;12;0;0;0
01074118;7900466377636;sapatilha baby menina molekinha 2106.1098 italia (66 dourado a2 18);49,06;12;0;0;0
01074119;7900466377643;sapatilha baby menina molekinha 2106.1098 italia (66 dourado a2 19);49,06;12;0;0;0
01074120;7900466377650;sapatilha baby menina molekinha 2106.1098 italia (66 dourado a2 20);49,06;12;0;0;0
01074121;7900466377667;sapatilha baby menina molekinha 2106.1098 italia (66 dourado a2 21);49,06;12;0;0;0
01074122;7900466377674;sapatilha baby menina molekinha 2106.1098 italia (66 dourado a2 22);49,06;12;0;0;0
01074123;7900466377681;sapatilha baby menina molekinha 2106.1098 italia (66 dourado a2 23);49,06;12;0;0;0
01074124;7900466377698;sapatilha baby menina molekinha 2106.1098 italia (66 dourado a2 24);49,06;12;0;0;0
01074125;7900466377704;sapatilha baby menina molekinha 2106.1098 italia (66 dourado a2 25);49,06;12;0;0;0
01074126;;sapatilha baby menina molekinha 2106.1098 italia (66 dourado a2 26);49,06;12;0;0;0
01074333;;tamanco plataforma feminino modare 7226.102 ultra (15745 preto a10 33);73,08;12;0;0;0
01074334;7900407808861;tamanco plataforma feminino modare 7226.102 ultra (15745 preto a10 34);73,08;12;0;0;0
01074335;7900407808878;tamanco plataforma feminino modare 7226.102 ultra (15745 preto a10 35);73,08;12;0;0;0
01074336;7900407808885;tamanco plataforma feminino modare 7226.102 ultra (15745 preto a10 36);73,08;12;0;0;0
01074337;7900407808908;tamanco plataforma feminino modare 7226.102 ultra (15745 preto a10 37);73,08;12;0;0;0
01074338;7900407808922;tamanco plataforma feminino modare 7226.102 ultra (15745 preto a10 38);73,08;12;0;0;0
01074339;7900407808939;tamanco plataforma feminino modare 7226.102 ultra (15745 preto a10 39);73,08;12;0;0;0
01074340;7900407808946;tamanco plataforma feminino modare 7226.102 ultra (15745 preto a10 40);73,08;12;0;0;0
01074433;;tamanco plataforma feminino modare 7226.102 ultra (108352 alecrim a1 33);68,49;12;0;0;0
01074434;7900407782383;tamanco plataforma feminino modare 7226.102 ultra (108352 alecrim a1 34);68,49;12;0;0;0
01074435;7900407782390;tamanco plataforma feminino modare 7226.102 ultra (108352 alecrim a1 35);68,49;12;0;0;0
01074436;7900407782406;tamanco plataforma feminino modare 7226.102 ultra (108352 alecrim a1 36);68,49;12;0;0;0
01074437;7900407782420;tamanco plataforma feminino modare 7226.102 ultra (108352 alecrim a1 37);68,49;12;0;0;0
01074438;7900407782444;tamanco plataforma feminino modare 7226.102 ultra (108352 alecrim a1 38);68,49;12;0;0;0
01074439;7900407782451;tamanco plataforma feminino modare 7226.102 ultra (108352 alecrim a1 39);68,49;12;0;0;0
01074440;7900407782468;tamanco plataforma feminino modare 7226.102 ultra (108352 alecrim a1 40);68,49;12;0;0;0
01074533;;tamanco plataforma feminino modare 7226.101 nob ul (100196 avela  a 33);68,49;12;0;0;0
01074534;7900407802012;tamanco plataforma feminino modare 7226.101 nob ul (100196 avela  a 34);68,49;12;0;0;0
01074535;7900407802029;tamanco plataforma feminino modare 7226.101 nob ul (100196 avela  a 35);68,49;12;0;0;0
01074536;7900407802036;tamanco plataforma feminino modare 7226.101 nob ul (100196 avela  a 36);68,49;12;0;0;0
01074537;7900407802050;tamanco plataforma feminino modare 7226.101 nob ul (100196 avela  a 37);68,49;12;0;0;0
01074538;7900407802074;tamanco plataforma feminino modare 7226.101 nob ul (100196 avela  a 38);68,49;12;0;0;0
01074539;7900407802081;tamanco plataforma feminino modare 7226.101 nob ul (100196 avela  a 39);68,49;12;0;0;0
01074540;7900407802098;tamanco plataforma feminino modare 7226.101 nob ul (100196 avela  a 40);68,49;12;0;0;0
01074633;;tamanco plataforma feminino modare 7226.101 nob ul (15745 preto a11 33);73,08;12;0;0;0
01074634;7900407813551;tamanco plataforma feminino modare 7226.101 nob ul (15745 preto a11 34);73,08;12;0;0;0
01074635;7900407813568;tamanco plataforma feminino modare 7226.101 nob ul (15745 preto a11 35);73,08;12;0;0;0
01074636;7900407813575;tamanco plataforma feminino modare 7226.101 nob ul (15745 preto a11 36);73,08;12;0;0;0
01074637;7900407813599;tamanco plataforma feminino modare 7226.101 nob ul (15745 preto a11 37);73,08;12;0;0;0
01074638;7900407813612;tamanco plataforma feminino modare 7226.101 nob ul (15745 preto a11 38);73,08;12;0;0;0
01074639;7900407813629;tamanco plataforma feminino modare 7226.101 nob ul (15745 preto a11 39);73,08;12;0;0;0
01074640;7900407813636;tamanco plataforma feminino modare 7226.101 nob ul (15745 preto a11 40);73,08;12;0;0;0
01074723;;chinelo infantil dedo havaianas top disney class k (hv buttercream 23/24);44,95;12;0;0;0
01074725;7909989788455;chinelo infantil dedo havaianas top disney class k (hv buttercream 25/26);44,95;12;0;0;0
01074727;7909989788448;chinelo infantil dedo havaianas top disney class k (hv buttercream 27/28);44,95;12;0;0;0
01074729;;chinelo infantil dedo havaianas top disney class k (hv buttercream 29/30);44,95;12;0;0;0
01074731;;chinelo infantil dedo havaianas top disney class k (hv buttercream 31/32);44,95;12;0;0;0
01074835;;chinelo dedo masculino havaianas aloha i (3138 azul maceio a 35/36);26,17;12;0;0;0
01074837;7909989901762;chinelo dedo masculino havaianas aloha i (3138 azul maceio a 37/38);26,17;12;0;0;0
01074839;7909989901779;chinelo dedo masculino havaianas aloha i (3138 azul maceio a 39/40);26,17;12;0;0;0
01074841;7909989901786;chinelo dedo masculino havaianas aloha i (3138 azul maceio a 41/42);26,17;12;0;0;0
01074843;7909989901793;chinelo dedo masculino havaianas aloha i (3138 azul maceio a 43/44);26,17;12;0;0;0
01074845;7909989901809;chinelo dedo masculino havaianas aloha i (3138 azul maceio a 45/46);26,17;12;0;0;0
01074847;;chinelo dedo masculino havaianas aloha i (3138 azul maceio a 47/48);26,17;12;0;0;0
01074933;;chinelo dedo feminino havaianas slim animals i (5964 cafe/acobreado 33/34);31,24;12;0;0;0
01074935;7909989878514;chinelo dedo feminino havaianas slim animals i (5964 cafe/acobreado 35/36);31,24;12;0;0;0
01074937;7909989878521;chinelo dedo feminino havaianas slim animals i (5964 cafe/acobreado 37/38);31,24;12;0;0;0
01074939;7909989878538;chinelo dedo feminino havaianas slim animals i (5964 cafe/acobreado 39/40);31,24;12;0;0;0
01074941;7909989878545;chinelo dedo feminino havaianas slim animals i (5964 cafe/acobreado 41/42);31,24;12;0;0;0
01075033;;chinelo dedo feminino havaianas slim tropical i (1184 rosa dourado 33/34);39,25;12;0;0;0
01075035;7909989905302;chinelo dedo feminino havaianas slim tropical i (1184 rosa dourado 35/36);39,25;12;0;0;0
01075037;7909989906668;chinelo dedo feminino havaianas slim tropical i (1184 rosa dourado 37/38);39,25;12;0;0;0
01075039;7909989906675;chinelo dedo feminino havaianas slim tropical i (1184 rosa dourado 39/40);39,25;12;0;0;0
01075041;7909989906682;chinelo dedo feminino havaianas slim tropical i (1184 rosa dourado 41/42);39,25;12;0;0;0
01075133;7901114752355;chinelo dedo feminino havaianas top mix i (1373 butter/amarelo caja 33/34);23,55;12;0;0;0
01075135;7901114752362;chinelo dedo feminino havaianas top mix i (1373 butter/amarelo caja 35/36);23,55;12;0;0;0
01075137;7901114752379;chinelo dedo feminino havaianas top mix i (1373 butter/amarelo caja 37/38);23,55;12;0;0;0
01075139;7901114752386;chinelo dedo feminino havaianas top mix i (1373 butter/amarelo caja 39/40);23,55;12;0;0;0
01075141;7901114752393;chinelo dedo feminino havaianas top mix i (1373 butter/amarelo caja 41/42);23,55;12;0;0;0
01075217;7909989922507;chinelo baby dedo havaianas disney classics i (5559 amarelo caja a 17/18);26,17;12;0;0;0
01075219;7909989922514;chinelo baby dedo havaianas disney classics i (5559 amarelo caja a 19);26,17;12;0;0;0
01075220;7909989922521;chinelo baby dedo havaianas disney classics i (5559 amarelo caja a 20);26,17;12;0;0;0
01075221;7909989922538;chinelo baby dedo havaianas disney classics i (5559 amarelo caja a 21);26,17;12;0;0;0
01075222;7909989922545;chinelo baby dedo havaianas disney classics i (5559 amarelo caja a 22);26,17;12;0;0;0
01075223;7909989922552;chinelo baby dedo havaianas disney classics i (5559 amarelo caja a 23/24);26,17;12;0;0;0
01075225;7909989922569;chinelo baby dedo havaianas disney classics i (5559 amarelo caja a 25/26);26,17;12;0;0;0
01075335;;chinelo dedo masculino havaianas top logomania2 (1440 vermelho hibisco a 35/36);31,40;12;0;0;0
01075337;7901114700509;chinelo dedo masculino havaianas top logomania2 (1440 vermelho hibisco a 37/38);31,40;12;0;0;0
01075339;7901114700516;chinelo dedo masculino havaianas top logomania2 (1440 vermelho hibisco a 39/40);31,40;12;0;0;0
01075341;7901114700523;chinelo dedo masculino havaianas top logomania2 (1440 vermelho hibisco a 41/42);31,40;12;0;0;0
01075343;7901114700530;chinelo dedo masculino havaianas top logomania2 (1440 vermelho hibisco a 43/44);31,40;12;0;0;0
01075345;7901114700547;chinelo dedo masculino havaianas top logomania2 (1440 vermelho hibisco a 45/46);31,40;12;0;0;0
01075347;;chinelo dedo masculino havaianas top logomania2 (1440 vermelho hibisco a 47/48);31,40;12;0;0;0
01075433;;chinelo dedo feminino havaianas top disney class i (1138 azul maceio 33/34);36,63;12;0;0;0
01075435;7909989988046;chinelo dedo feminino havaianas top disney class i (1138 azul maceio 35/36);36,63;12;0;0;0
01075437;7909989988053;chinelo dedo feminino havaianas top disney class i (1138 azul maceio 37/38);36,63;12;0;0;0
01075439;7909989988060;chinelo dedo feminino havaianas top disney class i (1138 azul maceio 39/40);36,63;12;0;0;0
01075441;7909989988077;chinelo dedo feminino havaianas top disney class i (1138 azul maceio 41/42);36,63;12;0;0;0
01075443;7909989988084;chinelo dedo feminino havaianas top disney class i (1138 azul maceio 43/44);36,63;12;0;0;0
01075445;;chinelo dedo feminino havaianas top disney class i (1138 azul maceio 45/46);36,63;12;0;0;0
01075533;7901114733613;chinelo dedo havaianas top senses (1121 canyon clay a 33/34);20,94;12;0;0;0
01075535;7901114733620;chinelo dedo havaianas top senses (1121 canyon clay a 35/36);20,94;12;0;0;0
01075537;7901114733637;chinelo dedo havaianas top senses (1121 canyon clay a 37/38);20,94;12;0;0;0
01075539;7901114733644;chinelo dedo havaianas top senses (1121 canyon clay a 39/40);20,94;12;0;0;0
01075541;7901114733651;chinelo dedo havaianas top senses (1121 canyon clay a 41/42);20,94;12;0;0;0
01075623;7909989941164;chinelo kids slim havaianas princess i (3190 manga rosa a 23/24);28,79;12;0;0;0
01075625;7909989941171;chinelo kids slim havaianas princess i (3190 manga rosa a 25/26);28,79;12;0;0;0
01075627;7909989941188;chinelo kids slim havaianas princess i (3190 manga rosa a 27/28);28,79;12;0;0;0
01075629;7909989941195;chinelo kids slim havaianas princess i (3190 manga rosa a 29/30);28,79;12;0;0;0
01075631;7909989941201;chinelo kids slim havaianas princess i (3190 manga rosa a 31/32);28,79;12;0;0;0
01075633;7909989941218;chinelo kids slim havaianas princess i (3190 manga rosa a 33/34);28,79;12;0;0;0
01075635;7909989941225;chinelo kids slim havaianas princess i (3190 manga rosa a 35/36);28,79;12;0;0;0
01075823;7909989940129;chinelo infantil dedo havaianas top marvel ii k (555 marinho 23/24);26,17;12;0;0;0
01075825;7909989940136;chinelo infantil dedo havaianas top marvel ii k (555 marinho 25/26);26,17;12;0;0;0
01075827;7909989940143;chinelo infantil dedo havaianas top marvel ii k (555 marinho 27/28);26,17;12;0;0;0
01075829;7909989940150;chinelo infantil dedo havaianas top marvel ii k (555 marinho 29/30);26,17;12;0;0;0
01075831;7909989940167;chinelo infantil dedo havaianas top marvel ii k (555 marinho 31/32);26,17;12;0;0;0
01075833;7909989940174;chinelo infantil dedo havaianas top marvel ii k (555 marinho 33/34);26,17;12;0;0;0
01075835;7909989940181;chinelo infantil dedo havaianas top marvel ii k (555 marinho 35/36);26,17;12;0;0;0
01075923;7909989940198;chinelo infantil dedo havaianas top marvel ii k (1440 vermelho hibisco a1 23/24);26,17;12;0;0;0
01075925;7909989940259;chinelo infantil dedo havaianas top marvel ii k (1440 vermelho hibisco a1 25/26);26,17;12;0;0;0
01075927;7909989940266;chinelo infantil dedo havaianas top marvel ii k (1440 vermelho hibisco a1 27/28);26,17;12;0;0;0
01075929;7909989940273;chinelo infantil dedo havaianas top marvel ii k (1440 vermelho hibisco a1 29/30);26,17;12;0;0;0
01075931;7909989940280;chinelo infantil dedo havaianas top marvel ii k (1440 vermelho hibisco a1 31/32);26,17;12;0;0;0
01075933;7909989940297;chinelo infantil dedo havaianas top marvel ii k (1440 vermelho hibisco a1 33/34);26,17;12;0;0;0
01075935;7909989940303;chinelo infantil dedo havaianas top marvel ii k (1440 vermelho hibisco a1 35/36);26,17;12;0;0;0
01076023;7909989982938;chinelo infantil dedo havaianas bluey (3138 azul maceio a1 23/24);28,79;12;0;0;0
01076025;7909989982945;chinelo infantil dedo havaianas bluey (3138 azul maceio a1 25/26);28,79;12;0;0;0
01076027;7909989982952;chinelo infantil dedo havaianas bluey (3138 azul maceio a1 27/28);28,79;12;0;0;0
01076029;7909989982969;chinelo infantil dedo havaianas bluey (3138 azul maceio a1 29/30);28,79;12;0;0;0
01076031;7909989982976;chinelo infantil dedo havaianas bluey (3138 azul maceio a1 31/32);28,79;12;0;0;0
01076033;7909989982983;chinelo infantil dedo havaianas bluey (3138 azul maceio a1 33/34);28,79;12;0;0;0
01076035;7909989982990;chinelo infantil dedo havaianas bluey (3138 azul maceio a1 35/36);28,79;12;0;0;0
01076117;;babuche baby menino molekinho 2653.205 eva (110341 preto/amarelo a 17/18);49,06;12;0;0;0
01076119;7900466663319;babuche baby menino molekinho 2653.205 eva (110341 preto/amarelo a 19/20);49,06;12;0;0;0
01076121;7900466663326;babuche baby menino molekinho 2653.205 eva (110341 preto/amarelo a 21/22);49,06;12;0;0;0
01076123;7900466663333;babuche baby menino molekinho 2653.205 eva (110341 preto/amarelo a 23/24);49,06;12;0;0;0
01076125;7900466663340;babuche baby menino molekinho 2653.205 eva (110341 preto/amarelo a 25/26);49,06;12;0;0;0
01076217;;babuche baby molekinho 2653.205 eva (110342 marinho/verde/m 17/18);49,06;12;0;0;0
01076219;7900466577715;babuche baby molekinho 2653.205 eva (110342 marinho/verde/m 19/20);49,06;12;0;0;0
01076221;7900466577722;babuche baby molekinho 2653.205 eva (110342 marinho/verde/m 21/22);49,06;12;0;0;0
01076223;7900466577739;babuche baby molekinho 2653.205 eva (110342 marinho/verde/m 23/24);49,06;12;0;0;0
01076225;7900466577746;babuche baby molekinho 2653.205 eva (110342 marinho/verde/m 25/26);49,06;12;0;0;0
01076327;7900466307886;tenis infantil sport molekinho 2879.103 neo (15745 preto b2 27);78,29;12;0;0;0
01076328;7900466307893;tenis infantil sport molekinho 2879.103 neo (15745 preto b2 28);78,29;12;0;0;0
01076329;7900466307909;tenis infantil sport molekinho 2879.103 neo (15745 preto b2 29);78,29;12;0;0;0
01076330;7900466307916;tenis infantil sport molekinho 2879.103 neo (15745 preto b2 30);78,29;12;0;0;0
01076331;7900466307923;tenis infantil sport molekinho 2879.103 neo (15745 preto b2 31);78,29;12;0;0;0
01076332;7900466307930;tenis infantil sport molekinho 2879.103 neo (15745 preto b2 32);78,29;12;0;0;0
01076333;7900466307947;tenis infantil sport molekinho 2879.103 neo (15745 preto b2 33);78,29;12;0;0;0
01076334;7900466307954;tenis infantil sport molekinho 2879.103 neo (15745 preto b2 34);78,29;12;0;0;0
01076335;7900466307961;tenis infantil sport molekinho 2879.103 neo (15745 preto b2 35);78,29;12;0;0;0
01076336;7900466307978;tenis infantil sport molekinho 2879.103 neo (15745 preto b2 36);78,29;12;0;0;0
01076427;7900466435886;tenis infantil sport molekinho 2879.100 neo (15745 preto laranja 27);83,09;12;0;0;0
01076428;7900466435893;tenis infantil sport molekinho 2879.100 neo (15745 preto laranja 28);83,09;12;0;0;0
01076429;7900466435909;tenis infantil sport molekinho 2879.100 neo (15745 preto laranja 29);83,09;12;0;0;0
01076430;7900466435916;tenis infantil sport molekinho 2879.100 neo (15745 preto laranja 30);83,09;12;0;0;0
01076431;7900466435923;tenis infantil sport molekinho 2879.100 neo (15745 preto laranja 31);83,09;12;0;0;0
01076432;7900466435930;tenis infantil sport molekinho 2879.100 neo (15745 preto laranja 32);83,09;12;0;0;0
01076433;7900466435947;tenis infantil sport molekinho 2879.100 neo (15745 preto laranja 33);83,09;12;0;0;0
01076434;7900466435954;tenis infantil sport molekinho 2879.100 neo (15745 preto laranja 34);83,09;12;0;0;0
01076435;7900466435961;tenis infantil sport molekinho 2879.100 neo (15745 preto laranja 35);83,09;12;0;0;0
01076436;7900466435978;tenis infantil sport molekinho 2879.100 neo (15745 preto laranja 36);83,09;12;0;0;0
01076527;7900466576978;babuche led infantil molekinho 2874.510 eva (112140 preto/laranja/l 27);59,08;12;0;0;0
01076528;;babuche led infantil molekinho 2874.510 eva (112140 preto/laranja/l 28);59,08;12;0;0;0
01076529;7900466576985;babuche led infantil molekinho 2874.510 eva (112140 preto/laranja/l 29);59,08;12;0;0;0
01076530;;babuche led infantil molekinho 2874.510 eva (112140 preto/laranja/l 30);59,08;12;0;0;0
01076531;7900466576992;babuche led infantil molekinho 2874.510 eva (112140 preto/laranja/l 31);59,08;12;0;0;0
01076532;;babuche led infantil molekinho 2874.510 eva (112140 preto/laranja/l 32);59,08;12;0;0;0
01076533;7900466577005;babuche led infantil molekinho 2874.510 eva (112140 preto/laranja/l 33);59,08;12;0;0;0
01076534;;babuche led infantil molekinho 2874.510 eva (112140 preto/laranja/l 34);59,08;12;0;0;0
01076535;7900466577012;babuche led infantil molekinho 2874.510 eva (112140 preto/laranja/l 35);59,08;12;0;0;0
01076536;;babuche led infantil molekinho 2874.510 eva (112140 preto/laranja/l 36);59,08;12;0;0;0
01076633;;tenis sport actvitta 4849.202 australia (104809 preto/pink 33);116,66;12;0;0;0
01076634;7900294516320;tenis sport actvitta 4849.202 australia (104809 preto/pink 34);116,66;12;0;0;0
01076635;7900294516337;tenis sport actvitta 4849.202 australia (104809 preto/pink 35);116,66;12;0;0;0
01076636;7900294516344;tenis sport actvitta 4849.202 australia (104809 preto/pink 36);116,66;12;0;0;0
01076637;7900294516368;tenis sport actvitta 4849.202 australia (104809 preto/pink 37);116,66;12;0;0;0
01076638;7900294516382;tenis sport actvitta 4849.202 australia (104809 preto/pink 38);116,66;12;0;0;0
01076639;7900294516399;tenis sport actvitta 4849.202 australia (104809 preto/pink 39);116,66;12;0;0;0
01076640;7900294516405;tenis sport actvitta 4849.202 australia (104809 preto/pink 40);116,66;12;0;0;0
01076719;7900466636917;babuche molekinha 2749.200 gasp/inj (112292 rosa charm/prat 19/20);33,60;12;0;0;0
01076721;7900466636924;babuche molekinha 2749.200 gasp/inj (112292 rosa charm/prat 21/22);33,60;12;0;0;0
01076723;7900466636931;babuche molekinha 2749.200 gasp/inj (112292 rosa charm/prat 23/24);33,60;12;0;0;0
01076725;7900466636948;babuche molekinha 2749.200 gasp/inj (112292 rosa charm/prat 25/26);33,60;12;0;0;0
01076817;;tenis baby menina casual molekinha 2742.205 turim (111425 branco/rosa charm 17);75,03;12;0;0;0
01076818;;tenis baby menina casual molekinha 2742.205 turim (111425 branco/rosa charm 18);75,03;12;0;0;0
01076819;;tenis baby menina casual molekinha 2742.205 turim (111425 branco/rosa charm 19);75,03;12;0;0;0
01076820;7900466624808;tenis baby menina casual molekinha 2742.205 turim (111425 branco/rosa charm 20);75,03;12;0;0;0
01076821;7900466624815;tenis baby menina casual molekinha 2742.205 turim (111425 branco/rosa charm 21);75,03;12;0;0;0
01076822;7900466624822;tenis baby menina casual molekinha 2742.205 turim (111425 branco/rosa charm 22);75,03;12;0;0;0
01076823;7900466624839;tenis baby menina casual molekinha 2742.205 turim (111425 branco/rosa charm 23);75,03;12;0;0;0
01076824;7900466624846;tenis baby menina casual molekinha 2742.205 turim (111425 branco/rosa charm 24);75,03;12;0;0;0
01076825;7900466624853;tenis baby menina casual molekinha 2742.205 turim (111425 branco/rosa charm 25);75,03;12;0;0;0
01076826;;tenis baby menina casual molekinha 2742.205 turim (111425 branco/rosa charm 26);75,03;12;0;0;0
01076919;7900466658971;tenis baby menina casual molekinha 2750.103 nacy (35499 dourado/branco off 19);56,63;12;0;0;0
01076920;7900466658988;tenis baby menina casual molekinha 2750.103 nacy (35499 dourado/branco off 20);56,63;12;0;0;0
01076921;7900466658995;tenis baby menina casual molekinha 2750.103 nacy (35499 dourado/branco off 21);56,63;12;0;0;0
01076922;7900466659008;tenis baby menina casual molekinha 2750.103 nacy (35499 dourado/branco off 22);56,63;12;0;0;0
01076923;7900466659015;tenis baby menina casual molekinha 2750.103 nacy (35499 dourado/branco off 23);56,63;12;0;0;0
01076924;7900466659022;tenis baby menina casual molekinha 2750.103 nacy (35499 dourado/branco off 24);56,63;12;0;0;0
01076925;7900466659039;tenis baby menina casual molekinha 2750.103 nacy (35499 dourado/branco off 25);56,63;12;0;0;0
01077037;7900377199624;babuche masculino eva rider 12671 nomad plus (cb811 castor/preto 37/38);65,48;12;0;0;0
01077039;7900377199631;babuche masculino eva rider 12671 nomad plus (cb811 castor/preto 39);65,48;12;0;0;0
01077040;7900377199648;babuche masculino eva rider 12671 nomad plus (cb811 castor/preto 40);65,48;12;0;0;0
01077041;7900377199655;babuche masculino eva rider 12671 nomad plus (cb811 castor/preto 41);65,48;12;0;0;0
01077042;7900377199662;babuche masculino eva rider 12671 nomad plus (cb811 castor/preto 42);65,48;12;0;0;0
01077043;7900377199679;babuche masculino eva rider 12671 nomad plus (cb811 castor/preto 43/44);65,48;12;0;0;0
01077137;7900377199785;babuche masculino eva rider 12671 nomad plus (cb834 preto/verde 37/38);65,48;12;0;0;0
01077139;7900377199792;babuche masculino eva rider 12671 nomad plus (cb834 preto/verde 39);65,48;12;0;0;0
01077140;7900377199808;babuche masculino eva rider 12671 nomad plus (cb834 preto/verde 40);65,48;12;0;0;0
01077141;7900377199815;babuche masculino eva rider 12671 nomad plus (cb834 preto/verde 41);65,48;12;0;0;0
01077142;7900377199822;babuche masculino eva rider 12671 nomad plus (cb834 preto/verde 42);65,48;12;0;0;0
01077143;7900377199839;babuche masculino eva rider 12671 nomad plus (cb834 preto/verde 43/44);65,48;12;0;0;0
01077237;7900377181339;chinelo slide masculino cartago 12642 malaga sport (cb571 cinza/preto/amarelo 37/38);51,45;12;0;0;0
01077239;7900377181346;chinelo slide masculino cartago 12642 malaga sport (cb571 cinza/preto/amarelo 39);51,45;12;0;0;0
01077240;7900377181353;chinelo slide masculino cartago 12642 malaga sport (cb571 cinza/preto/amarelo 40);51,45;12;0;0;0
01077241;7900377181360;chinelo slide masculino cartago 12642 malaga sport (cb571 cinza/preto/amarelo 41);51,45;12;0;0;0
01077242;7900377181377;chinelo slide masculino cartago 12642 malaga sport (cb571 cinza/preto/amarelo 42);51,45;12;0;0;0
01077243;7900377181384;chinelo slide masculino cartago 12642 malaga sport (cb571 cinza/preto/amarelo 43/44);51,45;12;0;0;0
01077245;7900377181391;chinelo slide masculino cartago 12642 malaga sport (cb571 cinza/preto/amarelo 45);51,45;12;0;0;0
01077337;7900377181476;chinelo slide masculino cartago 12642 malaga sport (cb574 bege/marrom/verde 37/38);51,45;12;0;0;0
01077339;7900377181483;chinelo slide masculino cartago 12642 malaga sport (cb574 bege/marrom/verde 39);51,45;12;0;0;0
01077340;7900377181490;chinelo slide masculino cartago 12642 malaga sport (cb574 bege/marrom/verde 40);51,45;12;0;0;0
01077341;7900377181506;chinelo slide masculino cartago 12642 malaga sport (cb574 bege/marrom/verde 41);51,45;12;0;0;0
01077342;7900377181513;chinelo slide masculino cartago 12642 malaga sport (cb574 bege/marrom/verde 42);51,45;12;0;0;0
01077343;7900377181520;chinelo slide masculino cartago 12642 malaga sport (cb574 bege/marrom/verde 43/44);51,45;12;0;0;0
01077345;7900377181537;chinelo slide masculino cartago 12642 malaga sport (cb574 bege/marrom/verde 45);51,45;12;0;0;0
01077423;;chinelo infantil dedo rider 12673 core up (ca675 preto/preto 23/24);15,42;12;0;0;0
01077425;7900377059171;chinelo infantil dedo rider 12673 core up (ca675 preto/preto 25/26);15,42;12;0;0;0
01077427;7900377059188;chinelo infantil dedo rider 12673 core up (ca675 preto/preto 27);15,42;12;0;0;0
01077428;7900377056200;chinelo infantil dedo rider 12673 core up (ca675 preto/preto 28);15,42;12;0;0;0
01077429;7900377056217;chinelo infantil dedo rider 12673 core up (ca675 preto/preto 29);15,42;12;0;0;0
01077430;7900377056224;chinelo infantil dedo rider 12673 core up (ca675 preto/preto 30);15,42;12;0;0;0
01077431;7900377056231;chinelo infantil dedo rider 12673 core up (ca675 preto/preto 31);15,42;12;0;0;0
01077432;;chinelo infantil dedo rider 12673 core up (ca675 preto/preto 32/33);15,42;12;0;0;0
01077434;;chinelo infantil dedo rider 12673 core up (ca675 preto/preto 34);15,42;12;0;0;0
01077435;;chinelo infantil dedo rider 12673 core up (ca675 preto/preto 35/36);15,42;12;0;0;0
01077517;7900377178094;sandalia papete grendene kids 22303 disn magic iii (cb515 azul/azul/branco 17/18);32,73;12;0;0;0
01077519;7900377178087;sandalia papete grendene kids 22303 disn magic iii (cb515 azul/azul/branco 19);32,73;12;0;0;0
01077520;7900377178070;sandalia papete grendene kids 22303 disn magic iii (cb515 azul/azul/branco 20/21);32,73;12;0;0;0
01077522;7900377178063;sandalia papete grendene kids 22303 disn magic iii (cb515 azul/azul/branco 22);32,73;12;0;0;0
01077523;7900377178056;sandalia papete grendene kids 22303 disn magic iii (cb515 azul/azul/branco 23/24);32,73;12;0;0;0
01077525;7900377178049;sandalia papete grendene kids 22303 disn magic iii (cb515 azul/azul/branco 25);32,73;12;0;0;0
01077623;7900377224326;chinelo infantil dedo ipanema 27291 barbie meu i (cc363 rosa/rosa 23/24);15,42;12;0;0;0
01077625;7900377224319;chinelo infantil dedo ipanema 27291 barbie meu i (cc363 rosa/rosa 25/26);15,42;12;0;0;0
01077627;7900377224302;chinelo infantil dedo ipanema 27291 barbie meu i (cc363 rosa/rosa 27/28);15,42;12;0;0;0
01077629;7900377224296;chinelo infantil dedo ipanema 27291 barbie meu i (cc363 rosa/rosa 29/30);15,42;12;0;0;0
01077631;7900377224289;chinelo infantil dedo ipanema 27291 barbie meu i (cc363 rosa/rosa 31/32);15,42;12;0;0;0
01077633;7900377224272;chinelo infantil dedo ipanema 27291 barbie meu i (cc363 rosa/rosa 33/34);15,42;12;0;0;0
01077723;7900377285327;chinelo infantil dedo ipanema 27632 patrulha canin (cd950 rosa/rosa 23/24);14,03;12;0;0;0
01077725;7900377285334;chinelo infantil dedo ipanema 27632 patrulha canin (cd950 rosa/rosa 25/26);14,03;12;0;0;0
01077727;7900377285341;chinelo infantil dedo ipanema 27632 patrulha canin (cd950 rosa/rosa 27/28);14,03;12;0;0;0
01077729;7900377285358;chinelo infantil dedo ipanema 27632 patrulha canin (cd950 rosa/rosa 29/30);14,03;12;0;0;0
01077731;7900377285365;chinelo infantil dedo ipanema 27632 patrulha canin (cd950 rosa/rosa 31/32);14,03;12;0;0;0
01077733;7900377285372;chinelo infantil dedo ipanema 27632 patrulha canin (cd950 rosa/rosa 33/34);14,03;12;0;0;0
01077823;7900377285440;chinelo infantil dedo ipanema 27632 patrulha ca k (cd953 azul/azul 23/24);14,03;12;0;0;0
01077825;7900377285457;chinelo infantil dedo ipanema 27632 patrulha ca k (cd953 azul/azul 25/26);14,03;12;0;0;0
01077827;7900377285464;chinelo infantil dedo ipanema 27632 patrulha ca k (cd953 azul/azul 27/28);14,03;12;0;0;0
01077829;7900377285471;chinelo infantil dedo ipanema 27632 patrulha ca k (cd953 azul/azul 29/30);14,03;12;0;0;0
01077831;7900377285488;chinelo infantil dedo ipanema 27632 patrulha ca k (cd953 azul/azul 31/32);14,03;12;0;0;0
01077833;7900377285495;chinelo infantil dedo ipanema 27632 patrulha ca k (cd953 azul/azul 33/34);14,03;12;0;0;0
01077917;7909989922361;chinelo baby dedo havaianas disney classics i (3138 azul maceio a2 17/18);26,17;12;0;0;0
01077919;7909989922378;chinelo baby dedo havaianas disney classics i (3138 azul maceio a2 19);26,17;12;0;0;0
01077920;7909989922385;chinelo baby dedo havaianas disney classics i (3138 azul maceio a2 20);26,17;12;0;0;0
01077921;7909989922392;chinelo baby dedo havaianas disney classics i (3138 azul maceio a2 21);26,17;12;0;0;0
01077922;7909989922408;chinelo baby dedo havaianas disney classics i (3138 azul maceio a2 22);26,17;12;0;0;0
01077923;7909989922415;chinelo baby dedo havaianas disney classics i (3138 azul maceio a2 23/24);26,17;12;0;0;0
01077925;7909989922422;chinelo baby dedo havaianas disney classics i (3138 azul maceio a2 25/26);26,17;12;0;0;0
01078121;;babuche kidstep 2169.005 aranha (80 preto/vermelho 21/22);7,75;12;0;0;0
01078123;;babuche kidstep 2169.005 aranha (80 preto/vermelho 23/24);7,75;12;0;0;0
01078125;;babuche kidstep 2169.005 aranha (80 preto/vermelho 25/26);7,75;12;0;0;0
01078127;;babuche kidstep 2169.005 aranha (80 preto/vermelho 27/28);7,75;12;0;0;0
01078129;;babuche kidstep 2169.005 aranha (80 preto/vermelho 29/30);7,75;12;0;0;0
01078131;;babuche kidstep 2169.005 aranha (80 preto/vermelho 31/32);7,75;12;0;0;0
01078221;;babuche kidstep 2169.029 margarida (1207 lilas/gliter 21/22);7,75;12;0;0;0
01078223;;babuche kidstep 2169.029 margarida (1207 lilas/gliter 23/24);7,75;12;0;0;0
01078225;;babuche kidstep 2169.029 margarida (1207 lilas/gliter 25/26);7,75;12;0;0;0
01078227;;babuche kidstep 2169.029 margarida (1207 lilas/gliter 27/28);7,75;12;0;0;0
01078229;;babuche kidstep 2169.029 margarida (1207 lilas/gliter 29/30);7,75;12;0;0;0
01078231;;babuche kidstep 2169.029 margarida (1207 lilas/gliter 31/32);7,75;12;0;0;0
01078321;;babuche kidstep 2169.036 dino (114 marinho laranja 21/22);7,75;12;0;0;0
01078323;;babuche kidstep 2169.036 dino (114 marinho laranja 23/24);7,75;12;0;0;0
01078325;;babuche kidstep 2169.036 dino (114 marinho laranja 25/26);7,75;12;0;0;0
01078327;;babuche kidstep 2169.036 dino (114 marinho laranja 27/28);7,75;12;0;0;0
01078329;;babuche kidstep 2169.036 dino (114 marinho laranja 29/30);7,75;12;0;0;0
01078331;;babuche kidstep 2169.036 dino (114 marinho laranja 31/32);7,75;12;0;0;0
01078421;;babuche kidstep 2169.049 astronalta (114- marinho laranja a 21/22);7,75;12;0;0;0
01078423;;babuche kidstep 2169.049 astronalta (114- marinho laranja a 23/24);7,75;12;0;0;0
01078425;;babuche kidstep 2169.049 astronalta (114- marinho laranja a 25/26);7,75;12;0;0;0
01078427;;babuche kidstep 2169.049 astronalta (114- marinho laranja a 27/28);7,75;12;0;0;0
01078429;;babuche kidstep 2169.049 astronalta (114- marinho laranja a 29/30);7,75;12;0;0;0
01078431;;babuche kidstep 2169.049 astronalta (114- marinho laranja a 31/32);7,75;12;0;0;0
01078521;;babuche kidstep 2169.063 dog (1037 royal/laranja 21/22);7,75;12;0;0;0
01078523;;babuche kidstep 2169.063 dog (1037 royal/laranja 23/24);7,75;12;0;0;0
01078525;;babuche kidstep 2169.063 dog (1037 royal/laranja 25/26);7,75;12;0;0;0
01078527;;babuche kidstep 2169.063 dog (1037 royal/laranja 27/28);7,75;12;0;0;0
01078529;;babuche kidstep 2169.063 dog (1037 royal/laranja 29/30);7,75;12;0;0;0
01078531;;babuche kidstep 2169.063 dog (1037 royal/laranja 31/32);7,75;12;0;0;0
01078621;;babuche kidstep 2169.093 sonic (25 preto 21/22);7,75;12;0;0;0
01078623;;babuche kidstep 2169.093 sonic (25 preto 23/24);7,75;12;0;0;0
01078625;;babuche kidstep 2169.093 sonic (25 preto 25/26);7,75;12;0;0;0
01078627;;babuche kidstep 2169.093 sonic (25 preto 27/28);7,75;12;0;0;0
01078629;;babuche kidstep 2169.093 sonic (25 preto 29/30);7,75;12;0;0;0
01078631;;babuche kidstep 2169.093 sonic (25 preto 31/32);7,75;12;0;0;0
01078721;;babuche kidstep 2169.098 capivara (1229 preto/marrom 21/22);7,75;12;0;0;0
01078723;;babuche kidstep 2169.098 capivara (1229 preto/marrom 23/24);7,75;12;0;0;0
01078725;;babuche kidstep 2169.098 capivara (1229 preto/marrom 25/26);7,75;12;0;0;0
01078727;;babuche kidstep 2169.098 capivara (1229 preto/marrom 27/28);7,75;12;0;0;0
01078729;;babuche kidstep 2169.098 capivara (1229 preto/marrom 29/30);7,75;12;0;0;0
01078731;;babuche kidstep 2169.098 capivara (1229 preto/marrom 31/32);7,75;12;0;0;0
01078821;;babuche kidstep 2169.106 aranha (80 preto/vermelho a 21/22);7,75;12;0;0;0
01078823;;babuche kidstep 2169.106 aranha (80 preto/vermelho a 23/24);7,75;12;0;0;0
01078825;;babuche kidstep 2169.106 aranha (80 preto/vermelho a 25/26);7,75;12;0;0;0
01078827;;babuche kidstep 2169.106 aranha (80 preto/vermelho a 27/28);7,75;12;0;0;0
01078829;;babuche kidstep 2169.106 aranha (80 preto/vermelho a 29/30);7,75;12;0;0;0
01078831;;babuche kidstep 2169.106 aranha (80 preto/vermelho a 31/32);7,75;12;0;0;0
01078921;;babuche kidstep 2169.109 capivara (1214 marfim/marrom 21/22);7,75;12;0;0;0
01078923;;babuche kidstep 2169.109 capivara (1214 marfim/marrom 23/24);7,75;12;0;0;0
01078925;;babuche kidstep 2169.109 capivara (1214 marfim/marrom 25/26);7,75;12;0;0;0
01078927;;babuche kidstep 2169.109 capivara (1214 marfim/marrom 27/28);7,75;12;0;0;0
01078929;;babuche kidstep 2169.109 capivara (1214 marfim/marrom 29/30);7,75;12;0;0;0
01078931;;babuche kidstep 2169.109 capivara (1214 marfim/marrom 31/32);7,75;12;0;0;0
01079021;;babuche kidstep 2169.111 borboleta (821 marinho/rosa 21/22);7,75;12;0;0;0
01079023;;babuche kidstep 2169.111 borboleta (821 marinho/rosa 23/24);7,75;12;0;0;0
01079025;;babuche kidstep 2169.111 borboleta (821 marinho/rosa 25/26);7,75;12;0;0;0
01079027;;babuche kidstep 2169.111 borboleta (821 marinho/rosa 27/28);7,75;12;0;0;0
01079029;;babuche kidstep 2169.111 borboleta (821 marinho/rosa 29/30);7,75;12;0;0;0
01079031;;babuche kidstep 2169.111 borboleta (821 marinho/rosa 31/32);7,75;12;0;0;0
01079121;;babuche kidstep 2169.120 sti capivar (485 rosa gliter b 21/22);7,75;12;0;0;0
01079123;;babuche kidstep 2169.120 sti capivar (485 rosa gliter b 23/24);7,75;12;0;0;0
01079125;;babuche kidstep 2169.120 sti capivar (485 rosa gliter b 25/26);7,75;12;0;0;0
01079127;;babuche kidstep 2169.120 sti capivar (485 rosa gliter b 27/28);7,75;12;0;0;0
01079129;;babuche kidstep 2169.120 sti capivar (485 rosa gliter b 29/30);7,75;12;0;0;0
01079131;;babuche kidstep 2169.120 sti capivar (485 rosa gliter b 31/32);7,75;12;0;0;0
01079221;;babuche kidstep 2169.122 hel unicorn (485 rosa gliter c 21/22);7,75;12;0;0;0
01079223;;babuche kidstep 2169.122 hel unicorn (485 rosa gliter c 23/24);7,75;12;0;0;0
01079225;;babuche kidstep 2169.122 hel unicorn (485 rosa gliter c 25/26);7,75;12;0;0;0
01079227;;babuche kidstep 2169.122 hel unicorn (485 rosa gliter c 27/28);7,75;12;0;0;0
01079229;;babuche kidstep 2169.122 hel unicorn (485 rosa gliter c 29/30);7,75;12;0;0;0
01079231;;babuche kidstep 2169.122 hel unicorn (485 rosa gliter c 31/32);7,75;12;0;0;0
01079321;;babuche kidstep 2169.125 d rosa (485 rosa gliter d 21/22);7,75;12;0;0;0
01079323;;babuche kidstep 2169.125 d rosa (485 rosa gliter d 23/24);7,75;12;0;0;0
01079325;;babuche kidstep 2169.125 d rosa (485 rosa gliter d 25/26);7,75;12;0;0;0
01079327;;babuche kidstep 2169.125 d rosa (485 rosa gliter d 27/28);7,75;12;0;0;0
01079329;;babuche kidstep 2169.125 d rosa (485 rosa gliter d 29/30);7,75;12;0;0;0
01079331;;babuche kidstep 2169.125 d rosa (485 rosa gliter d 31/32);7,75;12;0;0;0
01079427;;chinelo slide feminino kidstep 2176.002 borboleta (3 lilas 27/28);7,75;12;0;0;0
01079429;;chinelo slide feminino kidstep 2176.002 borboleta (3 lilas 29/30);7,75;12;0;0;0
01079431;;chinelo slide feminino kidstep 2176.002 borboleta (3 lilas 31/32);7,75;12;0;0;0
01079433;;chinelo slide feminino kidstep 2176.002 borboleta (3 lilas 33/34);7,75;12;0;0;0
01079435;;chinelo slide feminino kidstep 2176.002 borboleta (3 lilas 35/36);7,75;12;0;0;0
01079527;;chinelo slide feminino kidstep 2176.006 stit (2 rosa 27/28);7,75;12;0;0;0
01079529;;chinelo slide feminino kidstep 2176.006 stit (2 rosa 29/30);7,75;12;0;0;0
01079531;;chinelo slide feminino kidstep 2176.006 stit (2 rosa 31/32);7,75;12;0;0;0
01080117;;sandalia grendene kids 23345 disney + carri (bw673 rosa/rosa 17/18);88,87;12;0;0;0
01080119;7900377019519;sandalia grendene kids 23345 disney + carri (bw673 rosa/rosa 19);88,87;12;0;0;0
01080120;7900377019526;sandalia grendene kids 23345 disney + carri (bw673 rosa/rosa 20/21);88,87;12;0;0;0
01080122;7900377019533;sandalia grendene kids 23345 disney + carri (bw673 rosa/rosa 22);88,87;12;0;0;0
01080123;7900377019540;sandalia grendene kids 23345 disney + carri (bw673 rosa/rosa 23/24);88,87;12;0;0;0
01080125;7900377019557;sandalia grendene kids 23345 disney + carri (bw673 rosa/rosa 25);88,87;12;0;0;0
01080126;7900377019564;sandalia grendene kids 23345 disney + carri (bw673 rosa/rosa 26/27);88,87;12;0;0;0
01080217;7900377253418;chinelo baby dedo ipanema 27531 antomica ii (cc406 rosa/glitte 17/18);16,37;12;0;0;0
01080219;7900377253425;chinelo baby dedo ipanema 27531 antomica ii (cc406 rosa/glitte 19);16,37;12;0;0;0
01080220;7900377253432;chinelo baby dedo ipanema 27531 antomica ii (cc406 rosa/glitte 20/21);16,37;12;0;0;0
01080222;7900377253449;chinelo baby dedo ipanema 27531 antomica ii (cc406 rosa/glitte 22);16,37;12;0;0;0
01080223;7900377253456;chinelo baby dedo ipanema 27531 antomica ii (cc406 rosa/glitte 23/24);16,37;12;0;0;0
01080225;;chinelo baby dedo ipanema 27531 antomica ii (cc406 rosa/glitte 25);16,37;12;0;0;0
01080317;7900377253616;chinelo baby dedo ipanema 27531 anatomica ii (cc411 azul/azul 17/18);16,37;12;0;0;0
01080319;7900377253623;chinelo baby dedo ipanema 27531 anatomica ii (cc411 azul/azul 19);16,37;12;0;0;0
01080320;7900377253630;chinelo baby dedo ipanema 27531 anatomica ii (cc411 azul/azul 20/21);16,37;12;0;0;0
01080322;7900377253647;chinelo baby dedo ipanema 27531 anatomica ii (cc411 azul/azul 22);16,37;12;0;0;0
01080323;7900377253654;chinelo baby dedo ipanema 27531 anatomica ii (cc411 azul/azul 23/24);16,37;12;0;0;0
01080325;;chinelo baby dedo ipanema 27531 anatomica ii (cc411 azul/azul 25);16,37;12;0;0;0
01080426;7900466512839;sandalia molekinha 2878.102 mc (27172 preto/cristal 26);52,01;12;0;0;0
01080427;7900466512846;sandalia molekinha 2878.102 mc (27172 preto/cristal 27);52,01;12;0;0;0
01080428;7900466512853;sandalia molekinha 2878.102 mc (27172 preto/cristal 28);52,01;12;0;0;0
01080429;7900466512860;sandalia molekinha 2878.102 mc (27172 preto/cristal 29);52,01;12;0;0;0
01080430;7900466512877;sandalia molekinha 2878.102 mc (27172 preto/cristal 30);52,01;12;0;0;0
01080431;7900466512884;sandalia molekinha 2878.102 mc (27172 preto/cristal 31);52,01;12;0;0;0
01080432;7900466512891;sandalia molekinha 2878.102 mc (27172 preto/cristal 32);52,01;12;0;0;0
01080433;7900466512907;sandalia molekinha 2878.102 mc (27172 preto/cristal 33);52,01;12;0;0;0
01080434;7900466512914;sandalia molekinha 2878.102 mc (27172 preto/cristal 34);52,01;12;0;0;0
01080435;7900466512921;sandalia molekinha 2878.102 mc (27172 preto/cristal 35);52,01;12;0;0;0
01080436;7900466512938;sandalia molekinha 2878.102 mc (27172 preto/cristal 36);52,01;12;0;0;0
01080526;7900466435572;sandalia molekinha 2378.104 turim (35312 branco off a5 26);56,62;12;0;0;0
01080527;7900466435589;sandalia molekinha 2378.104 turim (35312 branco off a5 27);56,62;12;0;0;0
01080528;7900466435596;sandalia molekinha 2378.104 turim (35312 branco off a5 28);56,62;12;0;0;0
01080529;7900466435602;sandalia molekinha 2378.104 turim (35312 branco off a5 29);56,62;12;0;0;0
01080530;7900466435619;sandalia molekinha 2378.104 turim (35312 branco off a5 30);56,62;12;0;0;0
01080531;7900466435626;sandalia molekinha 2378.104 turim (35312 branco off a5 31);56,62;12;0;0;0
01080532;7900466435633;sandalia molekinha 2378.104 turim (35312 branco off a5 32);56,62;12;0;0;0
01080533;7900466435640;sandalia molekinha 2378.104 turim (35312 branco off a5 33);56,62;12;0;0;0
01080534;7900466435657;sandalia molekinha 2378.104 turim (35312 branco off a5 34);56,62;12;0;0;0
01080535;;sandalia molekinha 2378.104 turim (35312 branco off a5 35);56,62;12;0;0;0
01080536;;sandalia molekinha 2378.104 turim (35312 branco off a5 36);56,62;12;0;0;0
01080626;7900466368856;sandalia molekinha 2378.104 turim (105829 rose 26);56,63;12;0;0;0
01080627;7900466368863;sandalia molekinha 2378.104 turim (105829 rose 27);56,63;12;0;0;0
01080628;7900466368870;sandalia molekinha 2378.104 turim (105829 rose 28);56,63;12;0;0;0
01080629;7900466368887;sandalia molekinha 2378.104 turim (105829 rose 29);56,63;12;0;0;0
01080630;7900466368894;sandalia molekinha 2378.104 turim (105829 rose 30);56,63;12;0;0;0
01080631;7900466368900;sandalia molekinha 2378.104 turim (105829 rose 31);56,63;12;0;0;0
01080632;7900466368917;sandalia molekinha 2378.104 turim (105829 rose 32);56,63;12;0;0;0
01080633;7900466368924;sandalia molekinha 2378.104 turim (105829 rose 33);56,63;12;0;0;0
01080634;7900466368931;sandalia molekinha 2378.104 turim (105829 rose 34);56,63;12;0;0;0
01080635;7900466368948;sandalia molekinha 2378.104 turim (105829 rose 35);56,63;12;0;0;0
01080636;7900466368955;sandalia molekinha 2378.104 turim (105829 rose 36);56,63;12;0;0;0
01080726;7900466695914;tenis casual molekinha 2582.114 turim (108331 branco/rose 26);65,64;12;0;0;0
01080727;;tenis casual molekinha 2582.114 turim (108331 branco/rose 27);65,64;12;0;0;0
01080728;7900466695938;tenis casual molekinha 2582.114 turim (108331 branco/rose 28);65,64;12;0;0;0
01080729;7900466695945;tenis casual molekinha 2582.114 turim (108331 branco/rose 29);65,64;12;0;0;0
01080730;;tenis casual molekinha 2582.114 turim (108331 branco/rose 30);65,64;12;0;0;0
01080731;;tenis casual molekinha 2582.114 turim (108331 branco/rose 31);65,64;12;0;0;0
01080732;7900466695976;tenis casual molekinha 2582.114 turim (108331 branco/rose 32);65,64;12;0;0;0
01080733;7900466695983;tenis casual molekinha 2582.114 turim (108331 branco/rose 33);65,64;12;0;0;0
01080734;7900466695990;tenis casual molekinha 2582.114 turim (108331 branco/rose 34);65,64;12;0;0;0
01080735;7900466696003;tenis casual molekinha 2582.114 turim (108331 branco/rose 35);65,64;12;0;0;0
01080736;;tenis casual molekinha 2582.114 turim (108331 branco/rose 36);65,64;12;0;0;0
01080833;7909989969489;chinelo dedo masculino molekinha top disney i m (555 marinho a 33/34);26,17;12;0;0;0
01080835;7909989969496;chinelo dedo masculino molekinha top disney i m (555 marinho a 35/36);26,17;12;0;0;0
01080837;7909989969502;chinelo dedo masculino molekinha top disney i m (555 marinho a 37/38);26,17;12;0;0;0
01080839;7909989969519;chinelo dedo masculino molekinha top disney i m (555 marinho a 39/40);26,17;12;0;0;0
01080841;7909989969526;chinelo dedo masculino molekinha top disney i m (555 marinho a 41/42);26,17;12;0;0;0
01080843;;chinelo dedo masculino molekinha top disney i m (555 marinho a 43/44);26,17;12;0;0;0
01080845;;chinelo dedo masculino molekinha top disney i m (555 marinho a 45/46);26,17;12;0;0;0
01080847;;chinelo dedo masculino molekinha top disney i m (555 marinho a 47/48);26,17;12;0;0;0
01080933;;chinelo dedo masculino molekinha top marvel lgmn (1069 preto a 33/34);28,79;12;0;0;0
01080935;7909989934579;chinelo dedo masculino molekinha top marvel lgmn (1069 preto a 35/36);28,79;12;0;0;0
01080937;7909989934586;chinelo dedo masculino molekinha top marvel lgmn (1069 preto a 37/38);28,79;12;0;0;0
01080939;7909989934593;chinelo dedo masculino molekinha top marvel lgmn (1069 preto a 39/40);28,79;12;0;0;0
01080941;7909989934609;chinelo dedo masculino molekinha top marvel lgmn (1069 preto a 41/42);28,79;12;0;0;0
01080943;;chinelo dedo masculino molekinha top marvel lgmn (1069 preto a 43/44);28,79;12;0;0;0
01080945;;chinelo dedo masculino molekinha top marvel lgmn (1069 preto a 45/46);28,79;12;0;0;0
01080947;;chinelo dedo masculino molekinha top marvel lgmn (1069 preto a 47/48);28,79;12;0;0;0
01081123;7909989982334;chinelo infantil dedo havaianas bluey f (121 bege palha a 23/24);28,79;12;0;0;0
01081125;7909989982341;chinelo infantil dedo havaianas bluey f (121 bege palha a 25/26);28,79;12;0;0;0
01081127;7909989982358;chinelo infantil dedo havaianas bluey f (121 bege palha a 27/28);28,79;12;0;0;0
01081129;7909989982891;chinelo infantil dedo havaianas bluey f (121 bege palha a 29/30);28,79;12;0;0;0
01081131;7909989982907;chinelo infantil dedo havaianas bluey f (121 bege palha a 31/32);28,79;12;0;0;0
01081133;7909989982914;chinelo infantil dedo havaianas bluey f (121 bege palha a 33/34);28,79;12;0;0;0
01081135;7909989982921;chinelo infantil dedo havaianas bluey f (121 bege palha a 35/36);28,79;12;0;0;0
01081223;7909989942628;chinelo infantil dedo havaianas slim disney stitic (3138 azul maceio a3 23/24);34,76;12;0;0;0
01081225;7909989942635;chinelo infantil dedo havaianas slim disney stitic (3138 azul maceio a3 25/26);34,76;12;0;0;0
01081227;7909989942642;chinelo infantil dedo havaianas slim disney stitic (3138 azul maceio a3 27/28);34,76;12;0;0;0
01081229;7909989942659;chinelo infantil dedo havaianas slim disney stitic (3138 azul maceio a3 29/30);34,76;12;0;0;0
01081231;7909989942666;chinelo infantil dedo havaianas slim disney stitic (3138 azul maceio a3 31/32);34,76;12;0;0;0
01081233;7909989942673;chinelo infantil dedo havaianas slim disney stitic (3138 azul maceio a3 33/34);34,76;12;0;0;0
01081235;7909989942680;chinelo infantil dedo havaianas slim disney stitic (3138 azul maceio a3 35/36);34,76;12;0;0;0
01081333;7909690940425;chinelo dedo masculino havaianas top logo pop (90 preto a 33/34);23,55;12;0;0;0
01081335;7909690940432;chinelo dedo masculino havaianas top logo pop (90 preto a 35/36);23,55;12;0;0;0
01081337;7909690940449;chinelo dedo masculino havaianas top logo pop (90 preto a 37/38);23,55;12;0;0;0
01081339;7909690940456;chinelo dedo masculino havaianas top logo pop (90 preto a 39/40);23,55;12;0;0;0
01081341;7909690940463;chinelo dedo masculino havaianas top logo pop (90 preto a 41/42);23,55;12;0;0;0
01081343;7909690940470;chinelo dedo masculino havaianas top logo pop (90 preto a 43/44);23,55;12;0;0;0
01081345;7909690940487;chinelo dedo masculino havaianas top logo pop (90 preto a 45/46);23,55;12;0;0;0
01081347;;chinelo dedo masculino havaianas top logo pop (90 preto a 47/48);23,55;12;0;0;0
01081433;;chinelo dedo feminino havaianas top glitter (3154 verde mandacaru a 33/34);39,25;12;0;0;0
01081435;7909989946787;chinelo dedo feminino havaianas top glitter (3154 verde mandacaru a 35/36);39,25;12;0;0;0
01081437;7909989946794;chinelo dedo feminino havaianas top glitter (3154 verde mandacaru a 37/38);39,25;12;0;0;0
01081439;7909989946800;chinelo dedo feminino havaianas top glitter (3154 verde mandacaru a 39/40);39,25;12;0;0;0
01081441;7909989946817;chinelo dedo feminino havaianas top glitter (3154 verde mandacaru a 41/42);39,25;12;0;0;0
01081533;;chinelo dedo feminino havaianas top glitter (3190 manga rosa b 33/34);39,25;12;0;0;0
01081535;7909989946831;chinelo dedo feminino havaianas top glitter (3190 manga rosa b 35/36);39,25;12;0;0;0
01081537;7909989946848;chinelo dedo feminino havaianas top glitter (3190 manga rosa b 37/38);39,25;12;0;0;0
01081539;7909989946855;chinelo dedo feminino havaianas top glitter (3190 manga rosa b 39/40);39,25;12;0;0;0
01081541;7909989946862;chinelo dedo feminino havaianas top glitter (3190 manga rosa b 41/42);39,25;12;0;0;0
01081627;7900466405810;chinelo slide infantil molekinho eva 2417.205 (111684 preto/cinza/branco 27);35,06;12;0;0;0
01081628;;chinelo slide infantil molekinho eva 2417.205 (111684 preto/cinza/branco 28);35,06;12;0;0;0
01081629;7900466405827;chinelo slide infantil molekinho eva 2417.205 (111684 preto/cinza/branco 29);35,06;12;0;0;0
01081630;;chinelo slide infantil molekinho eva 2417.205 (111684 preto/cinza/branco 30);35,06;12;0;0;0
01081631;7900466405834;chinelo slide infantil molekinho eva 2417.205 (111684 preto/cinza/branco 31);35,06;12;0;0;0
01081632;;chinelo slide infantil molekinho eva 2417.205 (111684 preto/cinza/branco 32);35,06;12;0;0;0
01081633;7900466405841;chinelo slide infantil molekinho eva 2417.205 (111684 preto/cinza/branco 33);35,06;12;0;0;0
01081634;;chinelo slide infantil molekinho eva 2417.205 (111684 preto/cinza/branco 34);35,06;12;0;0;0
01081635;7900466405858;chinelo slide infantil molekinho eva 2417.205 (111684 preto/cinza/branco 35);35,06;12;0;0;0
01081636;;chinelo slide infantil molekinho eva 2417.205 (111684 preto/cinza/branco 36);35,06;12;0;0;0
01081733;;tenis sport actvitta ny kansas 4863.400 (111367 branco /camel/lime 33);167,70;12;0;0;0
01081734;7900466336176;tenis sport actvitta ny kansas 4863.400 (111367 branco /camel/lime 34);167,70;12;0;0;0
01081735;7900466336183;tenis sport actvitta ny kansas 4863.400 (111367 branco /camel/lime 35);167,70;12;0;0;0
01081736;7900466336190;tenis sport actvitta ny kansas 4863.400 (111367 branco /camel/lime 36);167,70;12;0;0;0
01081737;7900466336213;tenis sport actvitta ny kansas 4863.400 (111367 branco /camel/lime 37);167,70;12;0;0;0
01081738;7900466336237;tenis sport actvitta ny kansas 4863.400 (111367 branco /camel/lime 38);167,70;12;0;0;0
01081739;7900466336244;tenis sport actvitta ny kansas 4863.400 (111367 branco /camel/lime 39);167,70;12;0;0;0
01081740;7900466336251;tenis sport actvitta ny kansas 4863.400 (111367 branco /camel/lime 40);167,70;12;0;0;0
01081834;;sapatenis actvitta neo beta 4929.101 (16072 branco a2 34);75,03;12;0;0;0
01081835;7900466302652;sapatenis actvitta neo beta 4929.101 (16072 branco a2 35);75,03;12;0;0;0
01081836;7900466302669;sapatenis actvitta neo beta 4929.101 (16072 branco a2 36);75,03;12;0;0;0
01081837;7900466302676;sapatenis actvitta neo beta 4929.101 (16072 branco a2 37);75,03;12;0;0;0
01081838;7900466302683;sapatenis actvitta neo beta 4929.101 (16072 branco a2 38);75,03;12;0;0;0
01081839;7900466302690;sapatenis actvitta neo beta 4929.101 (16072 branco a2 39);75,03;12;0;0;0
01081840;7900466302706;sapatenis actvitta neo beta 4929.101 (16072 branco a2 40);75,03;12;0;0;0
01081841;7900466302713;sapatenis actvitta neo beta 4929.101 (16072 branco a2 41);75,03;12;0;0;0
01081842;7900466302720;sapatenis actvitta neo beta 4929.101 (16072 branco a2 42);75,03;12;0;0;0
01081843;7900466302737;sapatenis actvitta neo beta 4929.101 (16072 branco a2 43);75,03;12;0;0;0
01081844;7900466302744;sapatenis actvitta neo beta 4929.101 (16072 branco a2 44);75,03;12;0;0;0
01081934;;sapatenis actvitta neo beta 4929.101 (110100 camel 34);75,03;12;0;0;0
01081935;;sapatenis actvitta neo beta 4929.101 (110100 camel 35);75,03;12;0;0;0
01081936;;sapatenis actvitta neo beta 4929.101 (110100 camel 36);75,03;12;0;0;0
01081937;7900466302775;sapatenis actvitta neo beta 4929.101 (110100 camel 37);75,03;12;0;0;0
01081938;7900466302782;sapatenis actvitta neo beta 4929.101 (110100 camel 38);75,03;12;0;0;0
01081939;7900466302799;sapatenis actvitta neo beta 4929.101 (110100 camel 39);75,03;12;0;0;0
01081940;7900466302805;sapatenis actvitta neo beta 4929.101 (110100 camel 40);75,03;12;0;0;0
01081941;7900466302812;sapatenis actvitta neo beta 4929.101 (110100 camel 41);75,03;12;0;0;0
01081942;7900466302829;sapatenis actvitta neo beta 4929.101 (110100 camel 42);75,03;12;0;0;0
01081943;7900466302836;sapatenis actvitta neo beta 4929.101 (110100 camel 43);75,03;12;0;0;0
01081944;7900466302843;sapatenis actvitta neo beta 4929.101 (110100 camel 44);75,03;12;0;0;0
01082033;;tenis casual feminino modare suprema 7417.101 (branco/dourado 17165 33);135,73;12;0;0;0
01082034;7900466299525;tenis casual feminino modare suprema 7417.101 (branco/dourado 17165 34);135,73;12;0;0;0
01082035;7900466299532;tenis casual feminino modare suprema 7417.101 (branco/dourado 17165 35);135,73;12;0;0;0
01082036;7900466299549;tenis casual feminino modare suprema 7417.101 (branco/dourado 17165 36);135,73;12;0;0;0
01082037;7900466299563;tenis casual feminino modare suprema 7417.101 (branco/dourado 17165 37);135,73;12;0;0;0
01082038;7900466299587;tenis casual feminino modare suprema 7417.101 (branco/dourado 17165 38);135,73;12;0;0;0
01082039;7900466299594;tenis casual feminino modare suprema 7417.101 (branco/dourado 17165 39);135,73;12;0;0;0
01082040;7900466299600;tenis casual feminino modare suprema 7417.101 (branco/dourado 17165 40);135,73;12;0;0;0
01082133;;tenis casual feminino modare suprema 7417.102 (branco/bege 111601 33);135,73;12;0;0;0
01082134;7900466299624;tenis casual feminino modare suprema 7417.102 (branco/bege 111601 34);135,73;12;0;0;0
01082135;7900466299631;tenis casual feminino modare suprema 7417.102 (branco/bege 111601 35);135,73;12;0;0;0
01082136;7900466299648;tenis casual feminino modare suprema 7417.102 (branco/bege 111601 36);135,73;12;0;0;0
01082137;7900466299662;tenis casual feminino modare suprema 7417.102 (branco/bege 111601 37);135,73;12;0;0;0
01082138;7900466299686;tenis casual feminino modare suprema 7417.102 (branco/bege 111601 38);135,73;12;0;0;0
01082139;7900466299693;tenis casual feminino modare suprema 7417.102 (branco/bege 111601 39);135,73;12;0;0;0
01082140;7900466299709;tenis casual feminino modare suprema 7417.102 (branco/bege 111601 40);135,73;12;0;0;0
01082218;;sandalia papete baby molekinha napa turim 2751.101 (rose 1434 18);49,06;12;0;0;0
01082219;7900466333892;sandalia papete baby molekinha napa turim 2751.101 (rose 1434 19);49,06;12;0;0;0
01082220;7900466333908;sandalia papete baby molekinha napa turim 2751.101 (rose 1434 20);49,06;12;0;0;0
01082221;7900466333915;sandalia papete baby molekinha napa turim 2751.101 (rose 1434 21);49,06;12;0;0;0
01082222;7900466333922;sandalia papete baby molekinha napa turim 2751.101 (rose 1434 22);49,06;12;0;0;0
01082223;7900466333939;sandalia papete baby molekinha napa turim 2751.101 (rose 1434 23);49,06;12;0;0;0
01082224;7900466333946;sandalia papete baby molekinha napa turim 2751.101 (rose 1434 24);49,06;12;0;0;0
01082225;7900466333953;sandalia papete baby molekinha napa turim 2751.101 (rose 1434 25);49,06;12;0;0;0
01082318;;sandalia papete baby molekinha napa turim 2751.101 (branco off 35312 18);49,06;12;0;0;0
01082319;7900466435701;sandalia papete baby molekinha napa turim 2751.101 (branco off 35312 19);49,06;12;0;0;0
01082320;7900466435718;sandalia papete baby molekinha napa turim 2751.101 (branco off 35312 20);49,06;12;0;0;0
01082321;7900466435725;sandalia papete baby molekinha napa turim 2751.101 (branco off 35312 21);49,06;12;0;0;0
01082322;7900466435732;sandalia papete baby molekinha napa turim 2751.101 (branco off 35312 22);49,06;12;0;0;0
01082323;7900466435749;sandalia papete baby molekinha napa turim 2751.101 (branco off 35312 23);49,06;12;0;0;0
01082324;7900466435756;sandalia papete baby molekinha napa turim 2751.101 (branco off 35312 24);49,06;12;0;0;0
01082325;7900466435763;sandalia papete baby molekinha napa turim 2751.101 (branco off 35312 25);49,06;12;0;0;0
01082417;;sandalia papete baby molekinha v premium 2751.103 (branco off a 35312 17);49,06;12;0;0;0
01082418;;sandalia papete baby molekinha v premium 2751.103 (branco off a 35312 18);49,06;12;0;0;0
01082419;7900466334073;sandalia papete baby molekinha v premium 2751.103 (branco off a 35312 19);49,06;12;0;0;0
01082420;7900466334080;sandalia papete baby molekinha v premium 2751.103 (branco off a 35312 20);49,06;12;0;0;0
01082421;7900466334097;sandalia papete baby molekinha v premium 2751.103 (branco off a 35312 21);49,06;12;0;0;0
01082422;7900466334103;sandalia papete baby molekinha v premium 2751.103 (branco off a 35312 22);49,06;12;0;0;0
01082423;7900466334110;sandalia papete baby molekinha v premium 2751.103 (branco off a 35312 23);49,06;12;0;0;0
01082424;7900466334127;sandalia papete baby molekinha v premium 2751.103 (branco off a 35312 24);49,06;12;0;0;0
01082425;7900466334134;sandalia papete baby molekinha v premium 2751.103 (branco off a 35312 25);49,06;12;0;0;0
01082426;;sandalia papete baby molekinha v premium 2751.103 (branco off a 35312 26);49,06;12;0;0;0
01082537;7900466443355;tenis esportivo actvitta kansas 4952.400 (preto/branco/chumbo 37);176,71;12;0;0;0
01082538;7900466443362;tenis esportivo actvitta kansas 4952.400 (preto/branco/chumbo 38);176,71;12;0;0;0
01082539;7900466443379;tenis esportivo actvitta kansas 4952.400 (preto/branco/chumbo 39);176,71;12;0;0;0
01082540;7900466443386;tenis esportivo actvitta kansas 4952.400 (preto/branco/chumbo 40);176,71;12;0;0;0
01082541;7900466443393;tenis esportivo actvitta kansas 4952.400 (preto/branco/chumbo 41);176,71;12;0;0;0
01082542;7900466443409;tenis esportivo actvitta kansas 4952.400 (preto/branco/chumbo 42);176,71;12;0;0;0
01082543;7900466443416;tenis esportivo actvitta kansas 4952.400 (preto/branco/chumbo 43);176,71;12;0;0;0
01082544;7900466443423;tenis esportivo actvitta kansas 4952.400 (preto/branco/chumbo 44);176,71;12;0;0;0
01082545;;tenis esportivo actvitta kansas 4952.400 (preto/branco/chumbo 45);176,71;12;0;0;0
01082626;7900466732916;sandalia papete infantil molekinha camurca 2357.12 (preto/preto 15758 26);68,49;12;0;0;0
01082627;7900466732923;sandalia papete infantil molekinha camurca 2357.12 (preto/preto 15758 27);68,49;12;0;0;0
01082628;7900466732930;sandalia papete infantil molekinha camurca 2357.12 (preto/preto 15758 28);68,49;12;0;0;0
01082629;7900466732947;sandalia papete infantil molekinha camurca 2357.12 (preto/preto 15758 29);68,49;12;0;0;0
01082630;7900466732954;sandalia papete infantil molekinha camurca 2357.12 (preto/preto 15758 30);68,49;12;0;0;0
01082631;7900466732961;sandalia papete infantil molekinha camurca 2357.12 (preto/preto 15758 31);68,49;12;0;0;0
01082632;7900466732978;sandalia papete infantil molekinha camurca 2357.12 (preto/preto 15758 32);68,49;12;0;0;0
01082633;7900466732985;sandalia papete infantil molekinha camurca 2357.12 (preto/preto 15758 33);68,49;12;0;0;0
01082634;7900466732992;sandalia papete infantil molekinha camurca 2357.12 (preto/preto 15758 34);68,49;12;0;0;0
01082635;7900466733005;sandalia papete infantil molekinha camurca 2357.12 (preto/preto 15758 35);68,49;12;0;0;0
01082636;7900466733012;sandalia papete infantil molekinha camurca 2357.12 (preto/preto 15758 36);68,49;12;0;0;0
01082726;7900466571447;sandalia papete infantil molekinha camurca 2357.12 (nude/nude 53152 26);68,49;12;0;0;0
01082727;7900466571454;sandalia papete infantil molekinha camurca 2357.12 (nude/nude 53152 27);68,49;12;0;0;0
01082728;7900466568706;sandalia papete infantil molekinha camurca 2357.12 (nude/nude 53152 28);68,49;12;0;0;0
01082729;7900466571461;sandalia papete infantil molekinha camurca 2357.12 (nude/nude 53152 29);68,49;12;0;0;0
01082730;7900466571478;sandalia papete infantil molekinha camurca 2357.12 (nude/nude 53152 30);68,49;12;0;0;0
01082731;7900466571485;sandalia papete infantil molekinha camurca 2357.12 (nude/nude 53152 31);68,49;12;0;0;0
01082732;7900466571492;sandalia papete infantil molekinha camurca 2357.12 (nude/nude 53152 32);68,49;12;0;0;0
01082733;7900466571508;sandalia papete infantil molekinha camurca 2357.12 (nude/nude 53152 33);68,49;12;0;0;0
01082734;7900466571515;sandalia papete infantil molekinha camurca 2357.12 (nude/nude 53152 34);68,49;12;0;0;0
01082735;7900466571522;sandalia papete infantil molekinha camurca 2357.12 (nude/nude 53152 35);68,49;12;0;0;0
01082736;7900466571539;sandalia papete infantil molekinha camurca 2357.12 (nude/nude 53152 36);68,49;12;0;0;0
01082826;;sandalia slide menina molekinha italia 2357.121 (dourado 66 26);54,28;12;0;0;0
01082827;;sandalia slide menina molekinha italia 2357.121 (dourado 66 27);54,28;12;0;0;0
01082828;7900466747699;sandalia slide menina molekinha italia 2357.121 (dourado 66 28);54,28;12;0;0;0
01082829;7900466747705;sandalia slide menina molekinha italia 2357.121 (dourado 66 29);54,28;12;0;0;0
01082830;7900466747712;sandalia slide menina molekinha italia 2357.121 (dourado 66 30);54,28;12;0;0;0
01082831;7900466747729;sandalia slide menina molekinha italia 2357.121 (dourado 66 31);54,28;12;0;0;0
01082832;7900466747736;sandalia slide menina molekinha italia 2357.121 (dourado 66 32);54,28;12;0;0;0
01082833;7900466747743;sandalia slide menina molekinha italia 2357.121 (dourado 66 33);54,28;12;0;0;0
01082834;7900466747750;sandalia slide menina molekinha italia 2357.121 (dourado 66 34);54,28;12;0;0;0
01082835;7900466747767;sandalia slide menina molekinha italia 2357.121 (dourado 66 35);54,28;12;0;0;0
01082836;7900466747774;sandalia slide menina molekinha italia 2357.121 (dourado 66 36);54,28;12;0;0;0
01082937;7900377037841;chinelo dedo masculino molekinha core up 12652 (bz1458 preto/preto 37/38);15,42;12;0;0;0
01082939;7900377037858;chinelo dedo masculino molekinha core up 12652 (bz1458 preto/preto 39/40);15,42;12;0;0;0
01082941;7900377037865;chinelo dedo masculino molekinha core up 12652 (bz1458 preto/preto 41/42);15,42;12;0;0;0
01082943;7900377037872;chinelo dedo masculino molekinha core up 12652 (bz1458 preto/preto 43/44);15,42;12;0;0;0
01083017;7900377080755;sandalia papete baby zaxynina 19411ca3050178 (ca305 off white gliter 17/18);32,73;12;0;0;0
01083019;7900377080762;sandalia papete baby zaxynina 19411ca3050178 (ca305 off white gliter 19);32,73;12;0;0;0
01083020;7900377080779;sandalia papete baby zaxynina 19411ca3050178 (ca305 off white gliter 20);32,73;12;0;0;0
01083021;7900377080786;sandalia papete baby zaxynina 19411ca3050178 (ca305 off white gliter 21);32,73;12;0;0;0
01083022;7900377080793;sandalia papete baby zaxynina 19411ca3050178 (ca305 off white gliter 22);32,73;12;0;0;0
01083023;7900377080809;sandalia papete baby zaxynina 19411ca3050178 (ca305 off white gliter 23/24);32,73;12;0;0;0
01083025;;sandalia papete baby zaxynina 19411ca3050178 (ca305 off white gliter 25);32,73;12;0;0;0
01083026;;sandalia papete baby zaxynina 19411ca3050178 (ca305 off white gliter 26/27);32,73;12;0;0;0
01083117;;sandalia papete baby grendene kids lumy 23488 f (cb685 rosa/glitter 17/18);28,06;12;0;0;0
01083119;7900377107353;sandalia papete baby grendene kids lumy 23488 f (cb685 rosa/glitter 19);28,06;12;0;0;0
01083120;7900377107360;sandalia papete baby grendene kids lumy 23488 f (cb685 rosa/glitter 20/21);28,06;12;0;0;0
01083122;7900377107377;sandalia papete baby grendene kids lumy 23488 f (cb685 rosa/glitter 22);28,06;12;0;0;0
01083123;7900377107384;sandalia papete baby grendene kids lumy 23488 f (cb685 rosa/glitter 23/24);28,06;12;0;0;0
01083125;7900377107391;sandalia papete baby grendene kids lumy 23488 f (cb685 rosa/glitter 25);28,06;12;0;0;0
01083126;7900377107407;sandalia papete baby grendene kids lumy 23488 f (cb685 rosa/glitter 26/27);28,06;12;0;0;0
01083217;7900377291007;sandalia papete baby grendene kids lumy 23488 f (cc632 rosa/bege 17/18);28,06;12;0;0;0
01083219;7900377291014;sandalia papete baby grendene kids lumy 23488 f (cc632 rosa/bege 19);28,06;12;0;0;0
01083220;7900377291021;sandalia papete baby grendene kids lumy 23488 f (cc632 rosa/bege 20/21);28,06;12;0;0;0
01083222;7900377291038;sandalia papete baby grendene kids lumy 23488 f (cc632 rosa/bege 22);28,06;12;0;0;0
01083223;7900377291045;sandalia papete baby grendene kids lumy 23488 f (cc632 rosa/bege 23/24);28,06;12;0;0;0
01083225;7900377291052;sandalia papete baby grendene kids lumy 23488 f (cc632 rosa/bege 25);28,06;12;0;0;0
01083226;;sandalia papete baby grendene kids lumy 23488 f (cc632 rosa/bege 26/27);28,06;12;0;0;0
01083317;7900377124176;sandalia papete baby grendene kids lumy 23488 m (cb815 verde/verde 17/18);28,06;12;0;0;0
01083319;7900377124183;sandalia papete baby grendene kids lumy 23488 m (cb815 verde/verde 19);28,06;12;0;0;0
01083320;7900377124190;sandalia papete baby grendene kids lumy 23488 m (cb815 verde/verde 20/21);28,06;12;0;0;0
01083322;7900377124206;sandalia papete baby grendene kids lumy 23488 m (cb815 verde/verde 22);28,06;12;0;0;0
01083323;7900377124213;sandalia papete baby grendene kids lumy 23488 m (cb815 verde/verde 23/24);28,06;12;0;0;0
01083325;7900377124220;sandalia papete baby grendene kids lumy 23488 m (cb815 verde/verde 25);28,06;12;0;0;0
01083326;;sandalia papete baby grendene kids lumy 23488 m (cb815 verde/verde 26/27);28,06;12;0;0;0
01083417;7900377290864;sandalia papete baby grendene kids lumy 23488 m (cc629 verde/castor 17/18);28,06;12;0;0;0
01083419;7900377290871;sandalia papete baby grendene kids lumy 23488 m (cc629 verde/castor 19);28,06;12;0;0;0
01083420;7900377290888;sandalia papete baby grendene kids lumy 23488 m (cc629 verde/castor 20/21);28,06;12;0;0;0
01083422;7900377290895;sandalia papete baby grendene kids lumy 23488 m (cc629 verde/castor 22);28,06;12;0;0;0
01083423;7900377290901;sandalia papete baby grendene kids lumy 23488 m (cc629 verde/castor 23/24);28,06;12;0;0;0
01083425;7900377290918;sandalia papete baby grendene kids lumy 23488 m (cc629 verde/castor 25);28,06;12;0;0;0
01083426;;sandalia papete baby grendene kids lumy 23488 m (cc629 verde/castor 26/27);28,06;12;0;0;0
01083526;7900377256273;sandalia  infantil + acessorio grendene kids gerre (cb238 roxo/branco perola 26/27);65,48;12;0;0;0
01083528;7900377256280;sandalia  infantil + acessorio grendene kids gerre (cb238 roxo/branco perola 28);65,48;12;0;0;0
01083529;7900377256297;sandalia  infantil + acessorio grendene kids gerre (cb238 roxo/branco perola 29);65,48;12;0;0;0
01083530;7900377256303;sandalia  infantil + acessorio grendene kids gerre (cb238 roxo/branco perola 30);65,48;12;0;0;0
01083531;7900377256310;sandalia  infantil + acessorio grendene kids gerre (cb238 roxo/branco perola 31);65,48;12;0;0;0
01083532;7900377256327;sandalia  infantil + acessorio grendene kids gerre (cb238 roxo/branco perola 32/33);65,48;12;0;0;0
01083534;7900377256334;sandalia  infantil + acessorio grendene kids gerre (cb238 roxo/branco perola 34);65,48;12;0;0;0
01083535;;sandalia  infantil + acessorio grendene kids gerre (cb238 roxo/branco perola 35);65,48;12;0;0;0
01083536;;sandalia  infantil + acessorio grendene kids gerre (cb238 roxo/branco perola 36);65,48;12;0;0;0
01083633;;chinelo dedo feminino havaianas elegance print (dourado 570 33/34);19,89;12;0;0;0
01083635;7909989881378;chinelo dedo feminino havaianas elegance print (dourado 570 35/36);19,89;12;0;0;0
01083637;7909989881385;chinelo dedo feminino havaianas elegance print (dourado 570 37/38);19,89;12;0;0;0
01083639;7909989881392;chinelo dedo feminino havaianas elegance print (dourado 570 39/40);19,89;12;0;0;0
01083641;7909989881408;chinelo dedo feminino havaianas elegance print (dourado 570 41/42);19,89;12;0;0;0
01083733;;chinelo dedo feminino havaianas top glitter (azul maceio 3138 33/34);39,25;12;0;0;0
01083735;7909989946732;chinelo dedo feminino havaianas top glitter (azul maceio 3138 35/36);39,25;12;0;0;0
01083737;7909989946749;chinelo dedo feminino havaianas top glitter (azul maceio 3138 37/38);39,25;12;0;0;0
01083739;7909989946756;chinelo dedo feminino havaianas top glitter (azul maceio 3138 39/40);39,25;12;0;0;0
01083741;7909989946763;chinelo dedo feminino havaianas top glitter (azul maceio 3138 41/42);39,25;12;0;0;0
01083833;;chinelo dedo feminino havaianas slim tropical i (buttercream 9256 33/34);39,25;12;0;0;0
01083835;7909989906705;chinelo dedo feminino havaianas slim tropical i (buttercream 9256 35/36);39,25;12;0;0;0
01083837;7909989906712;chinelo dedo feminino havaianas slim tropical i (buttercream 9256 37/38);39,25;12;0;0;0
01083839;7909989906729;chinelo dedo feminino havaianas slim tropical i (buttercream 9256 39/40);39,25;12;0;0;0
01083841;7909989906736;chinelo dedo feminino havaianas slim tropical i (buttercream 9256 41/42);39,25;12;0;0;0
01083933;;chinelo dedo feminino havaianas slim animals i (preto/silver 1112 33/34);28,79;12;0;0;0
01083935;7909989878460;chinelo dedo feminino havaianas slim animals i (preto/silver 1112 35/36);28,79;12;0;0;0
01083937;7909989878477;chinelo dedo feminino havaianas slim animals i (preto/silver 1112 37/38);28,79;12;0;0;0
01083939;7909989878484;chinelo dedo feminino havaianas slim animals i (preto/silver 1112 39/40);28,79;12;0;0;0
01083941;7909989878491;chinelo dedo feminino havaianas slim animals i (preto/silver 1112 41/42);28,79;12;0;0;0
01084033;7909989912164;chinelo dedo feminino havaianas slim daydream (branco 1 a 33/34);31,40;12;0;0;0
01084035;7909989912171;chinelo dedo feminino havaianas slim daydream (branco 1 a 35/36);31,40;12;0;0;0
01084037;7909989912188;chinelo dedo feminino havaianas slim daydream (branco 1 a 37/38);31,40;12;0;0;0
01084039;7909989912195;chinelo dedo feminino havaianas slim daydream (branco 1 a 39/40);31,40;12;0;0;0
01084041;7909989912201;chinelo dedo feminino havaianas slim daydream (branco 1 a 41/42);31,40;12;0;0;0
01084133;7909989912218;chinelo dedo feminino havaianas slim daydream (amarelo caja 5559 33/34);31,40;12;0;0;0
01084135;7909989912225;chinelo dedo feminino havaianas slim daydream (amarelo caja 5559 35/36);31,40;12;0;0;0
01084137;7909989912232;chinelo dedo feminino havaianas slim daydream (amarelo caja 5559 37/38);31,40;12;0;0;0
01084139;7909989912249;chinelo dedo feminino havaianas slim daydream (amarelo caja 5559 39/40);31,40;12;0;0;0
01084141;7909989912256;chinelo dedo feminino havaianas slim daydream (amarelo caja 5559 41/42);31,40;12;0;0;0
01084223;7909989927342;chinelo infantil dedo havaianas kids top warner (azul maceio 3138 a 23/24);26,17;12;0;0;0
01084225;7909989927359;chinelo infantil dedo havaianas kids top warner (azul maceio 3138 a 25/26);26,17;12;0;0;0
01084227;7909989927366;chinelo infantil dedo havaianas kids top warner (azul maceio 3138 a 27/28);26,17;12;0;0;0
01084229;7909989927526;chinelo infantil dedo havaianas kids top warner (azul maceio 3138 a 29/30);26,17;12;0;0;0
01084231;7909989927533;chinelo infantil dedo havaianas kids top warner (azul maceio 3138 a 31/32);26,17;12;0;0;0
01084233;7909989927540;chinelo infantil dedo havaianas kids top warner (azul maceio 3138 a 33/34);26,17;12;0;0;0
01084235;7909989927557;chinelo infantil dedo havaianas kids top warner (azul maceio 3138 a 35/36);26,17;12;0;0;0
01084333;;chinelo dedo feminino havaianas slim organic i (cafe 727 33/34);28,79;12;0;0;0
01084335;7909989879863;chinelo dedo feminino havaianas slim organic i (cafe 727 35/36);28,79;12;0;0;0
01084337;7909989879870;chinelo dedo feminino havaianas slim organic i (cafe 727 37/38);28,79;12;0;0;0
01084339;7909989879887;chinelo dedo feminino havaianas slim organic i (cafe 727 39/40);28,79;12;0;0;0
01084341;7909989879894;chinelo dedo feminino havaianas slim organic i (cafe 727 41/42);28,79;12;0;0;0
01084437;7900466336725;tenis esportivo actvitta australia 4952.201 (vemelho int/branco 110423 37);181,11;12;0;0;0
01084438;7900466336732;tenis esportivo actvitta australia 4952.201 (vemelho int/branco 110423 38);181,11;12;0;0;0
01084439;7900466336749;tenis esportivo actvitta australia 4952.201 (vemelho int/branco 110423 39);181,11;12;0;0;0
01084440;7900466336756;tenis esportivo actvitta australia 4952.201 (vemelho int/branco 110423 40);181,11;12;0;0;0
01084441;7900466336763;tenis esportivo actvitta australia 4952.201 (vemelho int/branco 110423 41);181,11;12;0;0;0
01084442;7900466336770;tenis esportivo actvitta australia 4952.201 (vemelho int/branco 110423 42);181,11;12;0;0;0
01084443;7900466336787;tenis esportivo actvitta australia 4952.201 (vemelho int/branco 110423 43);181,11;12;0;0;0
01084444;7900466336794;tenis esportivo actvitta australia 4952.201 (vemelho int/branco 110423 44);181,11;12;0;0;0
01084445;;tenis esportivo actvitta australia 4952.201 (vemelho int/branco 110423 45);181,11;12;0;0;0
01084527;7900294793134;sandalia papete infantil molekinho rustico 2400.13 (cafe/areia 100004 27);39,67;12;0;0;0
01084528;7900294793141;sandalia papete infantil molekinho rustico 2400.13 (cafe/areia 100004 28);39,67;12;0;0;0
01084529;7900294793158;sandalia papete infantil molekinho rustico 2400.13 (cafe/areia 100004 29);39,67;12;0;0;0
01084530;7900294793165;sandalia papete infantil molekinho rustico 2400.13 (cafe/areia 100004 30);39,67;12;0;0;0
01084531;7900294793172;sandalia papete infantil molekinho rustico 2400.13 (cafe/areia 100004 31);39,67;12;0;0;0
01084532;7900294793189;sandalia papete infantil molekinho rustico 2400.13 (cafe/areia 100004 32);39,67;12;0;0;0
01084533;7900294793196;sandalia papete infantil molekinho rustico 2400.13 (cafe/areia 100004 33);39,67;12;0;0;0
01084534;;sandalia papete infantil molekinho rustico 2400.13 (cafe/areia 100004 34);39,67;12;0;0;0
01084535;;sandalia papete infantil molekinho rustico 2400.13 (cafe/areia 100004 35);39,67;12;0;0;0
01084536;;sandalia papete infantil molekinho rustico 2400.13 (cafe/areia 100004 36);39,67;12;0;0;0
01084627;7900407784905;sandalia papete infantil molekinho rustico 2400.15 (preto/cinza 72823 27);49,06;12;0;0;0
01084628;7900407784912;sandalia papete infantil molekinho rustico 2400.15 (preto/cinza 72823 28);49,06;12;0;0;0
01084629;7900407784929;sandalia papete infantil molekinho rustico 2400.15 (preto/cinza 72823 29);49,06;12;0;0;0
01084630;7900407784936;sandalia papete infantil molekinho rustico 2400.15 (preto/cinza 72823 30);49,06;12;0;0;0
01084631;7900407784943;sandalia papete infantil molekinho rustico 2400.15 (preto/cinza 72823 31);49,06;12;0;0;0
01084632;7900407784950;sandalia papete infantil molekinho rustico 2400.15 (preto/cinza 72823 32);49,06;12;0;0;0
01084633;7900407784967;sandalia papete infantil molekinho rustico 2400.15 (preto/cinza 72823 33);49,06;12;0;0;0
01084634;7900407784974;sandalia papete infantil molekinho rustico 2400.15 (preto/cinza 72823 34);49,06;12;0;0;0
01084635;7900407784981;sandalia papete infantil molekinho rustico 2400.15 (preto/cinza 72823 35);49,06;12;0;0;0
01084636;7900407784998;sandalia papete infantil molekinho rustico 2400.15 (preto/cinza 72823 36);49,06;12;0;0;0
01084733;;chinelo dedo feminino havaianas slim organic i (rosa ballet/rosa 7233 33/34);28,79;12;0;0;0
01084735;7909989879917;chinelo dedo feminino havaianas slim organic i (rosa ballet/rosa 7233 35/36);28,79;12;0;0;0
01084737;7909989879924;chinelo dedo feminino havaianas slim organic i (rosa ballet/rosa 7233 37/38);28,79;12;0;0;0
01084739;7909989879931;chinelo dedo feminino havaianas slim organic i (rosa ballet/rosa 7233 39/40);28,79;12;0;0;0
01084741;7909989879948;chinelo dedo feminino havaianas slim organic i (rosa ballet/rosa 7233 41/42);28,79;12;0;0;0
01084833;;chinelo dedo feminino actvitta australia 4841.100 (preto/cinza 102156 33);98,06;12;0;0;0
01084834;7900245797006;chinelo dedo feminino actvitta australia 4841.100 (preto/cinza 102156 34);98,06;12;0;0;0
01084835;7900245797013;chinelo dedo feminino actvitta australia 4841.100 (preto/cinza 102156 35);98,06;12;0;0;0
01084836;7900245797020;chinelo dedo feminino actvitta australia 4841.100 (preto/cinza 102156 36);98,06;12;0;0;0
01084837;7900245797044;chinelo dedo feminino actvitta australia 4841.100 (preto/cinza 102156 37);98,06;12;0;0;0
01084838;7900245797068;chinelo dedo feminino actvitta australia 4841.100 (preto/cinza 102156 38);98,06;12;0;0;0
01084839;7900245797075;chinelo dedo feminino actvitta australia 4841.100 (preto/cinza 102156 39);98,06;12;0;0;0
01084840;7900245797082;chinelo dedo feminino actvitta australia 4841.100 (preto/cinza 102156 40);98,06;12;0;0;0
01084933;;chinelo dedo feminino actvitta australia 4841.100 (camel/nude 109494 33);98,06;12;0;0;0
01084934;7900407637584;chinelo dedo feminino actvitta australia 4841.100 (camel/nude 109494 34);98,06;12;0;0;0
01084935;7900407637591;chinelo dedo feminino actvitta australia 4841.100 (camel/nude 109494 35);98,06;12;0;0;0
01084936;7900407637607;chinelo dedo feminino actvitta australia 4841.100 (camel/nude 109494 36);98,06;12;0;0;0
01084937;7900407637621;chinelo dedo feminino actvitta australia 4841.100 (camel/nude 109494 37);98,06;12;0;0;0
01084938;7900407637645;chinelo dedo feminino actvitta australia 4841.100 (camel/nude 109494 38);98,06;12;0;0;0
01084939;7900407637652;chinelo dedo feminino actvitta australia 4841.100 (camel/nude 109494 39);98,06;12;0;0;0
01084940;7900407637669;chinelo dedo feminino actvitta australia 4841.100 (camel/nude 109494 40);98,06;12;0;0;0
01085033;;tenis sport actvitta australia 4863.302 (preto/hibisco 110463 33);172,11;12;0;0;0
01085034;7900466336077;tenis sport actvitta australia 4863.302 (preto/hibisco 110463 34);172,11;12;0;0;0
01085035;7900466336084;tenis sport actvitta australia 4863.302 (preto/hibisco 110463 35);172,11;12;0;0;0
01085036;7900466336091;tenis sport actvitta australia 4863.302 (preto/hibisco 110463 36);172,11;12;0;0;0
01085037;7900466336114;tenis sport actvitta australia 4863.302 (preto/hibisco 110463 37);172,11;12;0;0;0
01085038;7900466336138;tenis sport actvitta australia 4863.302 (preto/hibisco 110463 38);172,11;12;0;0;0
01085039;7900466336145;tenis sport actvitta australia 4863.302 (preto/hibisco 110463 39);172,11;12;0;0;0
01085040;7900466336152;tenis sport actvitta australia 4863.302 (preto/hibisco 110463 40);172,11;12;0;0;0
01085133;;papete slide feminino modare nobuck onca 7208.101 (avela onca 104798 33);66,19;12;0;0;0
01085134;7900350969084;papete slide feminino modare nobuck onca 7208.101 (avela onca 104798 34);66,19;12;0;0;0
01085135;7900350969091;papete slide feminino modare nobuck onca 7208.101 (avela onca 104798 35);66,19;12;0;0;0
01085136;7900350969107;papete slide feminino modare nobuck onca 7208.101 (avela onca 104798 36);66,19;12;0;0;0
01085137;7900350969121;papete slide feminino modare nobuck onca 7208.101 (avela onca 104798 37);66,19;12;0;0;0
01085138;7900350969145;papete slide feminino modare nobuck onca 7208.101 (avela onca 104798 38);66,19;12;0;0;0
01085139;7900350969152;papete slide feminino modare nobuck onca 7208.101 (avela onca 104798 39);66,19;12;0;0;0
01085140;7900350969169;papete slide feminino modare nobuck onca 7208.101 (avela onca 104798 40);66,19;12;0;0;0
01085233;;papete slide feminino modare nobuck onca 7208.101 (creme onca 90075 33);66,19;12;0;0;0
01085234;7900350926896;papete slide feminino modare nobuck onca 7208.101 (creme onca 90075 34);66,19;12;0;0;0
01085235;7900350926902;papete slide feminino modare nobuck onca 7208.101 (creme onca 90075 35);66,19;12;0;0;0
01085236;7900350926919;papete slide feminino modare nobuck onca 7208.101 (creme onca 90075 36);66,19;12;0;0;0
01085237;7900350926933;papete slide feminino modare nobuck onca 7208.101 (creme onca 90075 37);66,19;12;0;0;0
01085238;7900350926957;papete slide feminino modare nobuck onca 7208.101 (creme onca 90075 38);66,19;12;0;0;0
01085239;7900350926964;papete slide feminino modare nobuck onca 7208.101 (creme onca 90075 39);66,19;12;0;0;0
01085240;7900350926971;papete slide feminino modare nobuck onca 7208.101 (creme onca 90075 40);66,19;12;0;0;0
01085337;7900377167081;sandalia cartago 12537 santorini (cb023 preto/preto/cinza 37/38);78,68;12;0;0;0
01085339;7900377167074;sandalia cartago 12537 santorini (cb023 preto/preto/cinza 39);78,68;12;0;0;0
01085340;7900377167067;sandalia cartago 12537 santorini (cb023 preto/preto/cinza 40);78,68;12;0;0;0
01085341;7900377167050;sandalia cartago 12537 santorini (cb023 preto/preto/cinza 41);78,68;12;0;0;0
01085342;7900377167043;sandalia cartago 12537 santorini (cb023 preto/preto/cinza 42);78,68;12;0;0;0
01085343;7900377167036;sandalia cartago 12537 santorini (cb023 preto/preto/cinza 43/44);78,68;12;0;0;0
01085345;7900377167029;sandalia cartago 12537 santorini (cb023 preto/preto/cinza 45);78,68;12;0;0;0
01085417;7900377293469;sandalia papete baby zaxynina duo 19440 (cc790 rosa tule glitter 17/18);32,73;12;0;0;0
01085419;7900377293476;sandalia papete baby zaxynina duo 19440 (cc790 rosa tule glitter 19);32,73;12;0;0;0
01085420;7900377293483;sandalia papete baby zaxynina duo 19440 (cc790 rosa tule glitter 20);32,73;12;0;0;0
01085421;7900377293490;sandalia papete baby zaxynina duo 19440 (cc790 rosa tule glitter 21);32,73;12;0;0;0
01085422;7900377293506;sandalia papete baby zaxynina duo 19440 (cc790 rosa tule glitter 22);32,73;12;0;0;0
01085423;7900377293513;sandalia papete baby zaxynina duo 19440 (cc790 rosa tule glitter 23/24);32,73;12;0;0;0
01085425;7900377293520;sandalia papete baby zaxynina duo 19440 (cc790 rosa tule glitter 25);32,73;12;0;0;0
01085426;7900377293537;sandalia papete baby zaxynina duo 19440 (cc790 rosa tule glitter 26/27);32,73;12;0;0;0
01085723;7900377323739;chinelo infantil menina ipanema shine 27569 (ce463 preto/rosa 23/24);14,03;12;0;0;0
01085725;7900377323746;chinelo infantil menina ipanema shine 27569 (ce463 preto/rosa 25/26);14,03;12;0;0;0
01085727;7900377323753;chinelo infantil menina ipanema shine 27569 (ce463 preto/rosa 27/28);14,03;12;0;0;0
01085729;7900377323760;chinelo infantil menina ipanema shine 27569 (ce463 preto/rosa 29/30);14,03;12;0;0;0
01085731;7900377323777;chinelo infantil menina ipanema shine 27569 (ce463 preto/rosa 31/32);14,03;12;0;0;0
01085733;;chinelo infantil menina ipanema shine 27569 (ce463 preto/rosa 33/34);14,03;12;0;0;0
01085735;;chinelo infantil menina ipanema shine 27569 (ce463 preto/rosa 35);14,03;12;0;0;0
01085736;;chinelo infantil menina ipanema shine 27569 (ce463 preto/rosa 36);14,03;12;0;0;0
01085823;7900377323838;chinelo infantil menina ipanema shine 27569 (ce465 rosa petala 23/24);14,03;12;0;0;0
01085825;7900377323845;chinelo infantil menina ipanema shine 27569 (ce465 rosa petala 25/26);14,03;12;0;0;0
01085827;7900377323852;chinelo infantil menina ipanema shine 27569 (ce465 rosa petala 27/28);14,03;12;0;0;0
01085829;7900377323869;chinelo infantil menina ipanema shine 27569 (ce465 rosa petala 29/30);14,03;12;0;0;0
01085831;7900377323876;chinelo infantil menina ipanema shine 27569 (ce465 rosa petala 31/32);14,03;12;0;0;0
01085833;;chinelo infantil menina ipanema shine 27569 (ce465 rosa petala 33/34);14,03;12;0;0;0
01085835;;chinelo infantil menina ipanema shine 27569 (ce465 rosa petala 35);14,03;12;0;0;0
01085836;;chinelo infantil menina ipanema shine 27569 (ce465 rosa petala 36);14,03;12;0;0;0
01085933;;chinelo square havaianas glitter contour (cafe 727 a 33/34);31,40;12;0;0;0
01085935;7909989803271;chinelo square havaianas glitter contour (cafe 727 a 35/36);31,40;12;0;0;0
01085937;;chinelo square havaianas glitter contour (cafe 727 a 37/38);31,40;12;0;0;0
01085939;7909989803295;chinelo square havaianas glitter contour (cafe 727 a 39/40);31,40;12;0;0;0
01085941;;chinelo square havaianas glitter contour (cafe 727 a 41/42);31,40;12;0;0;0
01086033;7900377244850;sandalia plataforma feminino zaxy conectada up1940 (cc109 marrom cacau 33/34);84,20;12;0;0;0
01086035;7900377244867;sandalia plataforma feminino zaxy conectada up1940 (cc109 marrom cacau 35);84,20;12;0;0;0
01086036;7900377244874;sandalia plataforma feminino zaxy conectada up1940 (cc109 marrom cacau 36);84,20;12;0;0;0
01086037;7900377244881;sandalia plataforma feminino zaxy conectada up1940 (cc109 marrom cacau 37);84,20;12;0;0;0
01086038;7900377244898;sandalia plataforma feminino zaxy conectada up1940 (cc109 marrom cacau 38);84,20;12;0;0;0
01086039;7900377244904;sandalia plataforma feminino zaxy conectada up1940 (cc109 marrom cacau 39/40);84,20;12;0;0;0
01086133;7900377244973;sandalia plataforma feminino zaxy conectada up1940 (cc112 preto 33/34);84,20;12;0;0;0
01086135;7900377244980;sandalia plataforma feminino zaxy conectada up1940 (cc112 preto 35);84,20;12;0;0;0
01086136;7900377244997;sandalia plataforma feminino zaxy conectada up1940 (cc112 preto 36);84,20;12;0;0;0
01086137;7900377245000;sandalia plataforma feminino zaxy conectada up1940 (cc112 preto 37);84,20;12;0;0;0
01086138;7900377245017;sandalia plataforma feminino zaxy conectada up1940 (cc112 preto 38);84,20;12;0;0;0
01086139;7900377245024;sandalia plataforma feminino zaxy conectada up1940 (cc112 preto 39/40);84,20;12;0;0;0
01086437;7900377243723;chinelo slide masculino rider 12529 r soft plus (cb563 preto/cinza 37/38);70,15;12;0;0;0
01086439;7900377243716;chinelo slide masculino rider 12529 r soft plus (cb563 preto/cinza 39);70,15;12;0;0;0
01086440;7900377243709;chinelo slide masculino rider 12529 r soft plus (cb563 preto/cinza 40);70,15;12;0;0;0
01086441;7900377243693;chinelo slide masculino rider 12529 r soft plus (cb563 preto/cinza 41);70,15;12;0;0;0
01086442;7900377243686;chinelo slide masculino rider 12529 r soft plus (cb563 preto/cinza 42);70,15;12;0;0;0
01086443;7900377243679;chinelo slide masculino rider 12529 r soft plus (cb563 preto/cinza 43/44);70,15;12;0;0;0
01086445;7900377243662;chinelo slide masculino rider 12529 r soft plus (cb563 preto/cinza 45);70,15;12;0;0;0
01086537;7900377243655;chinelo slide masculino rider 12529 r soft plus (cb564 branco/preto 37/38);70,15;12;0;0;0
01086539;7900377243648;chinelo slide masculino rider 12529 r soft plus (cb564 branco/preto 39);70,15;12;0;0;0
01086540;7900377243631;chinelo slide masculino rider 12529 r soft plus (cb564 branco/preto 40);70,15;12;0;0;0
01086541;7900377243624;chinelo slide masculino rider 12529 r soft plus (cb564 branco/preto 41);70,15;12;0;0;0
01086542;7900377243617;chinelo slide masculino rider 12529 r soft plus (cb564 branco/preto 42);70,15;12;0;0;0
01086543;7900377243600;chinelo slide masculino rider 12529 r soft plus (cb564 branco/preto 43/44);70,15;12;0;0;0
01086545;7900377243594;chinelo slide masculino rider 12529 r soft plus (cb564 branco/preto 45);70,15;12;0;0;0
01086637;7900377158720;chinelo dedo masculino cartago 12578 sintra (ca112 bege/preto 37/38);46,77;12;0;0;0
01086639;7900377158737;chinelo dedo masculino cartago 12578 sintra (ca112 bege/preto 39);46,77;12;0;0;0
01086640;7900377158744;chinelo dedo masculino cartago 12578 sintra (ca112 bege/preto 40);46,77;12;0;0;0
01086641;7900377158751;chinelo dedo masculino cartago 12578 sintra (ca112 bege/preto 41);46,77;12;0;0;0
01086642;7900377158768;chinelo dedo  masculino cartago 12578 sintra (ca112 bege/preto 42);46,77;12;0;0;0
01086643;7900377158775;chinelo dedo  masculino cartago 12578 sintra (ca112 bege/preto 43/44);46,77;12;0;0;0
01086645;;chinelo dedo masculino cartago 12578 sintra (ca112 bege/preto 45);46,77;12;0;0;0
01086737;7900377158782;chinelo dedo masculino cartago 12578 sintra (ca113 marrom/marrom 37/38);46,77;12;0;0;0
01086739;7900377158799;chinelo dedo masculino cartago 12578 sintra (ca113 marrom/marrom 39);46,77;12;0;0;0
01086740;7900377158805;chinelo dedo masculino cartago 12578 sintra (ca113 marrom/marrom 40);46,77;12;0;0;0
01086741;7900377158812;chinelo dedo masculino cartago 12578 sintra (ca113 marrom/marrom 41);46,77;12;0;0;0
01086742;7900377158829;chinelo dedo masculino cartago 12578 sintra (ca113 marrom/marrom 42);46,77;12;0;0;0
01086743;7900377158836;chinelo dedo masculino cartago 12578 sintra (ca113 marrom/marrom 43/44);46,77;12;0;0;0
01086745;;chinelo dedo masculino cartago 12578 sintra (ca113 marrom/marrom 45);46,77;12;0;0;0
01086817;7900377290789;sandalia papete baby zaxynina 19370 sunny (cc491 rosa sorvete glitte 17/18);37,41;12;0;0;0
01086819;7900377290796;sandalia papete baby zaxynina 19370 sunny (cc491 rosa sorvete glitte 19);37,41;12;0;0;0
01086820;7900377290802;sandalia papete baby zaxynina 19370 sunny (cc491 rosa sorvete glitte 20);37,41;12;0;0;0
01086821;7900377290819;sandalia papete baby zaxynina 19370 sunny (cc491 rosa sorvete glitte 21);37,41;12;0;0;0
01086822;7900377290826;sandalia papete baby zaxynina 19370 sunny (cc491 rosa sorvete glitte 22);37,41;12;0;0;0
01086823;7900377290833;sandalia papete baby zaxynina 19370 sunny (cc491 rosa sorvete glitte 23/24);37,41;12;0;0;0
01086825;;sandalia papete baby zaxynina 19370 sunny (cc491 rosa sorvete glitte 25);37,41;12;0;0;0
01086826;;sandalia papete baby zaxynina 19370 sunny (cc491 rosa sorvete glitte 26/27);37,41;12;0;0;0
01086933;7900377250738;sandalia rasteira feminino grendha 19446 iluminada (cc322 preto 33/34);21,04;12;0;0;0
01086935;7900377250745;sandalia rasteira feminino grendha 19446 iluminada (cc322 preto 35);21,04;12;0;0;0
01086936;7900377250752;sandalia rasteira feminino grendha 19446 iluminada (cc322 preto 36);21,04;12;0;0;0
01086937;7900377250769;sandalia rasteira feminino grendha 19446 iluminada (cc322 preto 37);21,04;12;0;0;0
01086938;7900377250776;sandalia rasteira feminino grendha 19446 iluminada (cc322 preto 38);21,04;12;0;0;0
01086939;7900377250783;sandalia rasteira feminino grendha 19446 iluminada (cc322 preto 39/40);21,04;12;0;0;0
01087033;7900377250851;sandalia rasteira feminino grendha 19446 iluminada (cc325 cobre 33/34);21,04;12;0;0;0
01087035;7900377250868;sandalia rasteira feminino grendha 19446 iluminada (cc325 cobre 35);21,04;12;0;0;0
01087036;7900377250875;sandalia rasteira feminino grendha 19446 iluminada (cc325 cobre 36);21,04;12;0;0;0
01087037;7900377250882;sandalia rasteira feminino grendha 19446 iluminada (cc325 cobre 37);21,04;12;0;0;0
01087038;7900377250899;sandalia rasteira feminino grendha 19446 iluminada (cc325 cobre 38);21,04;12;0;0;0
01087039;7900377250905;sandalia rasteira feminino grendha 19446 iluminada (cc325 cobre 39/40);21,04;12;0;0;0
01087133;7900377317547;chinelo dedo feminino ipanema 27565 anatomica (cd818 preto/bege 33/34);32,73;12;0;0;0
01087135;7900377317554;chinelo dedo feminino ipanema 27565 anatomica (cd818 preto/bege 35);32,73;12;0;0;0
01087136;7900377317561;chinelo dedo feminino ipanema 27565 anatomica (cd818 preto/bege 36);32,73;12;0;0;0
01087137;7900377317578;chinelo dedo feminino ipanema 27565 anatomica (cd818 preto/bege 37);32,73;12;0;0;0
01087138;7900377317585;chinelo dedo feminino ipanema 27565 anatomica (cd818 preto/bege 38);32,73;12;0;0;0
01087139;7900377317592;chinelo dedo feminino ipanema 27565 anatomica (cd818 preto/bege 39/40);32,73;12;0;0;0
01087233;7900377317608;chinelo dedo feminino ipanema 27565 anatomica (cd819 bege/marrom 33/34);32,73;12;0;0;0
01087235;7900377317622;chinelo dedo feminino ipanema 27565 anatomica (cd819 bege/marrom 35);32,73;12;0;0;0
01087236;7900377317639;chinelo dedo feminino ipanema 27565 anatomica (cd819 bege/marrom 36);32,73;12;0;0;0
01087237;7900377317615;chinelo dedo feminino ipanema 27565 anatomica (cd819 bege/marrom 37);32,73;12;0;0;0
01087238;7900377317646;chinelo dedo feminino ipanema 27565 anatomica (cd819 bege/marrom 38);32,73;12;0;0;0
01087239;7900377317653;chinelo dedo feminino ipanema 27565 anatomica (cd819 bege/marrom 39/40);32,73;12;0;0;0
01087325;;chinelo slide menina ipanema 27575 shine (ce921 preto/rosa 25);17,08;12;0;0;0
01087326;7900377353118;chinelo slide menina ipanema 27575 shine (ce921 preto/rosa 26/27);17,08;12;0;0;0
01087328;7900377353125;chinelo slide menina ipanema 27575 shine (ce921 preto/rosa 28);17,08;12;0;0;0
01087329;7900377353132;chinelo slide menina ipanema 27575 shine (ce921 preto/rosa 29);17,08;12;0;0;0
01087330;7900377353149;chinelo slide menina ipanema 27575 shine (ce921 preto/rosa 30);17,08;12;0;0;0
01087331;7900377353156;chinelo slide menina ipanema 27575 shine (ce921 preto/rosa 31);17,08;12;0;0;0
01087332;7900377353163;chinelo slide menina ipanema 27575 shine (ce921 preto/rosa 32/33);17,08;12;0;0;0
01087425;;chinelo slide menina ipanema 27575 chine (ce923 rosa petala/rosa 25);17,08;12;0;0;0
01087426;7900377353255;chinelo slide menina ipanema 27575 chine (ce923 rosa petala/rosa 26/27);17,08;12;0;0;0
01087428;7900377353262;chinelo slide menina ipanema 27575 chine (ce923 rosa petala/rosa 28);17,08;12;0;0;0
01087429;7900377353279;chinelo slide menina ipanema 27575 chine (ce923 rosa petala/rosa 29);17,08;12;0;0;0
01087430;7900377353286;chinelo slide menina ipanema 27575 chine (ce923 rosa petala/rosa 30);17,08;12;0;0;0
01087431;7900377353293;chinelo slide menina ipanema 27575 chine (ce923 rosa petala/rosa 31);17,08;12;0;0;0
01087432;7900377353309;chinelo slide menina ipanema 27575 chine (ce923 rosa petala/rosa 32/33);17,08;12;0;0;0
01087517;7900377109227;chinelo dedo baby menino rider 12674 core m (ca781 preto/preto 17/18);14,03;12;0;0;0
01087519;7900377109234;chinelo dedo baby menino rider 12674 core m (ca781 preto/preto 19);14,03;12;0;0;0
01087520;7900377109241;chinelo dedo baby menino rider 12674 core m (ca781 preto/preto 20/21);14,03;12;0;0;0
01087522;7900377109258;chinelo dedo baby menino rider 12674 core m (ca781 preto/preto 22);14,03;12;0;0;0
01087523;7900377109265;chinelo dedo baby menino rider 12674 core m (ca781 preto/preto 23/24);14,03;12;0;0;0
01087525;7900377109272;chinelo dedo baby menino rider 12674 core m (ca781 preto/preto 25);14,03;12;0;0;0
01087526;;chinelo dedo baby menino rider 12674 core m (ca781 preto/preto 26/27);14,03;12;0;0;0
01087617;7900377109463;chinelo dedo baby menina rider 12674 core f (cb626 rosa/rosa 17/18);14,03;12;0;0;0
01087619;7900377109470;chinelo dedo baby menina rider 12674 core f (cb626 rosa/rosa 19);14,03;12;0;0;0
01087620;7900377109487;chinelo dedo baby menina rider 12674 core f (cb626 rosa/rosa 20/21);14,03;12;0;0;0
01087622;7900377109494;chinelo dedo baby menina rider 12674 core f (cb626 rosa/rosa 22);14,03;12;0;0;0
01087623;7900377109500;chinelo dedo baby menina rider 12674 core f (cb626 rosa/rosa 23/24);14,03;12;0;0;0
01087625;7900377109517;chinelo dedo baby menina rider 12674 core f (cb626 rosa/rosa 25);14,03;12;0;0;0
01087626;;chinelo dedo baby menina rider 12674 core f (cb626 rosa/rosa 26/27);14,03;12;0;0;0
01087733;7900377006588;sandalia rasteira feminino grendha 19379 mais conf (by190 preto 33/34);32,73;12;0;0;0
01087735;7900377006595;sandalia rasteira feminino grendha 19379 mais conf (by190 preto 35);32,73;12;0;0;0
01087736;7900377006601;sandalia rasteira feminino grendha 19379 mais conf (by190 preto 36);32,73;12;0;0;0
01087737;7900377006618;sandalia rasteira feminino grendha 19379 mais conf (by190 preto 37);32,73;12;0;0;0
01087738;7900377006625;sandalia rasteira feminino grendha 19379 mais conf (by190 preto 38);32,73;12;0;0;0
01087739;7900377006632;sandalia rasteira feminino grendha 19379 mais conf (by190 preto 39/40);32,73;12;0;0;0
01087833;7900377028856;sandalia rasteira feminino grendha 19379 mais conf (bz521 marrom urso 33/34);32,73;12;0;0;0
01087835;7900377028863;sandalia rasteira feminino grendha 19379 mais conf (bz521 marrom urso 35);32,73;12;0;0;0
01087836;7900377028870;sandalia rasteira feminino grendha 19379 mais conf (bz521 marrom urso 36);32,73;12;0;0;0
01087837;7900377028887;sandalia rasteira feminino grendha 19379 mais conf (bz521 marrom urso 37);32,73;12;0;0;0
01087838;7900377028894;sandalia rasteira feminino grendha 19379 mais conf (bz521 marrom urso 38);32,73;12;0;0;0
01087839;7900377028900;sandalia rasteira feminino grendha 19379 mais conf (bz521 marrom urso 39/40);32,73;12;0;0;0
01087933;7900377343263;sandalia papete feminino ipanema 27572 shine (ce804 marrom licor/man 33/34);23,38;12;0;0;0
01087935;7900377343270;sandalia papete feminino ipanema 27572 shine (ce804 marrom licor/man 35);23,38;12;0;0;0
01087936;7900377343287;sandalia papete feminino ipanema 27572 shine (ce804 marrom licor/man 36);23,38;12;0;0;0
01087937;7900377343294;sandalia papete feminino ipanema 27572 shine (ce804 marrom licor/man 37);23,38;12;0;0;0
01087938;7900377343300;sandalia papete feminino ipanema 27572 shine (ce804 marrom licor/man 38);23,38;12;0;0;0
01087939;7900377343317;sandalia papete feminino ipanema 27572 shine (ce804 marrom licor/man 39/40);23,38;12;0;0;0
01088033;7900377343324;sandalia papete feminino ipanema 27572 shine (ce805 preto/bege 33/34);23,38;12;0;0;0
01088035;7900377343331;sandalia papete feminino ipanema 27572 shine (ce805 preto/bege 35);23,38;12;0;0;0
01088036;7900377343348;sandalia papete feminino ipanema 27572 shine (ce805 preto/bege 36);23,38;12;0;0;0
01088037;7900377343355;sandalia papete feminino ipanema 27572 shine (ce805 preto/bege 37);23,38;12;0;0;0
01088038;7900377343362;sandalia papete feminino ipanema 27572 shine (ce805 preto/bege 38);23,38;12;0;0;0
01088039;7900377343379;sandalia papete feminino ipanema 27572 shine (ce805 preto/bege 39/40);23,38;12;0;0;0
01088133;7900377343386;sandalia papete feminino ipanema 27572 shine (ce806 off white/bege 33/34);23,38;12;0;0;0
01088135;7900377343393;sandalia papete feminino ipanema 27572 shine (ce806 off white/bege 35);23,38;12;0;0;0
01088136;7900377343409;sandalia papete feminino ipanema 27572 shine (ce806 off white/bege 36);23,38;12;0;0;0
01088137;7900377343416;sandalia papete feminino ipanema 27572 shine (ce806 off white/bege 37);23,38;12;0;0;0
01088138;7900377343423;sandalia papete feminino ipanema 27572 shine (ce806 off white/bege 38);23,38;12;0;0;0
01088139;7900377343430;sandalia papete feminino ipanema 27572 shine (ce806 off white/bege 39/40);23,38;12;0;0;0
01088233;7900377329656;chinelo dedo feminino ipanema 27573 shine pin (ce653 preto/mante 33/34);16,37;12;0;0;0
01088235;7900377329663;chinelo dedo feminino ipanema 27573 shine pin (ce653 preto/mante 35);16,37;12;0;0;0
01088236;7900377329670;chinelo dedo feminino ipanema 27573 shine pin (ce653 preto/mante 36);16,37;12;0;0;0
01088237;7900377329687;chinelo dedo feminino ipanema 27573 shine pin (ce653 preto/mante 37);16,37;12;0;0;0
01088238;7900377329694;chinelo dedo feminino ipanema 27573 shine pin (ce653 preto/mante 38);16,37;12;0;0;0
01088239;7900377329700;chinelo dedo feminino ipanema 27573 shine pin (ce653 preto/mante 39/40);16,37;12;0;0;0
01088437;7909989965481;chinelo dedo masculino havaianas city basic i (1069 preto b 37/38);28,79;12;0;0;0
01088439;7909989965498;chinelo dedo masculino havaianas city basic i (1069 preto b 39/40);28,79;12;0;0;0
01088441;7909989965504;chinelo dedo masculino havaianas city basic i (1069 preto b 41/42);28,79;12;0;0;0
01088443;7909989965511;chinelo dedo masculino havaianas city basic i (1069 preto b 43/44);28,79;12;0;0;0
01088445;7909989965528;chinelo dedo masculino havaianas city basic i (1069 preto b 45/46);28,79;12;0;0;0
01088523;7901114733965;chinelo infantil menina havaianas slim pets f (539 dourado/preto/bran a 23/24);23,22;12;0;0;0
01088525;7901114733972;chinelo infantil menina havaianas slim pets f (539 dourado/preto/bran a 25/26);23,22;12;0;0;0
01088527;7901114733989;chinelo infantil menina havaianas slim pets f (539 dourado/preto/bran a 27/28);23,22;12;0;0;0
01088529;7901114733996;chinelo infantil menina havaianas slim pets f (539 dourado/preto/bran a 29/30);23,22;12;0;0;0
01088531;;chinelo infantil menina havaianas slim pets f (539 dourado/preto/bran a 31/32);23,22;12;0;0;0
01088533;;chinelo infantil menina havaianas slim pets f (539 dourado/preto/bran a 33/34);23,22;12;0;0;0
01088535;;chinelo infantil menina havaianas slim pets f (539 dourado/preto/bran a 35/36);23,22;12;0;0;0
01088727;7900466127392;chinelo slide menina molekinha 2376.101 eva (15745 preto a12 27/28);42,61;12;0;0;0
01088729;7900466127408;chinelo slide menina molekinha 2376.101 eva (15745 preto a12 29/30);42,61;12;0;0;0
01088731;7900466127415;chinelo slide menina molekinha 2376.101 eva (15745 preto a12 31/32);42,61;12;0;0;0
01088733;7900466127422;chinelo slide menina molekinha 2376.101 eva (15745 preto a12 33/34);42,61;12;0;0;0
01088735;7900466127439;chinelo slide menina molekinha 2376.101 eva (15745 preto a12 35/36);42,61;12;0;0;0
01088827;7900466083438;chinelo slide menina molekinha 2376.101 eva (78276 rosa a3 27/28);42,61;12;0;0;0
01088829;7900466083445;chinelo slide menina molekinha 2376.101 eva (78276 rosa a3 29/30);42,61;12;0;0;0
01088831;7900466083452;chinelo slide menina molekinha 2376.101 eva (78276 rosa a3 31/32);42,61;12;0;0;0
01088833;7900466083469;chinelo slide menina molekinha 2376.101 eva (78276 rosa a3 33/34);42,61;12;0;0;0
01088835;7900466083476;chinelo slide menina molekinha 2376.101 eva (78276 rosa a3 35/36);42,61;12;0;0;0
01088927;7900466127538;chinelo slide menina molekinha 2376.101 eva (83517 creme a3 27/28);42,61;12;0;0;0
01088929;7900466127545;chinelo slide menina molekinha 2376.101 eva (83517 creme a3 29/30);42,61;12;0;0;0
01088931;7900466127552;chinelo slide menina molekinha 2376.101 eva (83517 creme a3 31/32);42,61;12;0;0;0
01088933;7900466127569;chinelo slide menina molekinha 2376.101 eva (83517 creme a3 33/34);42,61;12;0;0;0
01088935;7900466127576;chinelo slide menina molekinha 2376.101 eva (83517 creme a3 35/36);42,61;12;0;0;0
01089027;7900466731551;tenis infantil sport molekinho 2866.114 rustico (112137 cinza/areia/preto 27);89,05;12;0;0;0
01089028;7900466731568;tenis infantil sport molekinho 2866.114 rustico (112137 cinza/areia/preto 28);89,05;12;0;0;0
01089029;7900466731575;tenis infantil sport molekinho 2866.114 rustico (112137 cinza/areia/preto 29);89,05;12;0;0;0
01089030;7900466731582;tenis infantil sport molekinho 2866.114 rustico (112137 cinza/areia/preto 30);89,05;12;0;0;0
01089031;7900466731599;tenis infantil sport molekinho 2866.114 rustico (112137 cinza/areia/preto 31);89,05;12;0;0;0
01089032;7900466731605;tenis infantil sport molekinho 2866.114 rustico (112137 cinza/areia/preto 32);89,05;12;0;0;0
01089033;7900466731612;tenis infantil sport molekinho 2866.114 rustico (112137 cinza/areia/preto 33);89,05;12;0;0;0
01089034;7900466731629;tenis infantil sport molekinho 2866.114 rustico (112137 cinza/areia/preto 34);89,05;12;0;0;0
01089035;7900466731636;tenis infantil sport molekinho 2866.114 rustico (112137 cinza/areia/preto 35);89,05;12;0;0;0
01089036;7900466731643;tenis infantil sport molekinho 2866.114 rustico (112137 cinza/areia/preto 36);89,05;12;0;0;0
01089100;7900466255347;bolsa molekinha 20019.2 lurex (110894 rosa charm un);51,59;12;0;0;0
01089200;7900407095025;bolsa transversal molekinha 2744043 tr/cordao (15745 preto b3 un);60,52;12;0;0;0
01089300;7900407828197;bolsa transversal molekinha 20070.3 tr/cordao (15745 preto b4 un);46,71;12;0;0;0
01089400;7900407712236;bolsa transversal molekinha 20070.3 tr/cordao (35312 branco off a6 un);46,71;12;0;0;0
01089700;7900407840151;bolsa transversal molekinha 20070.3 tr/cordao (78276 rosa b4 un);46,71;12;0;0;0
01089800;7900350875842;bolsa transversal molekinha 2744043 tr/cordao (35312 branco off b un);60,52;12;0;0;0
01089933;7909989953648;chinelo dedo feminino havaianas slim pets i (3190 manga rosa s1 33/34);29,67;12;0;0;0
01089935;7909989953655;chinelo dedo feminino havaianas slim pets i (3190 manga rosa s1 35/36);29,67;12;0;0;0
01089937;7909989953662;chinelo dedo feminino havaianas slim pets i (3190 manga rosa s1 37/38);29,67;12;0;0;0
01089939;7909989953679;chinelo dedo feminino havaianas slim pets i (3190 manga rosa s1 39/40);29,67;12;0;0;0
01089941;7909989953686;chinelo dedo feminino havaianas slim pets i (3190 manga rosa s1 41/42);29,67;12;0;0;0
01090217;7909989922439;chinelo baby dedo havaianas disney classics i f (3190 manga rosa b1 17/18);24,99;12;0;0;0
01090219;7909989922446;chinelo baby dedo havaianas disney classics i f (3190 manga rosa b1 19);24,99;12;0;0;0
01090220;7909989922453;chinelo baby dedo havaianas disney classics i f (3190 manga rosa b1 20);24,99;12;0;0;0
01090221;7909989922460;chinelo baby dedo havaianas disney classics i f (3190 manga rosa b1 21);24,99;12;0;0;0
01090222;7909989922477;chinelo baby dedo havaianas disney classics i f (3190 manga rosa b1 22);24,99;12;0;0;0
01090223;7909989922484;chinelo baby dedo havaianas disney classics i f (3190 manga rosa b1 23/24);24,99;12;0;0;0
01090225;7909989922491;chinelo baby dedo havaianas disney classics i f (3190 manga rosa b1 25/26);24,99;12;0;0;0
01090433;7909989897232;chinelo dedo feminino havaianas top summer cool (01 branco 33/34);30,99;12;0;0;0
01090435;7909989897249;chinelo dedo feminino havaianas top summer cool (01 branco 35/36);30,99;12;0;0;0
01090437;7909989897256;chinelo dedo feminino havaianas top summer cool (01 branco 37/38);30,99;12;0;0;0
01090439;7909989897263;chinelo dedo feminino havaianas top summer cool (01 branco 39/40);30,99;12;0;0;0
01090441;7909989897270;chinelo dedo feminino havaianas top summer cool (01 branco 41/42);30,99;12;0;0;0
01090533;7901114747061;chinelo dedo feminino havaianas top summer vibes i (149 verde marlon 33/34);33,27;12;0;0;0
01090535;7901114747078;chinelo dedo feminino havaianas top summer vibes i (149 verde marlon 35/36);33,27;12;0;0;0
01090537;7901114747085;chinelo dedo feminino havaianas top summer vibes i (149 verde marlon 37/38);33,27;12;0;0;0
01090539;7901114747092;chinelo dedo feminino havaianas top summer vibes i (149 verde marlon 39/40);33,27;12;0;0;0
01090541;7901114747108;chinelo dedo feminino havaianas top summer vibes i (149 verde marlon 41/42);33,27;12;0;0;0
01090621;;babuche kidstep 2169.109 capivara 2 (12/12 marrom marrom 21/22);7,75;12;0;0;0
01090623;;babuche kidstep 2169.109 capivara 2 (12/12 marrom marrom 23/24);7,75;12;0;0;0
01090625;;babuche kidstep 2169.109 capivara 2 (12/12 marrom marrom 25/26);7,75;12;0;0;0
01090627;;babuche kidstep 2169.109 capivara 2 (12/12 marrom marrom 27/28);7,75;12;0;0;0
01090629;;babuche kidstep 2169.109 capivara 2 (12/12 marrom marrom 29/30);7,75;12;0;0;0
01090631;;babuche kidstep 2169.109 capivara 2 (12/12 marrom marrom 31/32);7,75;12;0;0;0
01090633;;babuche kidstep 2169.109 capivara 2 (12/12 marrom marrom 33/34);7,75;12;0;0;0
01090721;;babuche kidstep 2169.029 margarida 2 (amarelo/glitter 21/22);7,75;12;0;0;0
01090723;;babuche kidstep 2169.029 margarida 2 (amarelo/glitter 23/24);7,75;12;0;0;0
01090725;;babuche kidstep 2169.029 margarida 2 (amarelo/glitter 25/26);7,75;12;0;0;0
01090727;;babuche kidstep 2169.029 margarida 2 (amarelo/glitter 27/28);7,75;12;0;0;0
01090729;;babuche kidstep 2169.029 margarida 2 (amarelo/glitter 29/30);7,75;12;0;0;0
01090731;;babuche kidstep 2169.029 margarida 2 (amarelo/glitter 31/32);7,75;12;0;0;0
01090821;;babuche kidstep 2160.005 aranha 3 (80 preto/vermelho 32 21/22);7,75;12;0;0;0
01090823;;babuche kidstep 2160.005 aranha 3 (80 preto/vermelho 32 23/24);7,75;12;0;0;0
01090825;;babuche kidstep 2160.005 aranha 3 (80 preto/vermelho 32 25/26);7,75;12;0;0;0
01090827;;babuche kidstep 2160.005 aranha 3 (80 preto/vermelho 32 27/28);7,75;12;0;0;0
01090829;;babuche kidstep 2160.005 aranha 3 (80 preto/vermelho 32 29/30);7,75;12;0;0;0
01090831;;babuche kidstep 2160.005 aranha 3 (80 preto/vermelho 32 31/32);7,75;12;0;0;0
01090933;7900377329717;chinelo dedo feminino ipanema 27573 shine pin (ce654 bege/bege 33/34);16,37;12;0;0;0
01090935;7900377329724;chinelo dedo feminino ipanema 27573 shine pin (ce654 bege/bege 35);16,37;12;0;0;0
01090936;7900377329731;chinelo dedo feminino ipanema 27573 shine pin (ce654 bege/bege 36);16,37;12;0;0;0
01090937;7900377329748;chinelo dedo feminino ipanema 27573 shine pin (ce654 bege/bege 37);16,37;12;0;0;0
01090938;7900377329755;chinelo dedo feminino ipanema 27573 shine pin (ce654 bege/bege 38);16,37;12;0;0;0
01090939;7900377329762;chinelo dedo feminino ipanema 27573 shine pin (ce654 bege/bege 39/40);16,37;12;0;0;0
01091033;7900377329830;chinelo dedo feminino ipanema 27573 shine pin (ce656 marom/rosa 33/34);16,37;12;0;0;0
01091035;7900377329847;chinelo dedo feminino ipanema 27573 shine pin (ce656 marom/rosa 35);16,37;12;0;0;0
01091036;7900377329854;chinelo dedo feminino ipanema 27573 shine pin (ce656 marom/rosa 36);16,37;12;0;0;0
01091037;7900377329861;chinelo dedo feminino ipanema 27573 shine pin (ce656 marom/rosa 37);16,37;12;0;0;0
01091038;7900377329878;chinelo dedo feminino ipanema 27573 shine pin (ce656 marom/rosa 38);16,37;12;0;0;0
01091039;7900377329885;chinelo dedo feminino ipanema 27573 shine pin (ce656 marom/rosa 39/40);16,37;12;0;0;0
01091137;7900377261406;chinelo dedo masculino cartago 12706 ravena (cd049 preto/preto 37/38);32,73;12;0;0;0
01091139;7900377261413;chinelo dedo masculino cartago 12706 ravena (cd049 preto/preto 39);32,73;12;0;0;0
01091140;7900377261420;chinelo dedo masculino cartago 12706 ravena (cd049 preto/preto 40);32,73;12;0;0;0
01091141;7900377261437;chinelo dedo masculino cartago 12706 ravena (cd049 preto/preto 41);32,73;12;0;0;0
01091142;7900377261444;chinelo dedo masculino cartago 12706 ravena (cd049 preto/preto 42);32,73;12;0;0;0
01091143;7900377261451;chinelo dedo masculino cartago 12706 ravena (cd049 preto/preto 43/44);32,73;12;0;0;0
01091145;;chinelo dedo masculino cartago 12706 ravena (cd049 preto/preto 45);32,73;12;0;0;0
01091237;7900377261529;chinelo dedo masculino cartago 12706 ravena (cd051 marrom/marrom 37/38);32,73;12;0;0;0
01091239;7900377261536;chinelo dedo masculino cartago 12706 ravena (cd051 marrom/marrom 39);32,73;12;0;0;0
01091240;7900377261543;chinelo dedo masculino cartago 12706 ravena (cd051 marrom/marrom 40);32,73;12;0;0;0
01091241;7900377261550;chinelo dedo masculino cartago 12706 ravena (cd051 marrom/marrom 41);32,73;12;0;0;0
01091242;7900377261567;chinelo dedo masculino cartago 12706 ravena (cd051 marrom/marrom 42);32,73;12;0;0;0
01091243;7900377261574;chinelo dedo masculino cartago 12706 ravena (cd051 marrom/marrom 43/44);32,73;12;0;0;0
01091245;;chinelo dedo masculino cartago 12706 ravena (cd051 marrom/marrom 45);32,73;12;0;0;0
01091337;7900377331833;chinelo dedo masculino cartago 12777 lugano (azul/preto 37/38);18,71;12;0;0;0
01091339;7900377331840;chinelo dedo masculino cartago 12777 lugano (azul/preto 39);18,71;12;0;0;0
01091340;;chinelo dedo masculino cartago 12777 lugano (azul/preto 40);18,71;12;0;0;0
01091341;7900377331857;chinelo dedo masculino cartago 12777 lugano (azul/preto 41);18,71;12;0;0;0
01091342;;chinelo dedo masculino cartago 12777 lugano (azul/preto 42);18,71;12;0;0;0
01091343;7900377331864;chinelo dedo masculino cartago 12777 lugano (azul/preto 43/44);18,71;12;0;0;0
01091345;;chinelo dedo masculino cartago 12777 lugano (azul/preto 45);18,71;12;0;0;0
01091437;7900377331871;chinelo dedo masculino cartago 12777 lugano (marrom 37/38);18,71;12;0;0;0
01091439;7900377331888;chinelo dedo masculino cartago 12777 lugano (marrom 39);18,71;12;0;0;0
01091440;;chinelo dedo masculino cartago 12777 lugano (marrom 40);18,71;12;0;0;0
01091441;7900377331895;chinelo dedo masculino cartago 12777 lugano (marrom 41);18,71;12;0;0;0
01091442;;chinelo dedo masculino cartago 12777 lugano (marrom 42);18,71;12;0;0;0
01091443;7900377331901;chinelo dedo masculino cartago 12777 lugano (marrom 43/44);18,71;12;0;0;0
01091445;;chinelo dedo masculino cartago 12777 lugano (marrom 45);18,71;12;0;0;0
01091523;;sandalia papete infantil ipanema 27576 shine (ce834 preto/rosa 23/24);19,42;12;0;0;0
01091525;7900377354597;sandalia papete infantil ipanema 27576 shine (ce834 preto/rosa 25);19,42;12;0;0;0
01091526;7900377354603;sandalia papete infantil ipanema 27576 shine (ce834 preto/rosa 26/27);19,42;12;0;0;0
01091528;7900377354610;sandalia papete infantil ipanema 27576 shine (ce834 preto/rosa 28);19,42;12;0;0;0
01091529;7900377354627;sandalia papete infantil ipanema 27576 shine (ce834 preto/rosa 29);19,42;12;0;0;0
01091530;7900377354634;sandalia papete infantil ipanema 27576 shine (ce834 preto/rosa 30);19,42;12;0;0;0
01091531;7900377354641;sandalia papete infantil ipanema 27576 shine (ce834 preto/rosa 31);19,42;12;0;0;0
01091532;7900377354658;sandalia papete infantil ipanema 27576 shine (ce834 preto/rosa 32/33);19,42;12;0;0;0
01091623;;sandalia papete infantil ipanema 27576 shine (ce842 rosa/rosa 23/24);19,42;12;0;0;0
01091625;7900377354801;sandalia papete infantil ipanema 27576 shine (ce842 rosa/rosa 25);19,42;12;0;0;0
01091626;7900377354818;sandalia papete infantil ipanema 27576 shine (ce842 rosa/rosa 26/27);19,42;12;0;0;0
01091628;7900377354825;sandalia papete infantil ipanema 27576 shine (ce842 rosa/rosa 28);19,42;12;0;0;0
01091629;7900377354832;sandalia papete infantil ipanema 27576 shine (ce842 rosa/rosa 29);19,42;12;0;0;0
01091630;7900377354849;sandalia papete infantil ipanema 27576 shine (ce842 rosa/rosa 30);19,42;12;0;0;0
01091631;7900377354856;sandalia papete infantil ipanema 27576 shine (ce842 rosa/rosa 31);19,42;12;0;0;0
01091632;7900377354863;sandalia papete infantil ipanema 27576 shine (ce842 rosa/rosa 32/33);19,42;12;0;0;0
01091717;7900377357178;sandalia papete baby ipanema 27577 shine (ce971 off white/rosa 17/18);19,42;12;0;0;0
01091719;7900377357185;sandalia papete baby ipanema 27577 shine (ce971 off white/rosa 19);19,42;12;0;0;0
01091720;7900377357192;sandalia papete baby ipanema 27577 shine (ce971 off white/rosa 20/21);19,42;12;0;0;0
01091722;7900377357208;sandalia papete baby ipanema 27577 shine (ce971 off white/rosa 22);19,42;12;0;0;0
01091723;7900377357215;sandalia papete baby ipanema 27577 shine (ce971 off white/rosa 23/24);19,42;12;0;0;0
01091725;7900377357222;sandalia papete baby ipanema 27577 shine (ce971 off white/rosa 25);19,42;12;0;0;0
01091817;7900377357352;sandalia papete baby ipanema 27577 shine (ce978 rosa/rosa 17/18);19,42;12;0;0;0
01091819;7900377357369;sandalia papete baby ipanema 27577 shine (ce978 rosa/rosa 19);19,42;12;0;0;0
01091820;7900377357376;sandalia papete baby ipanema 27577 shine (ce978 rosa/rosa 20/21);19,42;12;0;0;0
01091822;7900377357383;sandalia papete baby ipanema 27577 shine (ce978 rosa/rosa 22);19,42;12;0;0;0
01091823;7900377357390;sandalia papete baby ipanema 27577 shine (ce978 rosa/rosa 23/24);19,42;12;0;0;0
01091825;7900377357406;sandalia papete baby ipanema 27577 shine (ce978 rosa/rosa 25);19,42;12;0;0;0
01091933;7900377346288;chinelo papete slide ipanema 27595 shine (ce791 preto/bege 33/34);21,04;12;0;0;0
01091935;7900377346295;chinelo papete slide ipanema 27595 shine (ce791 preto/bege 35);21,04;12;0;0;0
01091936;7900377346301;chinelo papete slide ipanema 27595 shine (ce791 preto/bege 36);21,04;12;0;0;0
01091937;7900377346318;chinelo papete slide ipanema 27595 shine (ce791 preto/bege 37);21,04;12;0;0;0
01091938;7900377346325;chinelo papete slide ipanema 27595 shine (ce791 preto/bege 38);21,04;12;0;0;0
01091939;7900377346332;chinelo papete slide ipanema 27595 shine (ce791 preto/bege 39/40);21,04;12;0;0;0
01092033;7900377346349;chinelo papete slide ipanema 27595 shine (ce793 marrom/manteiga 33/34);21,04;12;0;0;0
01092035;7900377346356;chinelo papete slide ipanema 27595 shine (ce793 marrom/manteiga 35);21,04;12;0;0;0
01092036;7900377346363;chinelo papete slide ipanema 27595 shine (ce793 marrom/manteiga 36);21,04;12;0;0;0
01092037;7900377346370;chinelo papete slide ipanema 27595 shine (ce793 marrom/manteiga 37);21,04;12;0;0;0
01092038;7900377346387;chinelo papete slide ipanema 27595 shine (ce793 marrom/manteiga 38);21,04;12;0;0;0
01092039;7900377346394;chinelo papete slide ipanema 27595 shine (ce793 marrom/manteiga 39/40);21,04;12;0;0;0
01092133;;chinelo dedo feminino havaianas elegance print (76 rosa balett 33/34);19,89;12;0;0;0
01092135;7909989881323;chinelo dedo feminino havaianas elegance print (76 rosa balett 35/36);19,89;12;0;0;0
01092137;7909989881330;chinelo dedo feminino havaianas elegance print (76 rosa balett 37/38);19,89;12;0;0;0
01092139;7909989881347;chinelo dedo feminino havaianas elegance print (76 rosa balett 39/40);19,89;12;0;0;0
01092141;7909989881354;chinelo dedo feminino havaianas elegance print (76 rosa balett 41/42);19,89;12;0;0;0
01092233;7909989987742;chinelo dedo feminino havaianas sim trendy (121 bege palha h 33/34);41,87;12;0;0;0
01092235;7909989987759;chinelo dedo feminino havaianas sim trendy (121 bege palha h 35/36);41,87;12;0;0;0
01092237;7909989987766;chinelo dedo feminino havaianas sim trendy (121 bege palha h 37/38);41,87;12;0;0;0
01092239;7909989987780;chinelo dedo feminino havaianas sim trendy (121 bege palha h 39/40);41,87;12;0;0;0
01092241;7909989987773;chinelo dedo feminino havaianas sim trendy (121 bege palha h 41/42);41,87;12;0;0;0
01092337;7909989965436;chinelo dedo masculino havaianas city basic i (089 azul indico 37/38);28,79;12;0;0;0
01092339;7909989965443;chinelo dedo masculino havaianas city basic i (089 azul indico 39/40);28,79;12;0;0;0
01092341;7909989965450;chinelo dedo masculino havaianas city basic i (089 azul indico 41/42);28,79;12;0;0;0
01092343;7909989965467;chinelo dedo masculino havaianas city basic i (089 azul indico 43/44);28,79;12;0;0;0
01092345;7909989965474;chinelo dedo masculino havaianas city basic i (089 azul indico 45/46);28,79;12;0;0;0
01092426;7900466285221;sandalia papete infantil molekinha 2361.222 floren (dourado/rosa/ouro rosa 26);56,63;12;0;0;0
01092427;7900466285238;sandalia papete infantil molekinha 2361.222 floren (dourado/rosa/ouro rosa 27);56,63;12;0;0;0
01092428;7900466274706;sandalia papete infantil molekinha 2361.222 floren (dourado/rosa/ouro rosa 28);56,63;12;0;0;0
01092429;7900466285245;sandalia papete infantil molekinha 2361.222 floren (dourado/rosa/ouro rosa 29);56,63;12;0;0;0
01092430;7900466285252;sandalia papete infantil molekinha 2361.222 floren (dourado/rosa/ouro rosa 30);56,63;12;0;0;0
01092431;7900466285269;sandalia papete infantil molekinha 2361.222 floren (dourado/rosa/ouro rosa 31);56,63;12;0;0;0
01092432;7900466285276;sandalia papete infantil molekinha 2361.222 floren (dourado/rosa/ouro rosa 32);56,63;12;0;0;0
01092433;7900466285283;sandalia papete infantil molekinha 2361.222 floren (dourado/rosa/ouro rosa 33);56,63;12;0;0;0
01092434;7900466285290;sandalia papete infantil molekinha 2361.222 floren (dourado/rosa/ouro rosa 34);56,63;12;0;0;0
01092435;;sandalia papete infantil molekinha 2361.222 floren (dourado/rosa/ouro rosa 35);56,63;12;0;0;0
01092436;;sandalia papete infantil molekinha 2361.222 floren (dourado/rosa/ouro rosa 36);56,63;12;0;0;0
01092526;7900466995069;tenis sport infantil molekinha 2584.214 kansas (branco/rosa cham/menta 26);79,64;12;0;0;0
01092527;7900466995076;tenis sport infantil molekinha 2584.214 kansas (branco/rosa cham/menta 27);79,64;12;0;0;0
01092528;7900466995083;tenis sport infantil molekinha 2584.214 kansas (branco/rosa cham/menta 28);79,64;12;0;0;0
01092529;7900466995090;tenis sport infantil molekinha 2584.214 kansas (branco/rosa cham/menta 29);79,64;12;0;0;0
01092530;7900466995106;tenis sport infantil molekinha 2584.214 kansas (branco/rosa cham/menta 30);79,64;12;0;0;0
01092531;7900466995113;tenis sport infantil molekinha 2584.214 kansas (branco/rosa cham/menta 31);79,64;12;0;0;0
01092532;7900466995120;tenis sport infantil molekinha 2584.214 kansas (branco/rosa cham/menta 32);79,64;12;0;0;0
01092533;7900466995137;tenis sport infantil molekinha 2584.214 kansas (branco/rosa cham/menta 33);79,64;12;0;0;0
01092534;7900466995144;tenis sport infantil molekinha 2584.214 kansas (branco/rosa cham/menta 34);79,64;12;0;0;0
01092535;;tenis sport infantil molekinha 2584.214 kansas (branco/rosa cham/menta 35);79,64;12;0;0;0
01092536;;tenis sport infantil molekinha 2584.214 kansas (branco/rosa cham/menta 36);79,64;12;0;0;0
01092626;7900466894928;tenis sport infantil molekinha 2584.214 kansas (preto/pink glam 26);79,64;12;0;0;0
01092627;7900466894935;tenis sport infantil molekinha 2584.214 kansas (preto/pink glam 27);79,64;12;0;0;0
01092628;7900466894942;tenis sport infantil molekinha 2584.214 kansas (preto/pink glam 28);79,64;12;0;0;0
01092629;7900466894959;tenis sport infantil molekinha 2584.214 kansas (preto/pink glam 29);79,64;12;0;0;0
01092630;7900466894966;tenis sport infantil molekinha 2584.214 kansas (preto/pink glam 30);79,64;12;0;0;0
01092631;7900466894973;tenis sport infantil molekinha 2584.214 kansas (preto/pink glam 31);79,64;12;0;0;0
01092632;7900466894980;tenis sport infantil molekinha 2584.214 kansas (preto/pink glam 32);79,64;12;0;0;0
01092633;7900466894997;tenis sport infantil molekinha 2584.214 kansas (preto/pink glam 33);79,64;12;0;0;0
01092634;7900466895000;tenis sport infantil molekinha 2584.214 kansas (preto/pink glam 34);79,64;12;0;0;0
01092635;;tenis sport infantil molekinha 2584.214 kansas (preto/pink glam 35);79,64;12;0;0;0
01092636;;tenis sport infantil molekinha 2584.214 kansas (preto/pink glam 36);79,64;12;0;0;0
01092726;7900466985602;sandalia rasteira molekinha 2382.103 camurca (branco off/branco 26);61,02;12;0;0;0
01092727;7900466985619;sandalia rasteira molekinha 2382.103 camurca (branco off/branco 27);61,02;12;0;0;0
01092728;7900466985626;sandalia rasteira molekinha 2382.103 camurca (branco off/branco 28);61,02;12;0;0;0
01092729;7900466985633;sandalia rasteira molekinha 2382.103 camurca (branco off/branco 29);61,02;12;0;0;0
01092730;7900466985640;sandalia rasteira molekinha 2382.103 camurca (branco off/branco 30);61,02;12;0;0;0
01092731;7900466985657;sandalia rasteira molekinha 2382.103 camurca (branco off/branco 31);61,02;12;0;0;0
01092732;7900466985664;sandalia rasteira molekinha 2382.103 camurca (branco off/branco 32);61,02;12;0;0;0
01092733;7900466985671;sandalia rasteira molekinha 2382.103 camurca (branco off/branco 33);61,02;12;0;0;0
01092734;7900466985688;sandalia rasteira molekinha 2382.103 camurca (branco off/branco 34);61,02;12;0;0;0
01092735;;sandalia rasteira molekinha 2382.103 camurca (branco off/branco 35);61,02;12;0;0;0
01092736;;sandalia rasteira molekinha 2382.103 camurca (branco off/branco 36);61,02;12;0;0;0
01092826;7900466996684;sandalia rasteira molekinha 2382.103 camurca (dourado/branco off 26);61,02;12;0;0;0
01092827;7900466996691;sandalia rasteira molekinha 2382.103 camurca (dourado/branco off 27);61,02;12;0;0;0
01092828;7900466996707;sandalia rasteira molekinha 2382.103 camurca (dourado/branco off 28);61,02;12;0;0;0
01092829;7900466996714;sandalia rasteira molekinha 2382.103 camurca (dourado/branco off 29);61,02;12;0;0;0
01092830;7900466996721;sandalia rasteira molekinha 2382.103 camurca (dourado/branco off 30);61,02;12;0;0;0
01092831;7900466996738;sandalia rasteira molekinha 2382.103 camurca (dourado/branco off 31);61,02;12;0;0;0
01092832;7900466996745;sandalia rasteira molekinha 2382.103 camurca (dourado/branco off 32);61,02;12;0;0;0
01092833;7900466996752;sandalia rasteira molekinha 2382.103 camurca (dourado/branco off 33);61,02;12;0;0;0
01092834;7900466996769;sandalia rasteira molekinha 2382.103 camurca (dourado/branco off 34);61,02;12;0;0;0
01092835;;sandalia rasteira molekinha 2382.103 camurca (dourado/branco off 35);61,02;12;0;0;0
01092836;;sandalia rasteira molekinha 2382.103 camurca (dourado/branco off 36);61,02;12;0;0;0
01092917;7900466662602;sandalia rasteira baby molekinha 2743.103 n turim (rosa charm 17);33,60;12;0;0;0
01092918;7900466662619;sandalia rasteira baby molekinha 2743.103 n turim (rosa charm 18);33,60;12;0;0;0
01092919;7900466662626;sandalia rasteira baby molekinha 2743.103 n turim (rosa charm 19);33,60;12;0;0;0
01092920;7900466662633;sandalia rasteira baby molekinha 2743.103 n turim (rosa charm 20);33,60;12;0;0;0
01092921;7900466662640;sandalia rasteira baby molekinha 2743.103 n turim (rosa charm 21);33,60;12;0;0;0
01092922;7900466662657;sandalia rasteira baby molekinha 2743.103 n turim (rosa charm 22);33,60;12;0;0;0
01092923;7900466662664;sandalia rasteira baby molekinha 2743.103 n turim (rosa charm 23);33,60;12;0;0;0
01092924;7900466662671;sandalia rasteira baby molekinha 2743.103 n turim (rosa charm 24);33,60;12;0;0;0
01092925;7900466662688;sandalia rasteira baby molekinha 2743.103 n turim (rosa charm 25);33,60;12;0;0;0
01092926;;sandalia rasteira baby molekinha 2743.103 n turim (rosa charm 26);33,60;12;0;0;0
01093017;;sandalia papete baby molekinha 2121.134 florenca (rose/rosa/dourado 17);42,61;12;0;0;0
01093018;7900466287041;sandalia papete baby molekinha 2121.134 florenca (rose/rosa/dourado 18);42,61;12;0;0;0
01093019;7900466287058;sandalia papete baby molekinha 2121.134 florenca (rose/rosa/dourado 19);42,61;12;0;0;0
01093020;7900466272801;sandalia papete baby molekinha 2121.134 florenca (rose/rosa/dourado 20);42,61;12;0;0;0
01093021;7900466287065;sandalia papete baby molekinha 2121.134 florenca (rose/rosa/dourado 21);42,61;12;0;0;0
01093022;7900466287072;sandalia papete baby molekinha 2121.134 florenca (rose/rosa/dourado 22);42,61;12;0;0;0
01093023;7900466287089;sandalia papete baby molekinha 2121.134 florenca (rose/rosa/dourado 23);42,61;12;0;0;0
01093024;7900466287096;sandalia papete baby molekinha 2121.134 florenca (rose/rosa/dourado 24);42,61;12;0;0;0
01093025;7900466287102;sandalia papete baby molekinha 2121.134 florenca (rose/rosa/dourado 25);42,61;12;0;0;0
01093026;;sandalia papete baby molekinha 2121.134 florenca (rose/rosa/dourado 26);42,61;12;0;0;0
01093117;;sandalia papete baby molekinha 2752.200 eva (rosa charm a 17/18);52,01;12;0;0;0
01093119;7900466785202;sandalia papete baby molekinha 2752.200 eva (rosa charm a 19/20);52,01;12;0;0;0
01093121;7900466785219;sandalia papete baby molekinha 2752.200 eva (rosa charm a 21/22);52,01;12;0;0;0
01093123;7900466785226;sandalia papete baby molekinha 2752.200 eva (rosa charm a 23/24);52,01;12;0;0;0
01093125;7900466785233;sandalia papete baby molekinha 2752.200 eva (rosa charm a 25/26);52,01;12;0;0;0
01093317;;tenis casual baby molekinho 2659.102 rustico (branco/preto a 17);56,63;12;0;0;0
01093318;7900466847771;tenis casual baby molekinho 2659.102 rustico (branco/preto a 18);56,63;12;0;0;0
01093319;7900466847788;tenis casual baby molekinho 2659.102 rustico (branco/preto a 19);56,63;12;0;0;0
01093320;7900466847795;tenis casual baby molekinho 2659.102 rustico (branco/preto a 20);56,63;12;0;0;0
01093321;7900466847801;tenis casual baby molekinho 2659.102 rustico (branco/preto a 21);56,63;12;0;0;0
01093322;7900466847818;tenis casual baby molekinho 2659.102 rustico (branco/preto a 22);56,63;12;0;0;0
01093323;7900466847825;tenis casual baby molekinho 2659.102 rustico (branco/preto a 23);56,63;12;0;0;0
01093324;7900466847832;tenis casual baby molekinho 2659.102 rustico (branco/preto a 24);56,63;12;0;0;0
01093325;7900466847849;tenis casual baby molekinho 2659.102 rustico (branco/preto a 25);56,63;12;0;0;0
01093326;;tenis casual baby molekinho 2659.102 rustico (branco/preto a 26);56,63;12;0;0;0
01093517;;sandalia papete baby molekinho 2656.200 eva (preto/amarelo neon 17/18);56,62;12;0;0;0
01093519;7900466698373;sandalia papete baby molekinho 2656.200 eva (preto/amarelo neon 19/20);56,62;12;0;0;0
01093521;7900466698380;sandalia papete baby molekinho 2656.200 eva (preto/amarelo neon 21/22);56,62;12;0;0;0
01093523;7900466698397;sandalia papete baby molekinho 2656.200 eva (preto/amarelo neon 23/24);56,62;12;0;0;0
01093525;7900466698403;sandalia papete baby molekinho 2656.200 eva (preto/amarelo neon 25/26);56,62;12;0;0;0
01093617;;sandalia papete baby molekinho 2655.100 rustico (cinza a 17);47,01;12;0;0;0
01093618;;sandalia papete baby molekinho 2655.100 rustico (cinza a 18);47,01;12;0;0;0
01093619;7900466305875;sandalia papete baby molekinho 2655.100 rustico (cinza a 19);47,01;12;0;0;0
01093620;7900466305882;sandalia papete baby molekinho 2655.100 rustico (cinza a 20);47,01;12;0;0;0
01093621;7900466305899;sandalia papete baby molekinho 2655.100 rustico (cinza a 21);47,01;12;0;0;0
01093622;7900466305905;sandalia papete baby molekinho 2655.100 rustico (cinza a 22);47,01;12;0;0;0
01093623;7900466305912;sandalia papete baby molekinho 2655.100 rustico (cinza a 23);47,01;12;0;0;0
01093624;7900466305929;sandalia papete baby molekinho 2655.100 rustico (cinza a 24);47,01;12;0;0;0
01093625;7900466305936;sandalia papete baby molekinho 2655.100 rustico (cinza a 25);47,01;12;0;0;0
01093626;7900466305943;sandalia papete baby molekinho 2655.100 rustico (cinza a 26);47,01;12;0;0;0
01094033;;chinelo customizado havaianas top liso+cereja+logo (branco cereja 33/34);32,00;12;0;0;0
01094035;;chinelo customizado havaianas top liso+cereja+logo (branco cereja 35/36);32,00;12;0;0;0
01094037;;chinelo customizado havaianas top liso+cereja+logo (branco cereja 37/38);32,00;12;0;0;0
01094039;;chinelo customizado havaianas top liso+cereja+logo (branco cereja 39/40);32,00;12;0;0;0
01094041;;chinelo customizado havaianas top liso+cereja+logo (branco cereja 41/42);32,00;12;0;0;0
01094043;;chinelo customizado havaianas top liso+cereja+logo (branco cereja 43/44);32,00;12;0;0;0
01094045;;chinelo customizado havaianas top liso+cereja+logo (branco cereja 45/46);32,00;12;0;0;0
01094633;;papete slide feminino modare nobuck onca 7208.101 (preto onca 33);66,19;12;0;0;0
01094634;;papete slide feminino modare nobuck onca 7208.101 (preto onca 34);66,19;12;0;0;0
01094635;7900350969190;papete slide feminino modare nobuck onca 7208.101 (preto onca 35);66,19;12;0;0;0
01094636;7900350969206;papete slide feminino modare nobuck onca 7208.101 (preto onca 36);66,19;12;0;0;0
01094637;7900350969220;papete slide feminino modare nobuck onca 7208.101 (preto onca 37);66,19;12;0;0;0
01094638;7900350969244;papete slide feminino modare nobuck onca 7208.101 (preto onca 38);66,19;12;0;0;0
01094639;7900350969251;papete slide feminino modare nobuck onca 7208.101 (preto onca 39);66,19;12;0;0;0
01094640;7900350969268;papete slide feminino modare nobuck onca 7208.101 (preto onca 40);66,19;12;0;0;0
01094933;;tenis modare 7401.102 london (branco off/avela 33);107,12;12;0;0;0
01094934;7900350611723;tenis modare 7401.102 london (branco off/avela 34);107,12;12;0;0;0
01094935;7900350611730;tenis modare 7401.102 london (branco off/avela 35);107,12;12;0;0;0
01094936;7900350611747;tenis modare 7401.102 london (branco off/avela 36);107,12;12;0;0;0
01094937;7900350611761;tenis modare 7401.102 london (branco off/avela 37);107,12;12;0;0;0
01094938;7900350611785;tenis modare 7401.102 london (branco off/avela 38);107,12;12;0;0;0
01094939;7900350611792;tenis modare 7401.102 london (branco off/avela 39);107,12;12;0;0;0
01094940;7900350611808;tenis modare 7401.102 london (branco off/avela 40);107,12;12;0;0;0
2277067;;;68,90;12;0;0;0
2341382;;;19,12;12;0;0;0
2341383;;;19,12;12;0;0;0
2342603;;;37,54;12;0;0;0
2344016;;;61,54;12;0;0;0
2349858;;;47,95;12;0;0;0
2351017;;;14,08;12;0;0;0
2351077;;;16,42;12;0;0;0
2351078;;;11,98;12;0;0;0
2351183;;;48,47;12;0;0;0
2351188;;;39,59;12;0;0;0
2351230;;;53,15;12;0;0;0
2351326;;;19,65;12;0;0;0
2351332;;;56,21;12;0;0;0
2352774;;;18,17;12;0;0;0
2352775;;;20,45;12;0;0;0
2352796;;;15,90;12;0;0;0
2353214;;;51,63;12;0;0;0
2356812;;;36,63;12;0;0;0
2357516;;;36,63;12;0;0;0
2357795;;;16,84;12;0;0;0
2357797;;;15,78;12;0;0;0
2357798;;;14,59;12;0;0;0
2357829;;;26,17;12;0;0;0
2358786;;;15,70;12;0;0;0
2358789;;;26,17;12;0;0;0
2358805;;;32,97;12;0;0;0
2358812;;;27,32;12;0;0;0
2359737;;;29,47;12;0;0;0
2360336;;;15,05;12;0;0;0
2360426;;;24,52;12;0;0;0
2361827;;;19,99;12;0;0;0
2362304;;;14,81;12;0;0;0
2362313;;;27,99;12;0;0;0
2362507;;;23,55;12;0;0;0
2362705;;;34,82;12;0;0;0
2362717;;;25,51;12;0;0;0
2362723;;;9,38;12;0;0;0
2363771;;;28,79;12;0;0;0
2363772;;;28,25;12;0;0;0
2363773;;;36,63;12;0;0;0
2363789;;;23,55;12;0;0;0
2363794;;;32,99;12;0;0;0
2364090;;;31,25;12;0;0;0
2364666;;;43,44;12;0;0;0
2365088;;;23,47;12;0;0;0
2365677;;;27,16;12;0;0;0
2365781;;;114,32;12;0;0;0
2365801;;;4,13;12;0;0;0
2365803;;;13,04;12;0;0;0
2366248;;;26,36;12;0;0;0
2366249;;;45,72;12;0;0;0
2366256;;;19,17;12;0;0;0
2366259;;;29,53;12;0;0;0
2366547;;;14,81;12;0;0;0
2366605;;;30,25;12;0;0;0
2366645;;;32,00;12;0;0;0
2366747;;;19,69;12;0;0;0
2366748;;;19,79;12;0;0;0
2367104;;;14,68;12;0;0;0
2367271;;;12,42;12;0;0;0
2367272;;;11,73;12;0;0;0
2367275;;;16,77;12;0;0;0
2367281;;;14,37;12;0;0;0
2367943;;;5,64;12;0;0;0
2368040;;;37,41;12;0;0;0
2368267;;;11,98;12;0;0;0
2368269;;;11,98;12;0;0;0
2370554;;;44,95;12;0;0;0
2371587;;;19,38;12;0;0;0
2374721;;;12,99;12;0;0;0
2374765;;;28,75;12;0;0;0
2382195;;;30,48;12;0;0;0
2382199;;;31,61;12;0;0;0
2382200;;;31,39;12;0;0;0
2382209;;;36,87;12;0;0;0
2382212;;;35,55;12;0;0;0
2382228;;;33,54;12;0;0;0
2382229;;;35,55;12;0;0;0
2382231;;;30,48;12;0;0;0
2383130;;;74,02;12;0;0;0
2383203;;;41,84;12;0;0;0
2383205;;;39,30;12;0;0;0
2383206;;;34,78;12;0;0;0
2383746;;;32,85;12;0;0;0
2383805;;;15,41;12;0;0;0
2383895;;;57,68;12;0;0;0
2387439;;;19,99;12;0;0;0
2387850;;;78,29;12;0;0;0
2388217;;;79,50;12;0;0;0
2388326;;;74,20;12;0;0;0
2389092;;;31,79;12;0;0;0
2389096;;;20,51;12;0;0;0
2389164;;;30,36;12;0;0;0
2389184;;;34,76;12;0;0;0
2389188;;;26,17;12;0;0;0
2389272;;;41,80;12;0;0;0
2389273;;;58,48;12;0;0;0
2389275;;;41,80;12;0;0;0
2389683;;;64,79;12;0;0;0
2389684;;;40,23;12;0;0;0
2391350;;;31,48;12;0;0;0
2391440;;;45,17;12;0;0;0
2391826;;;28,99;12;0;0;0
2391860;;;28,16;12;0;0;0
2391951;;;30,92;12;0;0;0
2391967;;;36,63;12;0;0;0
2391998;;;30,36;12;0;0;0
2392031;;;34,40;12;0;0;0
2392033;;;13,11;12;0;0;0
2392305;;;29,69;12;0;0;0
2392352;;;21,04;12;0;0;0
2393068;;;51,38;12;0;0;0
2393120;;;26,65;12;0;0;0
2393163;;;68,90;12;0;0;0
2393267;;;14,68;12;0;0;0
2393615;;;69,13;12;0;0;0
2393656;;;29,99;12;0;0;0
2393759;;;64,79;12;0;0;0
2398367;;;28,99;12;0;0;0
2398368;;;23,99;12;0;0;0
2398369;;;39,32;12;0;0;0
2398392;;;15,99;12;0;0;0
2398720;;;38,16;12;0;0;0
2398721;;;36,63;12;0;0;0
2398806;;;18,97;12;0;0;0
2399991;;;41,97;12;0;0;0
2401896;;;79,50;12;0;0;0
2403839;;;16,12;12;0;0;0
2405898;;;16,95;12;0;0;0
2444683;;;69,37;12;0;0;0
2447312;;;79,31;12;0;0;0
2447313;;;69,37;12;0;0;0
2448694;;;113,52;12;0;0;0
2449409;;;42,61;12;0;0;0
2449782;;;52,46;12;0;0;0
2449812;;;78,68;12;0;0;0
2453471;;;70,15;12;0;0;0
2453951;;;41,97;12;0;0;0
2453965;;;18,36;12;0;0;0
2453967;;;18,36;12;0;0;0
2453968;;;15,41;12;0;0;0
2465355;;;30,36;12;0;0;0
2465531;;;61,83;12;0;0;0
2465600;;;36,63;12;0;0;0
2465680;;;17,49;12;0;0;0
2475735;;;29,13;12;0;0;0
2475737;;;7,53;12;0;0;0
2475740;;;28,87;12;0;0;0
2475741;;;28,87;12;0;0;0
2475745;;;6,97;12;0;0;0
2476716;;;9,55;12;0;0;0
2476920;;;13,24;12;0;0;0
2477204;;;7,53;12;0;0;0
2477435;;;6,55;12;0;0;0
2477493;;;7,75;12;0;0;0
2477553;;;8,18;12;0;0;0
2478512;;;6,97;12;0;0;0
2478513;;;6,97;12;0;0;0
2478514;;;6,97;12;0;0;0
2480373;;;23,99;12;0;0;0
2480835;;;9,55;12;0;0;0
2480836;;;12,17;12;0;0;0
2480837;;;7,83;12;0;0;0
2480838;;;6,64;12;0;0;0
2480855;;;11,82;12;0;0;0
2481735;;;32,90;12;0;0;0
2481736;;;32,90;12;0;0;0
2481765;;;9,90;12;0;0;0
2481816;;;45,04;12;0;0;0
2481876;;;26,90;12;0;0;0
2481908;;;39,67;12;0;0;0
2487172;;;51,59;12;0;0;0
2505655;;;78,61;12;0;0;0
2507139;;;60,24;12;0;0;0
2523244;;;71,92;12;0;0;0
2526406;;;60,24;12;0;0;0
2526408;;;51,36;12;0;0;0
2526416;;;27,48;12;0;0;0
2526967;;;78,29;12;0;0;0
2529514;;;70,99;12;0;0;0
2531482;;;59,85;12;0;0;0
2531483;;;19,69;12;0;0;0
2541231;;;59,85;12;0;0;0
2541232;;;74,02;12;0;0;0
2542202;;;127,71;12;0;0;0
2542716;;;45,04;12;0;0;0
2542789;;;44,47;12;0;0;0
2544324;;;51,38;12;0;0;0
2544430;;;25,68;12;0;0;0
2544544;;;12,84;12;0;0;0
2544570;;;25,68;12;0;0;0
2544989;;;25,68;12;0;0;0
2544990;;;42,09;12;0;0;0
2544992;;;41,10;12;0;0;0
2544993;;;19,53;12;0;0;0
2544994;;;22,14;12;0;0;0
2545490;;;17,23;12;0;0;0
2545583;;;38,84;12;0;0;0
2545672;;;15,41;12;0;0;0
2546287;;;24,99;12;0;0;0
2546293;;;42,61;12;0;0;0
2547256;;;42,09;12;0;0;0
2547288;;;49,70;12;0;0;0
2547292;;;46,41;12;0;0;0
2547295;;;51,36;12;0;0;0
2547296;;;51,36;12;0;0;0
2547315;;;33,60;12;0;0;0
2547316;;;37,51;12;0;0;0
2547317;;;33,60;12;0;0;0
2547363;;;44,31;12;0;0;0
2547518;;;74,06;12;0;0;0
2547519;;;78,61;12;0;0;0
2547520;;;55,89;12;0;0;0
2547538;;;61,82;12;0;0;0
2547539;;;60,24;12;0;0;0
2547540;;;55,90;12;0;0;0
2547541;;;60,24;12;0;0;0
2547918;;;51,38;12;0;0;0
2547919;;;51,38;12;0;0;0
2547926;;;68,90;12;0;0;0
2547931;;;63,17;12;0;0;0
2548403;;;18,62;12;0;0;0
2548404;;;21,19;12;0;0;0
2548405;;;26,15;12;0;0;0
2548526;;;28,23;12;0;0;0
2548926;;;107,12;12;0;0;0
2549355;;;12,99;12;0;0;0
2551501;;;25,68;12;0;0;0
2552966;;;79,50;12;0;0;0
2562820;;;60,09;12;0;0;0
2563565;;;20,80;12;0;0;0
2601433;;;29,53;12;0;0;0
2635581;;;25,51;12;0;0;0
2643285;;;39,22;12;0;0;0
2651836;;;20,94;12;0;0;0
2652376;;;39,25;12;0;0;0
2652426;;;28,79;12;0;0;0
2653174;;;44,95;12;0;0;0
2653937;;;32,73;12;0;0;0
2657926;;;49,06;12;0;0;0
2658934;;;19,89;12;0;0;0
2659766;;;66,19;12;0;0;0
2660645;;;14,03;12;0;0;0
2660647;;;32,73;12;0;0;0
2660653;;;84,20;12;0;0;0
2664065;;;70,15;12;0;0;0
2664154;;;23,38;12;0;0;0
2664174;;;32,73;12;0;0;0
2664182;;;17,08;12;0;0;0
2664183;;;17,08;12;0;0;0
2664207;;;46,77;12;0;0;0
2664228;;;14,03;12;0;0;0
2664229;;;14,03;12;0;0;0
2664244;;;37,41;12;0;0;0
2666608;;;32,73;12;0;0;0
2666713;;;18,71;12;0;0;0
2667102;;;16,37;12;0;0;0
2667343;;;19,42;12;0;0;0
2668051;;;21,04;12;0;0;0
2668302;;;19,42;12;0;0;0
2669797;;;79,64;12;0;0;0
2670378;;;32,00;12;0;0;0
2671316;;;61,02;12;0;0;0
9999;;;25,13;12;0;0;0
9999-A;;P;25,13;12;0;0;0
9999-B;;M;25,13;12;0;0;0
9999-C;;G;25,13;12;0;0;0
Kit1;;;25,13;12;0;0;0
PRESENTE;;;25,13;12;0;0;0
PRESENTE01;;;25,13;12;0;0;0
kit1;;;25,13;12;0;0;0
